Loading required package: Matrix
Warning message:
In asMethod(object) :
  sparse->dense coercion: allocating vector of size 8.8 GiB
Loading required package: bigmemory
Loading required package: foreach
Loading required package: iterators
Loading required package: parallel
[1] 1
Iteration:  1 . Objective= -13405159 
[1] 1
[1] 1
[1] 31.15734
[1] 1962.522
[1] 2
Iteration:  2 . Objective= -11119999 
[1] 2
[1] 1
[1] 35.2408
[1] 12877.44
[1] 3
Iteration:  3 . Objective= -10416474 
[1] 3
[1] 1.05
[1] 40.31459
[1] 12234.61
[1] 4
Iteration:  4 . Objective= -9892772 
[1] 4
[1] 1.1025
[1] 46.19137
[1] 6925.643
[1] 5
Iteration:  5 . Objective= -9207224 
[1] 5
[1] 1.157625
[1] 55.5533
[1] 4378.512
[1] 6
Iteration:  6 . Objective= -8208701 
[1] 6
[1] 1.215506
[1] 67.53839
[1] 4813.539
[1] 7
Iteration:  7 . Objective= -7160666 
[1] 7
[1] 1.276282
[1] 80.15782
[1] 6461.684
[1] 8
Iteration:  8 . Objective= -6253950 
[1] 8
[1] 1.340096
[1] 92.61253
[1] 6811.113
[1] 9
Iteration:  9 . Objective= -5469529 
[1] 9
[1] 1.4071
[1] 104.9282
[1] 6095.315
[1] 10
Iteration:  10 . Objective= -4751859 
[1] 10
[1] 1.477455
[1] 117.4532
[1] 5061.2
[1] 11
Iteration:  11 . Objective= -4048346 
[1] 11
[1] 1.551328
[1] 129.7199
[1] 5633.014
[1] 12
Iteration:  12 . Objective= -3402144 
[1] 12
[1] 1.628895
[1] 141.4217
[1] 6311.885
[1] 13
Iteration:  13 . Objective= -2829782 
[1] 13
[1] 1.710339
[1] 152.6172
[1] 5978.548
[1] 14
Iteration:  14 . Objective= -2304365 
[1] 14
[1] 1.795856
[1] 163.4479
[1] 5369.561
[1] 15
Iteration:  15 . Objective= -1802831 
[1] 15
[1] 1.885649
[1] 173.8592
[1] 5586.94
[1] 16
Iteration:  16 . Objective= -1335956 
[1] 16
[1] 1.979932
[1] 183.772
[1] 6100.52
[1] 17
Iteration:  17 . Objective= -909013.6 
[1] 17
[1] 2.078928
[1] 193.2583
[1] 5881.658
[1] 18
Iteration:  18 . Objective= -506742 
[1] 18
[1] 2.182875
[1] 202.4465
[1] 5460.951
[1] 19
Iteration:  19 . Objective= -116323.4 
[1] 19
[1] 2.292018
[1] 211.3684
[1] 5754.056
[1] 20
Iteration:  20 . Objective= 253843.4 
[1] 20
[1] 2.406619
[1] 220.0698
[1] 6025.651
[1] 21
Iteration:  21 . Objective= 601390.6 
[1] 21
[1] 2.52695
[1] 228.6871
[1] 5657.12
[1] 22
Iteration:  22 . Objective= 936941.6 
[1] 22
[1] 2.653298
[1] 237.31
[1] 5600.416
[1] 23
Iteration:  23 . Objective= 1262497 
[1] 23
[1] 2.785963
[1] 245.9512
[1] 5967.759
[1] 24
Iteration:  24 . Objective= 1573164 
[1] 24
[1] 2.925261
[1] 254.6933
[1] 5769.086
[1] 25
Iteration:  25 . Objective= 1874152 
[1] 25
[1] 3.071524
[1] 265.7932
[1] 5597.363
[1] 26
Iteration:  26 . Objective= 2168693 
[1] 26
[1] 3.2251
[1] 279.9789
[1] 5943.822
[1] 27
Iteration:  27 . Objective= 2451701 
[1] 27
[1] 3.386355
[1] 294.5188
[1] 5754.896
[1] 28
Iteration:  28 . Objective= 2726618 
[1] 28
[1] 3.555673
[1] 309.5099
[1] 5633.556
[1] 29
Iteration:  29 . Objective= 2995920 
[1] 29
[1] 3.733456
[1] 324.9396
[1] 5947.584
[1] 30
Iteration:  30 . Objective= 3257199 
[1] 30
[1] 3.920129
[1] 340.982
[1] 5665.088
[1] 31
Iteration:  31 . Objective= 3514779 
[1] 31
[1] 4.116136
[1] 357.7198
[1] 5748.647
[1] 32
Iteration:  32 . Objective= 3768343 
[1] 32
[1] 4.321942
[1] 375.2192
[1] 5884.233
[1] 33
Iteration:  33 . Objective= 4018151 
[1] 33
[1] 4.538039
[1] 393.668
[1] 5622.119
[1] 34
Iteration:  34 . Objective= 4267937 
[1] 34
[1] 4.764941
[1] 413.0543
[1] 5915.084
[1] 35
Iteration:  35 . Objective= 4515475 
[1] 35
[1] 5.003189
[1] 433.5247
[1] 5689.346
[1] 36
Iteration:  36 . Objective= 4763354 
[1] 36
[1] 5.253348
[1] 455.0914
[1] 5785.749
[1] 37
Iteration:  37 . Objective= 5011059 
[1] 37
[1] 5.516015
[1] 477.7685
[1] 5821.138
[1] 38
Iteration:  38 . Objective= 5258844 
[1] 38
[1] 5.791816
[1] 501.6319
[1] 5673.69
[1] 39
Iteration:  39 . Objective= 5508009 
[1] 39
[1] 6.081407
[1] 526.5946
[1] 5899.09
[1] 40
Iteration:  40 . Objective= 5756971 
[1] 40
[1] 6.385477
[1] 552.7758
[1] 5634.616
[1] 41
Iteration:  41 . Objective= 6007878 
[1] 41
[1] 6.704751
[1] 580.0485
[1] 5924.804
[1] 42
Iteration:  42 . Objective= 6258425 
[1] 42
[1] 7.039989
[1] 608.5495
[1] 5637.844
[1] 43
Iteration:  43 . Objective= 6510964 
[1] 43
[1] 7.391988
[1] 638.1516
[1] 5920.322
[1] 44
Iteration:  44 . Objective= 6763333 
[1] 44
[1] 7.761588
[1] 668.9869
[1] 5665.566
[1] 45
Iteration:  45 . Objective= 7017126 
[1] 45
[1] 8.149667
[1] 700.9384
[1] 5923.066
[1] 46
Iteration:  46 . Objective= 7270446 
[1] 46
[1] 8.55715
[1] 734.1392
[1] 5682.296
[1] 47
Iteration:  47 . Objective= 7525052 
[1] 47
[1] 8.985008
[1] 768.4516
[1] 5977.236
[1] 48
Iteration:  48 . Objective= 7779268 
[1] 48
[1] 9.434258
[1] 804.0431
[1] 5679.64
[1] 49
Iteration:  49 . Objective= 8034775 
[1] 49
[1] 9.905971
[1] 840.7083
[1] 6109.26
[1] 50
Iteration:  50 . Objective= 8289249 
[1] 50
[1] 10.40127
[1] 878.7051
[1] 5650.846
[1] 51
Iteration:  51 . Objective= 8545422 
[1] 51
[1] 10.92133
[1] 917.6748
[1] 6388.328
[1] 52
Iteration:  52 . Objective= 8799137 
[1] 52
[1] 11.4674
[1] 958.0492
[1] 5601.229
[1] 53
Iteration:  53 . Objective= 9054888 
[1] 53
[1] 12.04077
[1] 999.2143
[1] 6896.74
[1] 54
Iteration:  54 . Objective= 9306376 
[1] 54
[1] 12.64281
[1] 1041.869
[1] 5553.397
[1] 55
Iteration:  55 . Objective= 9560631 
[1] 55
[1] 13.27495
[1] 1085.143
[1] 7446.363
[1] 56
Iteration:  56 . Objective= 9809299 
[1] 56
[1] 13.9387
[1] 1129.952
[1] 5579.737
[1] 57
Iteration:  57 . Objective= 10061100 
[1] 57
[1] 14.63563
[1] 1175.426
[1] 7434.583
[1] 58
Iteration:  58 . Objective= 10307946 
[1] 58
[1] 15.36741
[1] 1222.439
[1] 5673.403
[1] 59
Iteration:  59 . Objective= 10557644 
[1] 59
[1] 16.13578
[1] 1270.316
[1] 7045.352
[1] 60
Iteration:  60 . Objective= 10803955 
[1] 60
[1] 16.94257
[1] 1319.748
[1] 5748.531
[1] 61
Iteration:  61 . Objective= 11051969 
[1] 61
[1] 17.7897
[1] 1370.168
[1] 6874.61
[1] 62
Iteration:  62 . Objective= 11294163 
[1] 62
[1] 18.67919
[1] 1422.212
[1] 5749.793
[1] 63
Iteration:  63 . Objective= 11546606 
[1] 63
[1] 19.61315
[1] 1475.225
[1] 7049.568
[1] 64
Iteration:  64 . Objective= 11768643 
[1] 64
[1] 20.5938
[1] 1526.828
[1] 31789.82
[1] 65
Iteration:  65 . Objective= 12001930 
[1] 65
[1] 21.62349
[1] 1580.076
[1] 5965.313
[1] 66
Iteration:  66 . Objective= 12207506 
[1] 66
[1] 22.70467
[1] 1632.901
[1] 13707.49
[1] 67
Iteration:  67 . Objective= 12429177 
[1] 67
[1] 23.8399
[1] 1687.593
[1] 5810.943
[1] 68
Iteration:  68 . Objective= 12505165 
[1] 68
[1] 25.0319
[1] 1740.45
[1] 104697.5
[1] 69
Iteration:  69 . Objective= 12532961 
[1] 69
[1] 26.28349
[1] 1791.505
[1] 114467.7
[1] 70
Iteration:  70 . Objective= 12952055 
[1] 70
[1] 27.59766
[1] 1841.339
[1] 32287.57
[1] 71
Iteration:  71 . Objective= 13116569 
[1] 71
[1] 28.97755
[1] 1892.342
[1] 7813.974
[1] 72
Iteration:  72 . Objective= 13233339 
[1] 72
[1] 30.42643
[1] 1943.687
[1] 10971.59
[1] 73
Iteration:  73 . Objective= 13327912 
[1] 73
[1] 31.94775
[1] 1993.457
[1] 82390.24
[1] 74
Iteration:  74 . Objective= 13411988 
[1] 74
[1] 33.54513
[1] 2042.325
[1] 26438.1
[1] 75
Iteration:  75 . Objective= 13635434 
[1] 75
[1] 35.22239
[1] 2093.82
[1] 5750.75
[1] 76
[1] 77
Iteration:  77 . Objective= 13635434 
[1] 77
[1] 18.49176
[1] 2044.504
[1] 5750.75
[1] 78
Iteration:  78 . Objective= 13714206 
[1] 78
[1] 19.41634
[1] 2047.165
[1] 21493.44
[1] 79
[1] 80
Iteration:  80 . Objective= 13714206 
[1] 80
[1] 10.19358
[1] 2044.75
[1] 21493.44
[1] 81
Iteration:  81 . Objective= 13817921 
[1] 81
[1] 10.70326
[1] 2045.946
[1] 7282.282
[1] 82
Iteration:  82 . Objective= 13838527 
[1] 82
[1] 11.23842
[1] 2048.01
[1] 7819.573
[1] 83
[1] 84
Iteration:  84 . Objective= 13838527 
[1] 84
[1] 5.900172
[1] 2046.375
[1] 7819.573
[1] 85
Iteration:  85 . Objective= 13898346 
[1] 85
[1] 6.19518
[1] 2047.575
[1] 4987.442
[1] 86
[1] 87
Iteration:  87 . Objective= 13898346 
[1] 87
[1] 3.25247
[1] 2046.739
[1] 4987.442
[1] 88
Iteration:  88 . Objective= 13914117 
[1] 88
[1] 3.415093
[1] 2047.436
[1] 5484.61
[1] 89
Iteration:  89 . Objective= 13929790 
[1] 89
[1] 3.585848
[1] 2048.404
[1] 6542.418
[1] 90
Iteration:  90 . Objective= 13934209 
[1] 90
[1] 3.76514
[1] 2049.527
[1] 9482.859
[1] 91
Iteration:  91 . Objective= 13940754 
[1] 91
[1] 3.953397
[1] 2050.726
[1] 13419.74
[1] 92
Iteration:  92 . Objective= 13967998 
[1] 92
[1] 4.151067
[1] 2052.169
[1] 7818.881
[1] 93
Iteration:  93 . Objective= 13993082 
[1] 93
[1] 4.35862
[1] 2053.973
[1] 6203.886
[1] 94
[1] 95
Iteration:  95 . Objective= 13993082 
[1] 95
[1] 2.288276
[1] 2052.333
[1] 6203.886
[1] 96
Iteration:  96 . Objective= 13996256 
[1] 96
[1] 2.402689
[1] 2052.676
[1] 6069.204
[1] 97
Iteration:  97 . Objective= 14000412 
[1] 97
[1] 2.522824
[1] 2053.218
[1] 5844.718
[1] 98
Iteration:  98 . Objective= 14003865 
[1] 98
[1] 2.648965
[1] 2053.97
[1] 5840.87
[1] 99
Iteration:  99 . Objective= 14008179 
[1] 99
[1] 2.781413
[1] 2054.932
[1] 6042.455
[1] 100
Iteration:  100 . Objective= 14015478 
[1] 100
[1] 2.920484
[1] 2056.108
[1] 6168.084
[1] 101
Iteration:  101 . Objective= 14024217 
[1] 101
[1] 3.066508
[1] 2057.511
[1] 6165.367
[1] 102
Iteration:  102 . Objective= 14034118 
[1] 102
[1] 3.219834
[1] 2059.162
[1] 6023.57
[1] 103
Iteration:  103 . Objective= 14045641 
[1] 103
[1] 3.380825
[1] 2061.085
[1] 5868.99
[1] 104
Iteration:  104 . Objective= 14058817 
[1] 104
[1] 3.549867
[1] 2063.283
[1] 6047.884
[1] 105
Iteration:  105 . Objective= 14072865 
[1] 105
[1] 3.72736
[1] 2065.769
[1] 6084.452
[1] 106
Iteration:  106 . Objective= 14088395 
[1] 106
[1] 3.913728
[1] 2068.571
[1] 5958.479
[1] 107
Iteration:  107 . Objective= 14106926 
[1] 107
[1] 4.109414
[1] 2071.727
[1] 5738.288
[1] 108
Iteration:  108 . Objective= 14125837 
[1] 108
[1] 4.314885
[1] 2075.244
[1] 5876.652
[1] 109
Iteration:  109 . Objective= 14146018 
[1] 109
[1] 4.530629
[1] 2079.119
[1] 6159.002
[1] 110
Iteration:  110 . Objective= 14168613 
[1] 110
[1] 4.757161
[1] 2083.365
[1] 6238.157
[1] 111
Iteration:  111 . Objective= 14193091 
[1] 111
[1] 4.995019
[1] 2088.025
[1] 6035.942
[1] 112
Iteration:  112 . Objective= 14218501 
[1] 112
[1] 5.24477
[1] 2093.133
[1] 5962.549
[1] 113
Iteration:  113 . Objective= 14246126 
[1] 113
[1] 5.507008
[1] 2098.709
[1] 6021.959
[1] 114
Iteration:  114 . Objective= 14274920 
[1] 114
[1] 5.782359
[1] 2104.797
[1] 5891.028
[1] 115
Iteration:  115 . Objective= 14306302 
[1] 115
[1] 6.071477
[1] 2111.46
[1] 5667.025
[1] 116
Iteration:  116 . Objective= 14340011 
[1] 116
[1] 6.37505
[1] 2118.671
[1] 6090.65
[1] 117
Iteration:  117 . Objective= 14374470 
[1] 117
[1] 6.693803
[1] 2126.441
[1] 6266.082
[1] 118
Iteration:  118 . Objective= 14411865 
[1] 118
[1] 7.028493
[1] 2134.844
[1] 5989.808
[1] 119
Iteration:  119 . Objective= 14451390 
[1] 119
[1] 7.379918
[1] 2143.92
[1] 5970.363
[1] 120
Iteration:  120 . Objective= 14492714 
[1] 120
[1] 7.748914
[1] 2153.71
[1] 5972.535
[1] 121
Iteration:  121 . Objective= 14536633 
[1] 121
[1] 8.136359
[1] 2164.292
[1] 5759.363
[1] 122
Iteration:  122 . Objective= 14583155 
[1] 122
[1] 8.543177
[1] 2175.65
[1] 6099.145
[1] 123
Iteration:  123 . Objective= 14632174 
[1] 123
[1] 8.970336
[1] 2187.806
[1] 6217.008
[1] 124
Iteration:  124 . Objective= 14683209 
[1] 124
[1] 9.418853
[1] 2200.89
[1] 5803.55
[1] 125
Iteration:  125 . Objective= 14738055 
[1] 125
[1] 9.889796
[1] 2214.91
[1] 5996.845
[1] 126
Iteration:  126 . Objective= 14794578 
[1] 126
[1] 10.38429
[1] 2229.943
[1] 5882.57
[1] 127
Iteration:  127 . Objective= 14854905 
[1] 127
[1] 10.9035
[1] 2246.019
[1] 5986.739
[1] 128
Iteration:  128 . Objective= 14918076 
[1] 128
[1] 11.44867
[1] 2263.165
[1] 6102.821
[1] 129
Iteration:  129 . Objective= 14984188 
[1] 129
[1] 12.02111
[1] 2281.516
[1] 5800.617
[1] 130
Iteration:  130 . Objective= 15053816 
[1] 130
[1] 12.62216
[1] 2301.078
[1] 5988.662
[1] 131
Iteration:  131 . Objective= 15126501 
[1] 131
[1] 13.25327
[1] 2321.967
[1] 5805.55
[1] 132
Iteration:  132 . Objective= 15202921 
[1] 132
[1] 13.91594
[1] 2344.196
[1] 5962.914
[1] 133
Iteration:  133 . Objective= 15282341 
[1] 133
[1] 14.61173
[1] 2367.851
[1] 5884.385
[1] 134
Iteration:  134 . Objective= 15365197 
[1] 134
[1] 15.34232
[1] 2392.984
[1] 5922.311
[1] 135
Iteration:  135 . Objective= 15452668 
[1] 135
[1] 16.10943
[1] 2419.68
[1] 5867.72
[1] 136
Iteration:  136 . Objective= 15541051 
[1] 136
[1] 16.91491
[1] 2447.483
[1] 7718.579
[1] 137
Iteration:  137 . Objective= 15632650 
[1] 137
[1] 17.76065
[1] 2476.944
[1] 5975.676
[1] 138
Iteration:  138 . Objective= 15728919 
[1] 138
[1] 18.64868
[1] 2508.181
[1] 5841.383
[1] 139
Iteration:  139 . Objective= 15824754 
[1] 139
[1] 19.58112
[1] 2540.049
[1] 11556.85
[1] 140
Iteration:  140 . Objective= 15927668 
[1] 140
[1] 20.56017
[1] 2573.837
[1] 5841.633
[1] 141
Iteration:  141 . Objective= 16029967 
[1] 141
[1] 21.58818
[1] 2609.485
[1] 6129.515
[1] 142
Iteration:  142 . Objective= 16131309 
[1] 142
[1] 22.66759
[1] 2645.641
[1] 13473.32
[1] 143
Iteration:  143 . Objective= 16238476 
[1] 143
[1] 23.80097
[1] 2683.901
[1] 5881.863
[1] 144
Iteration:  144 . Objective= 16342378 
[1] 144
[1] 24.99102
[1] 2724.167
[1] 6247.112
[1] 145
Iteration:  145 . Objective= 16451830 
[1] 145
[1] 26.24057
[1] 2764.965
[1] 13646.23
[1] 146
Iteration:  146 . Objective= 16557408 
[1] 146
[1] 27.5526
[1] 2806.586
[1] 11364.62
[1] 147
Iteration:  147 . Objective= 16650265 
[1] 147
[1] 28.93023
[1] 2850.349
[1] 6383.1
[1] 148
Iteration:  148 . Objective= 16757491 
[1] 148
[1] 30.37674
[1] 2896.422
[1] 6005.411
[1] 149
[1] 150
Iteration:  150 . Objective= 16757491 
[1] 150
[1] 15.94779
[1] 2851.87
[1] 6005.411
[1] 151
[1] 152
Iteration:  152 . Objective= 16757491 
[1] 152
[1] 8.372589
[1] 2851.099
[1] 6005.411
[1] 153
Iteration:  153 . Objective= 16785076 
[1] 153
[1] 8.791219
[1] 2852.637
[1] 6074.933
[1] 154
[1] 155
Iteration:  155 . Objective= 16785076 
[1] 155
[1] 4.61539
[1] 2851.472
[1] 6074.933
[1] 156
Iteration:  156 . Objective= 16791030 
[1] 156
[1] 4.846159
[1] 2852.253
[1] 5831.842
[1] 157
Iteration:  157 . Objective= 16795832 
[1] 157
[1] 5.088467
[1] 2853.461
[1] 5784.33
[1] 158
[1] 159
Iteration:  159 . Objective= 16795832 
[1] 159
[1] 2.671445
[1] 2852.437
[1] 5784.33
[1] 160
Iteration:  160 . Objective= 16797547 
[1] 160
[1] 2.805018
[1] 2852.818
[1] 5772.082
[1] 161
Iteration:  161 . Objective= 16799200 
[1] 161
[1] 2.945269
[1] 2853.405
[1] 5815.621
[1] 162
Iteration:  162 . Objective= 16799692 
[1] 162
[1] 3.092532
[1] 2854.204
[1] 5958.91
[1] 163
Iteration:  163 . Objective= 16800405 
[1] 163
[1] 3.247159
[1] 2855.223
[1] 6004.447
[1] 164
Iteration:  164 . Objective= 16803668 
[1] 164
[1] 3.409517
[1] 2856.48
[1] 5923.223
[1] 165
Iteration:  165 . Objective= 16807311 
[1] 165
[1] 3.579992
[1] 2857.998
[1] 5761.263
[1] 166
Iteration:  166 . Objective= 16809757 
[1] 166
[1] 3.758992
[1] 2859.789
[1] 5779.071
[1] 167
Iteration:  167 . Objective= 16813326 
[1] 167
[1] 3.946942
[1] 2861.867
[1] 5788.122
[1] 168
Iteration:  168 . Objective= 16819087 
[1] 168
[1] 4.144289
[1] 2864.25
[1] 5780.814
[1] 169
Iteration:  169 . Objective= 16824859 
[1] 169
[1] 4.351503
[1] 2866.948
[1] 5856.286
[1] 170
Iteration:  170 . Objective= 16829928 
[1] 170
[1] 4.569078
[1] 2869.971
[1] 5974.118
[1] 171
Iteration:  171 . Objective= 16837105 
[1] 171
[1] 4.797532
[1] 2873.339
[1] 5939.485
[1] 172
Iteration:  172 . Objective= 16845963 
[1] 172
[1] 5.037409
[1] 2877.083
[1] 5775.735
[1] 173
Iteration:  173 . Objective= 16853707 
[1] 173
[1] 5.289279
[1] 2881.224
[1] 5764.806
[1] 174
Iteration:  174 . Objective= 16862970 
[1] 174
[1] 5.553743
[1] 2885.781
[1] 5769.732
[1] 175
Iteration:  175 . Objective= 16874457 
[1] 175
[1] 5.83143
[1] 2890.778
[1] 5763.575
[1] 176
Iteration:  176 . Objective= 16885663 
[1] 176
[1] 6.123002
[1] 2896.221
[1] 5931.209
[1] 177
Iteration:  177 . Objective= 16898016 
[1] 177
[1] 6.429152
[1] 2902.132
[1] 5940.072
[1] 178
Iteration:  178 . Objective= 16912632 
[1] 178
[1] 6.750609
[1] 2908.554
[1] 5777.152
[1] 179
Iteration:  179 . Objective= 16926806 
[1] 179
[1] 7.08814
[1] 2915.51
[1] 5781.646
[1] 180
Iteration:  180 . Objective= 16943359 
[1] 180
[1] 7.442547
[1] 2923.029
[1] 5771.05
[1] 181
Iteration:  181 . Objective= 16961431 
[1] 181
[1] 7.814674
[1] 2931.129
[1] 5851.005
[1] 182
Iteration:  182 . Objective= 16979645 
[1] 182
[1] 8.205408
[1] 2939.832
[1] 5928.907
[1] 183
Iteration:  183 . Objective= 17000946 
[1] 183
[1] 8.615678
[1] 2949.184
[1] 5788.84
[1] 184
Iteration:  184 . Objective= 17022392 
[1] 184
[1] 9.046462
[1] 2959.216
[1] 5781.961
[1] 185
Iteration:  185 . Objective= 17046294 
[1] 185
[1] 9.498785
[1] 2969.962
[1] 5784.107
[1] 186
Iteration:  186 . Objective= 17071650 
[1] 186
[1] 9.973725
[1] 2981.439
[1] 5902.638
[1] 187
Iteration:  187 . Objective= 17098556 
[1] 187
[1] 10.47241
[1] 2993.686
[1] 5882.04
[1] 188
Iteration:  188 . Objective= 17127825 
[1] 188
[1] 10.99603
[1] 3006.757
[1] 5757.295
[1] 189
Iteration:  189 . Objective= 17158314 
[1] 189
[1] 11.54583
[1] 3020.687
[1] 5774.833
[1] 190
Iteration:  190 . Objective= 17191559 
[1] 190
[1] 12.12312
[1] 3035.5
[1] 5875.96
[1] 191
Iteration:  191 . Objective= 17226155 
[1] 191
[1] 12.72928
[1] 3051.233
[1] 5878.356
[1] 192
Iteration:  192 . Objective= 17263352 
[1] 192
[1] 13.36574
[1] 3067.949
[1] 5765.507
[1] 193
Iteration:  193 . Objective= 17302632 
[1] 193
[1] 14.03403
[1] 3085.691
[1] 5769.445
[1] 194
Iteration:  194 . Objective= 17344054 
[1] 194
[1] 14.73573
[1] 3104.476
[1] 5905.035
[1] 195
Iteration:  195 . Objective= 17387956 
[1] 195
[1] 15.47252
[1] 3124.382
[1] 5754.101
[1] 196
Iteration:  196 . Objective= 17433720 
[1] 196
[1] 16.24615
[1] 3145.446
[1] 5777.436
[1] 197
Iteration:  197 . Objective= 17482555 
[1] 197
[1] 17.05845
[1] 3167.69
[1] 5904.964
[1] 198
Iteration:  198 . Objective= 17533451 
[1] 198
[1] 17.91138
[1] 3191.192
[1] 5780.72
[1] 199
Iteration:  199 . Objective= 17586539 
[1] 199
[1] 18.80695
[1] 3216.003
[1] 5768.149
[1] 200
Iteration:  200 . Objective= 17642761 
[1] 200
[1] 19.74729
[1] 3242.132
[1] 5931.733
[1] 201
Iteration:  201 . Objective= 17700678 
[1] 201
[1] 20.73466
[1] 3269.537
[1] 6240.684
[1] 202
Iteration:  202 . Objective= 17759737 
[1] 202
[1] 21.77139
[1] 3298.408
[1] 5768.954
[1] 203
Iteration:  203 . Objective= 17822404 
[1] 203
[1] 22.85996
[1] 3328.749
[1] 5949.807
[1] 204
Iteration:  204 . Objective= 17885211 
[1] 204
[1] 24.00296
[1] 3359.678
[1] 11175.08
[1] 205
Iteration:  205 . Objective= 17952613 
[1] 205
[1] 25.20311
[1] 3391.683
[1] 7863.769
[1] 206
Iteration:  206 . Objective= 18012476 
[1] 206
[1] 26.46326
[1] 3425.256
[1] 6197.288
[1] 207
Iteration:  207 . Objective= 18074970 
[1] 207
[1] 27.78642
[1] 3460.207
[1] 6859.287
[1] 208
Iteration:  208 . Objective= 18136821 
[1] 208
[1] 29.17575
[1] 3495.802
[1] 11924.32
[1] 209
Iteration:  209 . Objective= 18227106 
[1] 209
[1] 30.63453
[1] 3533.191
[1] 6035.127
[1] 210
Iteration:  210 . Objective= 18245326 
[1] 210
[1] 32.16626
[1] 3571.298
[1] 11129.77
[1] 211
Iteration:  211 . Objective= 18365120 
[1] 211
[1] 33.77457
[1] 3610.349
[1] 10111.64
[1] 212
Iteration:  212 . Objective= 18426958 
[1] 212
[1] 35.4633
[1] 3650.937
[1] 7392.821
[1] 213
[1] 214
Iteration:  214 . Objective= 18426958 
[1] 214
[1] 18.61823
[1] 3611.332
[1] 7392.821
[1] 215
[1] 216
Iteration:  216 . Objective= 18426958 
[1] 216
[1] 9.774572
[1] 3610.818
[1] 7392.821
[1] 217
Iteration:  217 . Objective= 18447098 
[1] 217
[1] 10.2633
[1] 3611.93
[1] 5771.181
[1] 218
[1] 219
Iteration:  219 . Objective= 18447098 
[1] 219
[1] 5.388233
[1] 3611.111
[1] 5771.181
[1] 220
Iteration:  220 . Objective= 18452993 
[1] 220
[1] 5.657645
[1] 3611.716
[1] 5767.364
[1] 221
Iteration:  221 . Objective= 18457580 
[1] 221
[1] 5.940527
[1] 3612.635
[1] 5987.158
[1] 222
[1] 223
Iteration:  223 . Objective= 18457580 
[1] 223
[1] 3.118777
[1] 3611.838
[1] 5987.158
[1] 224
Iteration:  224 . Objective= 18458715 
[1] 224
[1] 3.274715
[1] 3612.094
[1] 5877.239
[1] 225
Iteration:  225 . Objective= 18459387 
[1] 225
[1] 3.438451
[1] 3612.5
[1] 5759.581
[1] 226
[1] 227
Iteration:  227 . Objective= 18459387 
[1] 227
[1] 1.805187
[1] 3612.127
[1] 5759.581
[1] 228
Iteration:  228 . Objective= 18459413 
[1] 228
[1] 1.895446
[1] 3612.198
[1] 5758.651
[1] 229
Iteration:  229 . Objective= 18459433 
[1] 229
[1] 1.990219
[1] 3612.315
[1] 5759.151
[1] 230
[1] 231
Iteration:  231 . Objective= 18459433 
[1] 231
[1] 1.05
[1] 3612.175
[1] 5759.151
[1] 232
[1] 233
Iteration:  233 . Objective= 18459433 
[1] 233
[1] 1.05
[1] 3612.175
[1] 5759.151
[1] 234
[1] 235
Iteration:  235 . Objective= 18459433 
[1] 235
[1] 1.05
[1] 3612.175
[1] 5759.151
[1] 236
[1] 237
Iteration:  237 . Objective= 18459433 
[1] 237
[1] 1.05
[1] 3612.175
[1] 5759.151
[1] 238
[1] 239
Iteration:  239 . Objective= 18459433 
[1] 239
[1] 1.05
[1] 3612.175
[1] 5759.151
[1] 240
[1] 241
Iteration:  241 . Objective= 18459433 
[1] 241
[1] 1.05
[1] 3612.175
[1] 5759.151
[1] 242
[1] 243
Iteration:  243 . Objective= 18459433 
[1] 243
[1] 1.05
[1] 3612.175
[1] 5759.151
[1] 244
[1] 245
Iteration:  245 . Objective= 18459433 
[1] 245
[1] 1.05
[1] 3612.175
[1] 5759.151
[1] 246
[1] 247
Iteration:  247 . Objective= 18459433 
[1] 247
[1] 1.05
[1] 3612.175
[1] 5759.151
[1] 248
[1] 249
Iteration:  249 . Objective= 18459433 
[1] 249
[1] 1.05
[1] 3612.175
[1] 5759.151
[1] 250
        1         2         3         4         5         6         7         8 
3612.1754 2569.7978 1729.9155 1662.2326 1291.0360 1073.1338  957.7785  921.8825 
        9        10        11        12        13        14        15        16 
 871.7665  747.2296  686.0250  640.1331  611.3284  578.1969  565.4618  541.1403 
       17        18        19        20 
 494.0769  472.4640  333.8084  246.4993 
For users of newer versions (1.0.1+): the `scores` matrix now contains factor scores, the `V` matrix is UNSCALED scores.
[1] 1
Iteration:  1 . Objective= -96099.25 
[1] 1
[1] 1
[1] 24.50602
[1] 2052.058
[1] 2
Iteration:  2 . Objective= -60457.77 
[1] 2
[1] 1
[1] 24.57305
[1] 3266.312
[1] 3
Iteration:  3 . Objective= -38966.03 
[1] 3
[1] 1.05
[1] 24.64913
[1] 3456.16
[1] 4
Iteration:  4 . Objective= -19767.09 
[1] 4
[1] 1.1025
[1] 24.76195
[1] 3174.369
[1] 5
Iteration:  5 . Objective= 179.488 
[1] 5
[1] 1.157625
[1] 24.92232
[1] 2906.296
[1] 6
Iteration:  6 . Objective= 21449.02 
[1] 6
[1] 1.215506
[1] 25.11515
[1] 2939.113
[1] 7
Iteration:  7 . Objective= 42305.07 
[1] 7
[1] 1.276282
[1] 25.33669
[1] 3093.936
[1] 8
Iteration:  8 . Objective= 60730.77 
[1] 8
[1] 1.340096
[1] 25.61139
[1] 3151.869
[1] 9
Iteration:  9 . Objective= 76405.99 
[1] 9
[1] 1.4071
[1] 25.97353
[1] 3077.332
[1] 10
Iteration:  10 . Objective= 90548.22 
[1] 10
[1] 1.477455
[1] 26.45021
[1] 3005.901
[1] 11
Iteration:  11 . Objective= 103823 
[1] 11
[1] 1.551328
[1] 27.05586
[1] 3028.342
[1] 12
Iteration:  12 . Objective= 115979.3 
[1] 12
[1] 1.628895
[1] 27.79556
[1] 3088.319
[1] 13
Iteration:  13 . Objective= 126900.8 
[1] 13
[1] 1.710339
[1] 28.68146
[1] 3087.484
[1] 14
Iteration:  14 . Objective= 137157.6 
[1] 14
[1] 1.795856
[1] 29.74455
[1] 3037.463
[1] 15
Iteration:  15 . Objective= 147122.8 
[1] 15
[1] 1.885649
[1] 31.01667
[1] 3027.437
[1] 16
Iteration:  16 . Objective= 156445.1 
[1] 16
[1] 1.979932
[1] 32.50095
[1] 3067.333
[1] 17
Iteration:  17 . Objective= 164960.9 
[1] 17
[1] 2.078928
[1] 34.17762
[1] 3078.151
[1] 18
Iteration:  18 . Objective= 172938.3 
[1] 18
[1] 2.182875
[1] 36.02418
[1] 3044.323
[1] 19
Iteration:  19 . Objective= 180678.5 
[1] 19
[1] 2.292018
[1] 38.01846
[1] 3038.35
[1] 20
Iteration:  20 . Objective= 188319.4 
[1] 20
[1] 2.406619
[1] 40.14345
[1] 3068.743
[1] 21
Iteration:  21 . Objective= 195728.4 
[1] 21
[1] 2.52695
[1] 42.39235
[1] 3064.478
[1] 22
Iteration:  22 . Objective= 202833.3 
[1] 22
[1] 2.653298
[1] 44.7615
[1] 3035.198
[1] 23
Iteration:  23 . Objective= 209800.2 
[1] 23
[1] 2.785963
[1] 47.24366
[1] 3049.878
[1] 24
Iteration:  24 . Objective= 216702.9 
[1] 24
[1] 2.925261
[1] 49.83728
[1] 3071.298
[1] 25
Iteration:  25 . Objective= 223460.7 
[1] 25
[1] 3.071524
[1] 52.55379
[1] 3043.795
[1] 26
Iteration:  26 . Objective= 230067.5 
[1] 26
[1] 3.2251
[1] 55.40415
[1] 3034.014
[1] 27
Iteration:  27 . Objective= 236546.5 
[1] 27
[1] 3.386355
[1] 58.39275
[1] 3061.581
[1] 28
Iteration:  28 . Objective= 242922.5 
[1] 28
[1] 3.555673
[1] 61.53242
[1] 3044.562
[1] 29
Iteration:  29 . Objective= 249253.4 
[1] 29
[1] 3.733456
[1] 64.8411
[1] 3023.144
[1] 30
Iteration:  30 . Objective= 255574 
[1] 30
[1] 3.920129
[1] 68.33043
[1] 3051.631
[1] 31
Iteration:  31 . Objective= 261917 
[1] 31
[1] 4.116136
[1] 72.0149
[1] 3042.257
[1] 32
Iteration:  32 . Objective= 268336.6 
[1] 32
[1] 4.321942
[1] 75.90468
[1] 3023.319
[1] 33
Iteration:  33 . Objective= 274821.8 
[1] 33
[1] 4.538039
[1] 79.99681
[1] 3052.019
[1] 34
Iteration:  34 . Objective= 281312.5 
[1] 34
[1] 4.764941
[1] 84.29503
[1] 3036.424
[1] 35
Iteration:  35 . Objective= 287826 
[1] 35
[1] 5.003189
[1] 88.8009
[1] 3032.925
[1] 36
Iteration:  36 . Objective= 294382.8 
[1] 36
[1] 5.253348
[1] 93.51184
[1] 3051.524
[1] 37
Iteration:  37 . Objective= 300970 
[1] 37
[1] 5.516015
[1] 98.43446
[1] 3026.076
[1] 38
Iteration:  38 . Objective= 307599.8 
[1] 38
[1] 5.791816
[1] 103.5684
[1] 3043.819
[1] 39
Iteration:  39 . Objective= 314278.8 
[1] 39
[1] 6.081407
[1] 108.922
[1] 3024.908
[1] 40
Iteration:  40 . Objective= 321006.1 
[1] 40
[1] 6.385477
[1] 114.4956
[1] 3046.262
[1] 41
Iteration:  41 . Objective= 327777.1 
[1] 41
[1] 6.704751
[1] 120.2998
[1] 3011.51
[1] 42
Iteration:  42 . Objective= 334609.9 
[1] 42
[1] 7.039989
[1] 126.3259
[1] 3059.953
[1] 43
Iteration:  43 . Objective= 341475.1 
[1] 43
[1] 7.391988
[1] 132.5905
[1] 2986.424
[1] 44
Iteration:  44 . Objective= 348398 
[1] 44
[1] 7.761588
[1] 139.0636
[1] 3129.138
[1] 45
Iteration:  45 . Objective= 355319.8 
[1] 45
[1] 8.149667
[1] 145.8157
[1] 2824.775
[1] 46
Iteration:  46 . Objective= 362267.9 
[1] 46
[1] 8.55715
[1] 152.6808
[1] 3671.376
[1] 47
Iteration:  47 . Objective= 368832.7 
[1] 47
[1] 8.985008
[1] 159.8751
[1] 2640.564
[1] 48
Iteration:  48 . Objective= 371092.7 
[1] 48
[1] 9.434258
[1] 166.8442
[1] 9219.268
[1] 49
Iteration:  49 . Objective= 381604.8 
[1] 49
[1] 9.905971
[1] 174.2105
[1] 2487.28
[1] 50
Iteration:  50 . Objective= 386330.4 
[1] 50
[1] 10.40127
[1] 181.4129
[1] 7506.918
[1] 51
Iteration:  51 . Objective= 393717.4 
[1] 51
[1] 10.92133
[1] 188.8005
[1] 3327.57
[1] 52
[1] 53
Iteration:  53 . Objective= 393717.4 
[1] 53
[1] 5.7337
[1] 181.6445
[1] 3327.57
[1] 54
[1] 55
Iteration:  55 . Objective= 393717.4 
[1] 55
[1] 3.010192
[1] 181.4864
[1] 3327.57
[1] 56
Iteration:  56 . Objective= 395672.6 
[1] 56
[1] 3.160702
[1] 181.6253
[1] 3748.655
[1] 57
[1] 58
Iteration:  58 . Objective= 395672.6 
[1] 58
[1] 1.659369
[1] 181.4747
[1] 3748.655
[1] 59
Iteration:  59 . Objective= 395815.7 
[1] 59
[1] 1.742337
[1] 181.4765
[1] 3057.787
[1] 60
[1] 61
        1         2         3         4         5         6         7         8 
181.47653 132.98524  91.83837  78.71190  66.21743  64.47458  56.14690  51.60996 
        9        10        11        12        13        14        15        16 
 46.18604  45.62992  40.84827  39.23547  36.48411  34.35971  30.32563  27.51823 
       17        18        19        20 
 24.67462  24.17944  22.97663  15.84047 
For users of newer versions (1.0.1+): the `scores` matrix now contains factor scores, the `V` matrix is UNSCALED scores.
Error in if (any(res$fitted.values < eps)) warning("fit_glm: fitted rates numerically 0 occurred",  : 
  missing value where TRUE/FALSE needed
In addition: Warning message:
fit_glm: algorithm did not converge 
For users of newer versions (1.0.1+): the `scores` matrix now contains factor scores.
[1] 8.673725e-05
[1] 1
Iteration:  1 . Objective= -115425 
[1] 1
[1] 1
[1] 42.79734
[1] 2532.522
[1] 2
Iteration:  2 . Objective= -82403.59 
[1] 2
[1] 1
[1] 42.84179
[1] 3470.567
[1] 3
Iteration:  3 . Objective= -58949.56 
[1] 3
[1] 1.05
[1] 42.85684
[1] 4357.894
[1] 4
Iteration:  4 . Objective= -39135.46 
[1] 4
[1] 1.1025
[1] 42.8694
[1] 4036.924
[1] 5
Iteration:  5 . Objective= -19211.12 
[1] 5
[1] 1.157625
[1] 42.89917
[1] 3537.744
[1] 6
Iteration:  6 . Objective= 1264.745 
[1] 6
[1] 1.215506
[1] 42.94929
[1] 3426.623
[1] 7
Iteration:  7 . Objective= 19943.99 
[1] 7
[1] 1.276282
[1] 43.01129
[1] 3631.647
[1] 8
Iteration:  8 . Objective= 36384.03 
[1] 8
[1] 1.340096
[1] 43.07942
[1] 3804.321
[1] 9
Iteration:  9 . Objective= 51765.79 
[1] 9
[1] 1.4071
[1] 43.15632
[1] 3771.664
[1] 10
Iteration:  10 . Objective= 66152.03 
[1] 10
[1] 1.477455
[1] 43.25111
[1] 3660.318
[1] 11
Iteration:  11 . Objective= 79142.41 
[1] 11
[1] 1.551328
[1] 43.37427
[1] 3635.908
[1] 12
Iteration:  12 . Objective= 90951.76 
[1] 12
[1] 1.628895
[1] 43.53487
[1] 3684.539
[1] 13
Iteration:  13 . Objective= 101713.8 
[1] 13
[1] 1.710339
[1] 43.7434
[1] 3691.126
[1] 14
Iteration:  14 . Objective= 111577.2 
[1] 14
[1] 1.795856
[1] 44.01423
[1] 3637.772
[1] 15
Iteration:  15 . Objective= 120785 
[1] 15
[1] 1.885649
[1] 44.36141
[1] 3616.901
[1] 16
Iteration:  16 . Objective= 129480.8 
[1] 16
[1] 1.979932
[1] 44.79125
[1] 3667.371
[1] 17
Iteration:  17 . Objective= 137767.3 
[1] 17
[1] 2.078928
[1] 45.30108
[1] 3710.33
[1] 18
Iteration:  18 . Objective= 145561.5 
[1] 18
[1] 2.182875
[1] 45.88524
[1] 3689.069
[1] 19
Iteration:  19 . Objective= 153024 
[1] 19
[1] 2.292018
[1] 46.54236
[1] 3660.954
[1] 20
Iteration:  20 . Objective= 160385 
[1] 20
[1] 2.406619
[1] 47.28019
[1] 3675.974
[1] 21
Iteration:  21 . Objective= 167457.5 
[1] 21
[1] 2.52695
[1] 48.11819
[1] 3686.802
[1] 22
Iteration:  22 . Objective= 174242.7 
[1] 22
[1] 2.653298
[1] 49.0816
[1] 3663.319
[1] 23
Iteration:  23 . Objective= 180923.9 
[1] 23
[1] 2.785963
[1] 50.18508
[1] 3660.374
[1] 24
Iteration:  24 . Objective= 187527.4 
[1] 24
[1] 2.925261
[1] 51.42785
[1] 3691.22
[1] 25
Iteration:  25 . Objective= 193919.7 
[1] 25
[1] 3.071524
[1] 52.81045
[1] 3690.972
[1] 26
Iteration:  26 . Objective= 200219.4 
[1] 26
[1] 3.2251
[1] 54.34915
[1] 3663.086
[1] 27
Iteration:  27 . Objective= 206485 
[1] 27
[1] 3.386355
[1] 56.06862
[1] 3667.674
[1] 28
Iteration:  28 . Objective= 212650 
[1] 28
[1] 3.555673
[1] 57.98434
[1] 3677.294
[1] 29
Iteration:  29 . Objective= 218863.1 
[1] 29
[1] 3.733456
[1] 60.10038
[1] 3659.155
[1] 30
Iteration:  30 . Objective= 225131.5 
[1] 30
[1] 3.920129
[1] 62.42441
[1] 3664.992
[1] 31
Iteration:  31 . Objective= 231345.6 
[1] 31
[1] 4.116136
[1] 64.98588
[1] 3677.823
[1] 32
Iteration:  32 . Objective= 237582.9 
[1] 32
[1] 4.321942
[1] 67.82874
[1] 3653.613
[1] 33
Iteration:  33 . Objective= 243852.4 
[1] 33
[1] 4.538039
[1] 70.97674
[1] 3657.532
[1] 34
Iteration:  34 . Objective= 250170.8 
[1] 34
[1] 4.764941
[1] 74.42621
[1] 3667.838
[1] 35
Iteration:  35 . Objective= 256561.3 
[1] 35
[1] 5.003189
[1] 78.16614
[1] 3644.442
[1] 36
Iteration:  36 . Objective= 263012 
[1] 36
[1] 5.253348
[1] 82.1812
[1] 3664.432
[1] 37
Iteration:  37 . Objective= 269514.3 
[1] 37
[1] 5.516015
[1] 86.46139
[1] 3657.78
[1] 38
Iteration:  38 . Objective= 276036.5 
[1] 38
[1] 5.791816
[1] 90.99657
[1] 3641.744
[1] 39
Iteration:  39 . Objective= 282605.3 
[1] 39
[1] 6.081407
[1] 95.77038
[1] 3668.068
[1] 40
Iteration:  40 . Objective= 289220.6 
[1] 40
[1] 6.385477
[1] 100.7791
[1] 3636.822
[1] 41
Iteration:  41 . Objective= 295881.8 
[1] 41
[1] 6.704751
[1] 106.0122
[1] 3667.173
[1] 42
Iteration:  42 . Objective= 302562 
[1] 42
[1] 7.039989
[1] 111.4696
[1] 3640.908
[1] 43
Iteration:  43 . Objective= 309267.7 
[1] 43
[1] 7.391988
[1] 117.1454
[1] 3651.65
[1] 44
Iteration:  44 . Objective= 315993.6 
[1] 44
[1] 7.761588
[1] 123.038
[1] 3652.406
[1] 45
Iteration:  45 . Objective= 322749.1 
[1] 45
[1] 8.149667
[1] 129.1504
[1] 3638.751
[1] 46
Iteration:  46 . Objective= 329527.4 
[1] 46
[1] 8.55715
[1] 135.4804
[1] 3656.705
[1] 47
Iteration:  47 . Objective= 336339.8 
[1] 47
[1] 8.985008
[1] 142.035
[1] 3625.411
[1] 48
Iteration:  48 . Objective= 343182.8 
[1] 48
[1] 9.434258
[1] 148.8076
[1] 3676.705
[1] 49
Iteration:  49 . Objective= 350041.8 
[1] 49
[1] 9.905971
[1] 155.8166
[1] 3594.662
[1] 50
Iteration:  50 . Objective= 356925.3 
[1] 50
[1] 10.40127
[1] 163.0404
[1] 3728.558
[1] 51
Iteration:  51 . Objective= 363806.9 
[1] 51
[1] 10.92133
[1] 170.5301
[1] 3471.946
[1] 52
Iteration:  52 . Objective= 370697.7 
[1] 52
[1] 11.4674
[1] 178.1872
[1] 4049.471
[1] 53
Iteration:  53 . Objective= 377336.5 
[1] 53
[1] 12.04077
[1] 186.2535
[1] 2916.395
[1] 54
Iteration:  54 . Objective= 380024.4 
[1] 54
[1] 12.64281
[1] 194.1335
[1] 9485.803
[1] 55
Iteration:  55 . Objective= 388830.6 
[1] 55
[1] 13.27495
[1] 202.512
[1] 2681.15
[1] 56
[1] 57
Iteration:  57 . Objective= 388830.6 
[1] 57
[1] 6.969348
[1] 194.5259
[1] 2681.15
[1] 58
[1] 59
Iteration:  59 . Objective= 388830.6 
[1] 59
[1] 3.658908
[1] 194.2918
[1] 2681.15
[1] 60
Iteration:  60 . Objective= 390591.8 
[1] 60
[1] 3.841853
[1] 194.4929
[1] 4938.525
[1] 61
[1] 62
Iteration:  62 . Objective= 390591.8 
[1] 62
[1] 2.016973
[1] 194.2705
[1] 4938.525
[1] 63
Iteration:  63 . Objective= 391229 
[1] 63
[1] 2.117822
[1] 194.252
[1] 3997.097
[1] 64
[1] 65
        1         2         3         4         5         6         7         8 
194.25196 147.01056 102.05159  90.14631  73.30546  68.15880  58.05607  50.80867 
        9        10        11        12        13        14        15        16 
 48.76715  43.49685  42.27026  40.82906  39.02761  34.77938  31.40465  29.68255 
       17        18        19        20 
 28.44470  27.84609  25.59989  16.98258 
For users of newer versions (1.0.1+): the `scores` matrix now contains factor scores, the `V` matrix is UNSCALED scores.
For users of newer versions (1.0.1+): the `scores` matrix now contains factor scores.
[1] 8.524035e-05
[1] 1
Iteration:  1 . Objective= -65363.54 
[1] 1
[1] 1
[1] 26.9383
[1] 1997.705
[1] 2
Iteration:  2 . Objective= -20136.11 
[1] 2
[1] 1
[1] 27.06118
[1] 3883.366
[1] 3
Iteration:  3 . Objective= 2458.775 
[1] 3
[1] 1.05
[1] 27.18439
[1] 4351.394
[1] 4
Iteration:  4 . Objective= 21319.1 
[1] 4
[1] 1.1025
[1] 27.3682
[1] 3741.124
[1] 5
Iteration:  5 . Objective= 40149.32 
[1] 5
[1] 1.157625
[1] 27.64453
[1] 3279.952
[1] 6
Iteration:  6 . Objective= 59132.39 
[1] 6
[1] 1.215506
[1] 27.96511
[1] 3670.662
[1] 7
Iteration:  7 . Objective= 76498.53 
[1] 7
[1] 1.276282
[1] 28.31478
[1] 3604.268
[1] 8
Iteration:  8 . Objective= 92292.98 
[1] 8
[1] 1.340096
[1] 28.68037
[1] 3644.892
[1] 9
Iteration:  9 . Objective= 106410.5 
[1] 9
[1] 1.4071
[1] 29.07451
[1] 3557.899
[1] 10
Iteration:  10 . Objective= 119003.4 
[1] 10
[1] 1.477455
[1] 29.52484
[1] 3446.945
[1] 11
Iteration:  11 . Objective= 130416 
[1] 11
[1] 1.551328
[1] 30.05068
[1] 3475.815
[1] 12
Iteration:  12 . Objective= 141130.5 
[1] 12
[1] 1.628895
[1] 30.65635
[1] 3569.901
[1] 13
Iteration:  13 . Objective= 151294.8 
[1] 13
[1] 1.710339
[1] 31.34005
[1] 3572.026
[1] 14
Iteration:  14 . Objective= 160841.6 
[1] 14
[1] 1.795856
[1] 32.10015
[1] 3494.766
[1] 15
Iteration:  15 . Objective= 169807.3 
[1] 15
[1] 1.885649
[1] 32.93911
[1] 3475.082
[1] 16
Iteration:  16 . Objective= 178597.7 
[1] 16
[1] 1.979932
[1] 33.87082
[1] 3533.637
[1] 17
Iteration:  17 . Objective= 187191.8 
[1] 17
[1] 2.078928
[1] 34.92357
[1] 3554.966
[1] 18
Iteration:  18 . Objective= 195387.7 
[1] 18
[1] 2.182875
[1] 36.13181
[1] 3508.115
[1] 19
Iteration:  19 . Objective= 203172.6 
[1] 19
[1] 2.292018
[1] 37.51681
[1] 3495.649
[1] 20
Iteration:  20 . Objective= 210540 
[1] 20
[1] 2.406619
[1] 39.07566
[1] 3542.508
[1] 21
Iteration:  21 . Objective= 217581.5 
[1] 21
[1] 2.52695
[1] 40.79477
[1] 3548.007
[1] 22
Iteration:  22 . Objective= 224421.8 
[1] 22
[1] 2.653298
[1] 42.66223
[1] 3505.674
[1] 23
Iteration:  23 . Objective= 231074.8 
[1] 23
[1] 2.785963
[1] 44.66461
[1] 3514.461
[1] 24
Iteration:  24 . Objective= 237477.8 
[1] 24
[1] 2.925261
[1] 46.78884
[1] 3549.733
[1] 25
Iteration:  25 . Objective= 243650.5 
[1] 25
[1] 3.071524
[1] 49.03008
[1] 3528.047
[1] 26
Iteration:  26 . Objective= 249706.2 
[1] 26
[1] 3.2251
[1] 51.38686
[1] 3512.032
[1] 27
Iteration:  27 . Objective= 255665.6 
[1] 27
[1] 3.386355
[1] 53.85827
[1] 3543.578
[1] 28
Iteration:  28 . Objective= 261499.8 
[1] 28
[1] 3.555673
[1] 56.45497
[1] 3535.056
[1] 29
Iteration:  29 . Objective= 267198.6 
[1] 29
[1] 3.733456
[1] 59.19511
[1] 3511.569
[1] 30
Iteration:  30 . Objective= 272857.7 
[1] 30
[1] 3.920129
[1] 62.08995
[1] 3537.56
[1] 31
Iteration:  31 . Objective= 278548 
[1] 31
[1] 4.116136
[1] 65.14884
[1] 3534.085
[1] 32
Iteration:  32 . Objective= 284273.2 
[1] 32
[1] 4.321942
[1] 68.37938
[1] 3517.187
[1] 33
Iteration:  33 . Objective= 290036 
[1] 33
[1] 4.538039
[1] 71.78249
[1] 3541.195
[1] 34
Iteration:  34 . Objective= 295830.4 
[1] 34
[1] 4.764941
[1] 75.3642
[1] 3527.047
[1] 35
Iteration:  35 . Objective= 301623.2 
[1] 35
[1] 5.003189
[1] 79.13104
[1] 3518.316
[1] 36
Iteration:  36 . Objective= 307412.8 
[1] 36
[1] 5.253348
[1] 83.08538
[1] 3536.782
[1] 37
Iteration:  37 . Objective= 313226.2 
[1] 37
[1] 5.516015
[1] 87.23368
[1] 3517.573
[1] 38
Iteration:  38 . Objective= 319108.2 
[1] 38
[1] 5.791816
[1] 91.5777
[1] 3529.288
[1] 39
Iteration:  39 . Objective= 325028.5 
[1] 39
[1] 6.081407
[1] 96.12165
[1] 3526.809
[1] 40
Iteration:  40 . Objective= 330972.7 
[1] 40
[1] 6.385477
[1] 100.8699
[1] 3517.014
[1] 41
Iteration:  41 . Objective= 336961.1 
[1] 41
[1] 6.704751
[1] 105.8221
[1] 3530.781
[1] 42
Iteration:  42 . Objective= 342986.1 
[1] 42
[1] 7.039989
[1] 110.9832
[1] 3513.936
[1] 43
Iteration:  43 . Objective= 349044.7 
[1] 43
[1] 7.391988
[1] 116.3544
[1] 3529.17
[1] 44
Iteration:  44 . Objective= 355150 
[1] 44
[1] 7.761588
[1] 121.9401
[1] 3515.755
[1] 45
Iteration:  45 . Objective= 361298.6 
[1] 45
[1] 8.149667
[1] 127.7414
[1] 3530.333
[1] 46
Iteration:  46 . Objective= 367459.3 
[1] 46
[1] 8.55715
[1] 133.764
[1] 3501.388
[1] 47
Iteration:  47 . Objective= 373514.3 
[1] 47
[1] 8.985008
[1] 139.8905
[1] 4371.043
[1] 48
Iteration:  48 . Objective= 379011.8 
[1] 48
[1] 9.434258
[1] 146.2601
[1] 3397.119
[1] 49
Iteration:  49 . Objective= 382051.9 
[1] 49
[1] 9.905971
[1] 152.4685
[1] 9425.566
[1] 50
Iteration:  50 . Objective= 390380.8 
[1] 50
[1] 10.40127
[1] 158.9093
[1] 3555.946
[1] 51
Iteration:  51 . Objective= 397481.9 
[1] 51
[1] 10.92133
[1] 165.537
[1] 3921.271
[1] 52
Iteration:  52 . Objective= 403345.1 
[1] 52
[1] 11.4674
[1] 172.3581
[1] 3885.563
[1] 53
Iteration:  53 . Objective= 409072.6 
[1] 53
[1] 12.04077
[1] 179.5698
[1] 2942.645
[1] 54
[1] 55
Iteration:  55 . Objective= 409072.6 
[1] 55
[1] 6.321404
[1] 172.6723
[1] 2942.645
[1] 56
[1] 57
Iteration:  57 . Objective= 409072.6 
[1] 57
[1] 3.318737
[1] 172.4754
[1] 2942.645
[1] 58
Iteration:  58 . Objective= 409511.1 
[1] 58
[1] 3.484674
[1] 172.6568
[1] 4016.537
[1] 59
[1] 60
Iteration:  60 . Objective= 409511.1 
[1] 60
[1] 1.829454
[1] 172.4644
[1] 4016.537
[1] 61
Iteration:  61 . Objective= 409626.8 
[1] 61
[1] 1.920927
[1] 172.4577
[1] 3610.863
[1] 62
[1] 63
        1         2         3         4         5         6         7         8 
172.45768 134.68329  92.13865  76.43104  62.50453  59.41716  51.62726  46.76781 
        9        10        11        12        13        14        15        16 
 44.48640  42.15252  34.50297  33.57576  30.91824  28.42931  26.73289  24.63948 
       17        18        19        20 
 23.29447  22.86673  20.62620  13.87618 
For users of newer versions (1.0.1+): the `scores` matrix now contains factor scores, the `V` matrix is UNSCALED scores.
For users of newer versions (1.0.1+): the `scores` matrix now contains factor scores.
[1] 8.530721e-05
[1] 1
Iteration:  1 . Objective= -88031.49 
[1] 1
[1] 1
[1] 37.3545
[1] 1957.648
[1] 2
Iteration:  2 . Objective= -38739.93 
[1] 2
[1] 1
[1] 37.36528
[1] 3122.792
[1] 3
Iteration:  3 . Objective= -9037.373 
[1] 3
[1] 1.05
[1] 37.36006
[1] 3618.229
[1] 4
Iteration:  4 . Objective= 15415.87 
[1] 4
[1] 1.1025
[1] 37.3648
[1] 3229.535
[1] 5
Iteration:  5 . Objective= 37911.29 
[1] 5
[1] 1.157625
[1] 37.39034
[1] 2874.532
[1] 6
Iteration:  6 . Objective= 58503.37 
[1] 6
[1] 1.215506
[1] 37.40953
[1] 3379.036
[1] 7
Iteration:  7 . Objective= 76764.88 
[1] 7
[1] 1.276282
[1] 37.41265
[1] 3633.537
[1] 8
Iteration:  8 . Objective= 93598.23 
[1] 8
[1] 1.340096
[1] 37.39968
[1] 3625.878
[1] 9
Iteration:  9 . Objective= 108438.1 
[1] 9
[1] 1.4071
[1] 37.38555
[1] 3128.996
[1] 10
Iteration:  10 . Objective= 122174.6 
[1] 10
[1] 1.477455
[1] 37.38271
[1] 3031.333
[1] 11
Iteration:  11 . Objective= 135464.7 
[1] 11
[1] 1.551328
[1] 37.40855
[1] 3032.571
[1] 12
Iteration:  12 . Objective= 148141.6 
[1] 12
[1] 1.628895
[1] 37.48633
[1] 3108.241
[1] 13
Iteration:  13 . Objective= 159653.1 
[1] 13
[1] 1.710339
[1] 37.6465
[1] 3133.709
[1] 14
Iteration:  14 . Objective= 170087.5 
[1] 14
[1] 1.795856
[1] 37.92633
[1] 3082.158
[1] 15
Iteration:  15 . Objective= 179824.9 
[1] 15
[1] 1.885649
[1] 38.36894
[1] 3052.054
[1] 16
Iteration:  16 . Objective= 189176.2 
[1] 16
[1] 1.979932
[1] 39.02071
[1] 3092.456
[1] 17
Iteration:  17 . Objective= 198275.2 
[1] 17
[1] 2.078928
[1] 39.92151
[1] 3125.259
[1] 18
Iteration:  18 . Objective= 206995.2 
[1] 18
[1] 2.182875
[1] 41.0904
[1] 3095.143
[1] 19
Iteration:  19 . Objective= 215142.5 
[1] 19
[1] 2.292018
[1] 42.51995
[1] 3069.196
[1] 20
Iteration:  20 . Objective= 222839.6 
[1] 20
[1] 2.406619
[1] 44.17855
[1] 3098.462
[1] 21
Iteration:  21 . Objective= 230179.1 
[1] 21
[1] 2.52695
[1] 46.02237
[1] 3118.446
[1] 22
Iteration:  22 . Objective= 237233.5 
[1] 22
[1] 2.653298
[1] 48.01257
[1] 3091.083
[1] 23
Iteration:  23 . Objective= 244193.3 
[1] 23
[1] 2.785963
[1] 50.11849
[1] 3083.047
[1] 24
Iteration:  24 . Objective= 251010.8 
[1] 24
[1] 2.925261
[1] 52.31731
[1] 3113.004
[1] 25
Iteration:  25 . Objective= 257641.9 
[1] 25
[1] 3.071524
[1] 54.60198
[1] 3114.011
[1] 26
Iteration:  26 . Objective= 264160.7 
[1] 26
[1] 3.2251
[1] 56.9822
[1] 3092.514
[1] 27
Iteration:  27 . Objective= 270587.6 
[1] 27
[1] 3.386355
[1] 59.47412
[1] 3105.714
[1] 28
Iteration:  28 . Objective= 277026 
[1] 28
[1] 3.555673
[1] 62.09911
[1] 3120.004
[1] 29
Iteration:  29 . Objective= 283439.7 
[1] 29
[1] 3.733456
[1] 64.88566
[1] 3100.663
[1] 30
Iteration:  30 . Objective= 289858.1 
[1] 30
[1] 3.920129
[1] 67.85967
[1] 3101.025
[1] 31
Iteration:  31 . Objective= 296264.7 
[1] 31
[1] 4.116136
[1] 71.04235
[1] 3122.248
[1] 32
Iteration:  32 . Objective= 302705.6 
[1] 32
[1] 4.321942
[1] 74.45683
[1] 3111.214
[1] 33
Iteration:  33 . Objective= 309204.2 
[1] 33
[1] 4.538039
[1] 78.12199
[1] 3104.194
[1] 34
Iteration:  34 . Objective= 315733.2 
[1] 34
[1] 4.764941
[1] 82.04663
[1] 3124.304
[1] 35
Iteration:  35 . Objective= 322244.1 
[1] 35
[1] 5.003189
[1] 86.23495
[1] 3117.189
[1] 36
Iteration:  36 . Objective= 328721.8 
[1] 36
[1] 5.253348
[1] 90.68371
[1] 3112.545
[1] 37
Iteration:  37 . Objective= 335206.6 
[1] 37
[1] 5.516015
[1] 95.3841
[1] 3126.526
[1] 38
Iteration:  38 . Objective= 341717.4 
[1] 38
[1] 5.791816
[1] 100.3336
[1] 3113.358
[1] 39
Iteration:  39 . Objective= 348292.5 
[1] 39
[1] 6.081407
[1] 105.5273
[1] 3119.911
[1] 40
Iteration:  40 . Objective= 354919.2 
[1] 40
[1] 6.385477
[1] 110.9614
[1] 3125.984
[1] 41
Iteration:  41 . Objective= 361577.8 
[1] 41
[1] 6.704751
[1] 116.6351
[1] 3112.394
[1] 42
Iteration:  42 . Objective= 368252.9 
[1] 42
[1] 7.039989
[1] 122.5287
[1] 3202.456
[1] 43
Iteration:  43 . Objective= 374869.8 
[1] 43
[1] 7.391988
[1] 128.6549
[1] 3111.038
[1] 44
Iteration:  44 . Objective= 381125.3 
[1] 44
[1] 7.761588
[1] 134.7909
[1] 4761.164
[1] 45
Iteration:  45 . Objective= 386680.4 
[1] 45
[1] 8.149667
[1] 141.178
[1] 3027.01
[1] 46
Iteration:  46 . Objective= 387517.5 
[1] 46
[1] 8.55715
[1] 147.3243
[1] 11433.71
[1] 47
Iteration:  47 . Objective= 399524.2 
[1] 47
[1] 8.985008
[1] 153.6792
[1] 3344.163
[1] 48
Iteration:  48 . Objective= 405845.9 
[1] 48
[1] 9.434258
[1] 160.3204
[1] 3015.047
[1] 49
[1] 50
Iteration:  50 . Objective= 405845.9 
[1] 50
[1] 4.952986
[1] 153.9492
[1] 3015.047
[1] 51
[1] 52
Iteration:  52 . Objective= 405845.9 
[1] 52
[1] 2.600317
[1] 153.7733
[1] 3015.047
[1] 53
Iteration:  53 . Objective= 406464.4 
[1] 53
[1] 2.730333
[1] 153.9253
[1] 3815.126
[1] 54
[1] 55
Iteration:  55 . Objective= 406464.4 
[1] 55
[1] 1.433425
[1] 153.7588
[1] 3815.126
[1] 56
Iteration:  56 . Objective= 406614.4 
[1] 56
[1] 1.505096
[1] 153.7541
[1] 3125.161
[1] 57
[1] 58
        1         2         3         4         5         6         7         8 
153.75409 121.27191  88.20149  68.95157  58.99725  57.88363  48.36421  45.22645 
        9        10        11        12        13        14        15        16 
 40.46702  39.44801  37.63662  34.35559  29.26479  26.99480  24.40049  23.63000 
       17        18        19        20 
 22.47164  19.53973  18.79814  14.15164 
For users of newer versions (1.0.1+): the `scores` matrix now contains factor scores, the `V` matrix is UNSCALED scores.
For users of newer versions (1.0.1+): the `scores` matrix now contains factor scores.
[1] 8.64561e-05
[1] 1
Iteration:  1 . Objective= -168290.8 
[1] 1
[1] 1
[1] 38.43493
[1] 1835.736
[1] 2
Iteration:  2 . Objective= -126293.7 
[1] 2
[1] 1
[1] 38.40634
[1] 6928.773
[1] 3
Iteration:  3 . Objective= -110900.7 
[1] 3
[1] 1.05
[1] 38.34818
[1] 6679.204
[1] 4
Iteration:  4 . Objective= -97757.63 
[1] 4
[1] 1.1025
[1] 38.29769
[1] 4681.919
[1] 5
Iteration:  5 . Objective= -82012.17 
[1] 5
[1] 1.157625
[1] 38.27277
[1] 3735.818
[1] 6
Iteration:  6 . Objective= -61903.34 
[1] 6
[1] 1.215506
[1] 38.26118
[1] 4036.432
[1] 7
Iteration:  7 . Objective= -41100.22 
[1] 7
[1] 1.276282
[1] 38.2522
[1] 4724.69
[1] 8
Iteration:  8 . Objective= -22595.04 
[1] 8
[1] 1.340096
[1] 38.25223
[1] 4857.156
[1] 9
Iteration:  9 . Objective= -6311.254 
[1] 9
[1] 1.4071
[1] 38.2763
[1] 4436.672
[1] 10
Iteration:  10 . Objective= 8962.627 
[1] 10
[1] 1.477455
[1] 38.32728
[1] 4159.457
[1] 11
Iteration:  11 . Objective= 23026.75 
[1] 11
[1] 1.551328
[1] 38.39096
[1] 4348.516
[1] 12
Iteration:  12 . Objective= 35037.29 
[1] 12
[1] 1.628895
[1] 38.4606
[1] 4630.088
[1] 13
Iteration:  13 . Objective= 45463.85 
[1] 13
[1] 1.710339
[1] 38.54125
[1] 4574.62
[1] 14
Iteration:  14 . Objective= 55010.81 
[1] 14
[1] 1.795856
[1] 38.64069
[1] 4329.404
[1] 15
Iteration:  15 . Objective= 64029 
[1] 15
[1] 1.885649
[1] 38.75935
[1] 4304.903
[1] 16
Iteration:  16 . Objective= 72494.4 
[1] 16
[1] 1.979932
[1] 38.88869
[1] 4497.345
[1] 17
Iteration:  17 . Objective= 80470.4 
[1] 17
[1] 2.078928
[1] 39.01669
[1] 4543.194
[1] 18
Iteration:  18 . Objective= 88057.79 
[1] 18
[1] 2.182875
[1] 39.1373
[1] 4384.911
[1] 19
Iteration:  19 . Objective= 95311.02 
[1] 19
[1] 2.292018
[1] 39.26771
[1] 4349.064
[1] 20
Iteration:  20 . Objective= 102235.1 
[1] 20
[1] 2.406619
[1] 39.44323
[1] 4494.957
[1] 21
Iteration:  21 . Objective= 108957 
[1] 21
[1] 2.52695
[1] 39.70504
[1] 4508.718
[1] 22
Iteration:  22 . Objective= 115710.8 
[1] 22
[1] 2.653298
[1] 40.10686
[1] 4376.991
[1] 23
Iteration:  23 . Objective= 122442.3 
[1] 23
[1] 2.785963
[1] 40.73096
[1] 4404.8
[1] 24
Iteration:  24 . Objective= 128902.7 
[1] 24
[1] 2.925261
[1] 41.70809
[1] 4512.975
[1] 25
Iteration:  25 . Objective= 135126.1 
[1] 25
[1] 3.071524
[1] 43.12434
[1] 4438.451
[1] 26
Iteration:  26 . Objective= 141160.6 
[1] 26
[1] 3.2251
[1] 44.90665
[1] 4386.696
[1] 27
Iteration:  27 . Objective= 147080.9 
[1] 27
[1] 3.386355
[1] 46.93162
[1] 4496.026
[1] 28
Iteration:  28 . Objective= 152978.4 
[1] 28
[1] 3.555673
[1] 49.13807
[1] 4465.457
[1] 29
Iteration:  29 . Objective= 158833 
[1] 29
[1] 3.733456
[1] 51.51063
[1] 4392.69
[1] 30
Iteration:  30 . Objective= 164683.6 
[1] 30
[1] 3.920129
[1] 54.03757
[1] 4487.155
[1] 31
Iteration:  31 . Objective= 170493.2 
[1] 31
[1] 4.116136
[1] 56.72305
[1] 4453.672
[1] 32
Iteration:  32 . Objective= 176302.2 
[1] 32
[1] 4.321942
[1] 59.57681
[1] 4403.735
[1] 33
Iteration:  33 . Objective= 182178.8 
[1] 33
[1] 4.538039
[1] 62.59732
[1] 4496.147
[1] 34
Iteration:  34 . Objective= 188127 
[1] 34
[1] 4.764941
[1] 65.79792
[1] 4424.034
[1] 35
Iteration:  35 . Objective= 194168.3 
[1] 35
[1] 5.003189
[1] 69.18314
[1] 4438.108
[1] 36
Iteration:  36 . Objective= 200261.7 
[1] 36
[1] 5.253348
[1] 72.75346
[1] 4481.29
[1] 37
Iteration:  37 . Objective= 206357 
[1] 37
[1] 5.516015
[1] 76.52158
[1] 4400.097
[1] 38
Iteration:  38 . Objective= 212493.4 
[1] 38
[1] 5.791816
[1] 80.47967
[1] 4496.696
[1] 39
Iteration:  39 . Objective= 218655.8 
[1] 39
[1] 6.081407
[1] 84.6403
[1] 4408.897
[1] 40
Iteration:  40 . Objective= 224876.1 
[1] 40
[1] 6.385477
[1] 88.99596
[1] 4483.186
[1] 41
Iteration:  41 . Objective= 231129.9 
[1] 41
[1] 6.704751
[1] 93.55505
[1] 4420.262
[1] 42
Iteration:  42 . Objective= 237435.2 
[1] 42
[1] 7.039989
[1] 98.31084
[1] 4479.012
[1] 43
Iteration:  43 . Objective= 243760.7 
[1] 43
[1] 7.391988
[1] 103.2725
[1] 4411.349
[1] 44
Iteration:  44 . Objective= 250128 
[1] 44
[1] 7.761588
[1] 108.429
[1] 4507.389
[1] 45
Iteration:  45 . Objective= 256543.5 
[1] 45
[1] 8.149667
[1] 113.8033
[1] 4353.381
[1] 46
Iteration:  46 . Objective= 263042 
[1] 46
[1] 8.55715
[1] 119.3624
[1] 4628.129
[1] 47
Iteration:  47 . Objective= 269548 
[1] 47
[1] 8.985008
[1] 125.1783
[1] 4137.62
[1] 48
Iteration:  48 . Objective= 276148.6 
[1] 48
[1] 9.434258
[1] 131.1205
[1] 5182.677
[1] 49
Iteration:  49 . Objective= 282612 
[1] 49
[1] 9.905971
[1] 137.478
[1] 3384.356
[1] 50
Iteration:  50 . Objective= 287709.3 
[1] 50
[1] 10.40127
[1] 143.7129
[1] 9555.803
[1] 51
Iteration:  51 . Objective= 294689.1 
[1] 51
[1] 10.92133
[1] 150.5552
[1] 2804.315
[1] 52
[1] 53
Iteration:  53 . Objective= 294689.1 
[1] 53
[1] 5.7337
[1] 144.1343
[1] 2804.315
[1] 54
[1] 55
Iteration:  55 . Objective= 294689.1 
[1] 55
[1] 3.010192
[1] 143.8864
[1] 2804.315
[1] 56
Iteration:  56 . Objective= 295662.3 
[1] 56
[1] 3.160702
[1] 144.0636
[1] 7012.321
[1] 57
[1] 58
Iteration:  58 . Objective= 295662.3 
[1] 58
[1] 1.659369
[1] 143.8453
[1] 7012.321
[1] 59
Iteration:  59 . Objective= 296176.2 
[1] 59
[1] 1.742337
[1] 143.7897
[1] 5243.094
[1] 60
[1] 61
        1         2         3         4         5         6         7         8 
143.78970 108.08943  80.55721  62.20977  51.50093  49.74900  45.12525  41.99986 
        9        10        11        12        13        14        15        16 
 36.82090  34.47654  30.94940  29.25916  26.11660  23.67714  21.51224  18.58961 
       17        18        19        20 
 18.48027  17.19842  13.71067  10.91475 
For users of newer versions (1.0.1+): the `scores` matrix now contains factor scores, the `V` matrix is UNSCALED scores.
For users of newer versions (1.0.1+): the `scores` matrix now contains factor scores.
[1] 8.922819e-05
[1] 1
Iteration:  1 . Objective= -246581.7 
[1] 1
[1] 1
[1] 15.99803
[1] 1820.651
[1] 2
Iteration:  2 . Objective= -206638.9 
[1] 2
[1] 1
[1] 15.94999
[1] 4148.115
[1] 3
Iteration:  3 . Objective= -187315 
[1] 3
[1] 1.05
[1] 15.88652
[1] 4748.16
[1] 4
Iteration:  4 . Objective= -170906 
[1] 4
[1] 1.1025
[1] 15.84304
[1] 3818.947
[1] 5
Iteration:  5 . Objective= -152722.9 
[1] 5
[1] 1.157625
[1] 15.8816
[1] 3173.433
[1] 6
Iteration:  6 . Objective= -132347.3 
[1] 6
[1] 1.215506
[1] 16.15693
[1] 3283.993
[1] 7
Iteration:  7 . Objective= -112796.9 
[1] 7
[1] 1.276282
[1] 16.87257
[1] 4310.127
[1] 8
Iteration:  8 . Objective= -95698.8 
[1] 8
[1] 1.340096
[1] 17.90983
[1] 3857.896
[1] 9
Iteration:  9 . Objective= -80491.77 
[1] 9
[1] 1.4071
[1] 19.13055
[1] 3613.068
[1] 10
Iteration:  10 . Objective= -67235.23 
[1] 10
[1] 1.477455
[1] 20.54166
[1] 3413.658
[1] 11
Iteration:  11 . Objective= -54832.24 
[1] 11
[1] 1.551328
[1] 22.02093
[1] 3515.805
[1] 12
Iteration:  12 . Objective= -43466.35 
[1] 12
[1] 1.628895
[1] 23.42501
[1] 3706.209
[1] 13
Iteration:  13 . Objective= -33203.92 
[1] 13
[1] 1.710339
[1] 24.69886
[1] 3679.597
[1] 14
Iteration:  14 . Objective= -23344.44 
[1] 14
[1] 1.795856
[1] 25.92817
[1] 3516.683
[1] 15
Iteration:  15 . Objective= -13786.93 
[1] 15
[1] 1.885649
[1] 27.53296
[1] 3505.408
[1] 16
Iteration:  16 . Objective= -5034.375 
[1] 16
[1] 1.979932
[1] 29.39704
[1] 3642.95
[1] 17
Iteration:  17 . Objective= 3417.907 
[1] 17
[1] 2.078928
[1] 31.31867
[1] 3664.746
[1] 18
Iteration:  18 . Objective= 11729.94 
[1] 18
[1] 2.182875
[1] 33.29102
[1] 3549.086
[1] 19
Iteration:  19 . Objective= 19680.23 
[1] 19
[1] 2.292018
[1] 35.32143
[1] 3541.636
[1] 20
Iteration:  20 . Objective= 27283.73 
[1] 20
[1] 2.406619
[1] 37.40096
[1] 3644.366
[1] 21
Iteration:  21 . Objective= 34479.89 
[1] 21
[1] 2.52695
[1] 39.52975
[1] 3624.311
[1] 22
Iteration:  22 . Objective= 41590.56 
[1] 22
[1] 2.653298
[1] 41.71791
[1] 3538.881
[1] 23
Iteration:  23 . Objective= 48561.16 
[1] 23
[1] 2.785963
[1] 43.97061
[1] 3592.782
[1] 24
Iteration:  24 . Objective= 55322.89 
[1] 24
[1] 2.925261
[1] 46.30721
[1] 3640.74
[1] 25
Iteration:  25 . Objective= 62042.39 
[1] 25
[1] 3.071524
[1] 48.76646
[1] 3563.786
[1] 26
Iteration:  26 . Objective= 68705.49 
[1] 26
[1] 3.2251
[1] 51.36884
[1] 3575.179
[1] 27
Iteration:  27 . Objective= 75332.26 
[1] 27
[1] 3.386355
[1] 54.11431
[1] 3638.856
[1] 28
Iteration:  28 . Objective= 81795.15 
[1] 28
[1] 3.555673
[1] 57.0111
[1] 3575.454
[1] 29
Iteration:  29 . Objective= 88173.49 
[1] 29
[1] 3.733456
[1] 60.0608
[1] 3578.567
[1] 30
Iteration:  30 . Objective= 94535.84 
[1] 30
[1] 3.920129
[1] 63.26557
[1] 3631.2
[1] 31
Iteration:  31 . Objective= 100850.6 
[1] 31
[1] 4.116136
[1] 66.64559
[1] 3568.075
[1] 32
Iteration:  32 . Objective= 107206.3 
[1] 32
[1] 4.321942
[1] 70.20359
[1] 3601.691
[1] 33
Iteration:  33 . Objective= 113611.6 
[1] 33
[1] 4.538039
[1] 73.93957
[1] 3614.478
[1] 34
Iteration:  34 . Objective= 120065 
[1] 34
[1] 4.764941
[1] 77.86018
[1] 3567.253
[1] 35
Iteration:  35 . Objective= 126564.3 
[1] 35
[1] 5.003189
[1] 81.95862
[1] 3631.288
[1] 36
Iteration:  36 . Objective= 133090.3 
[1] 36
[1] 5.253348
[1] 86.24886
[1] 3574.144
[1] 37
Iteration:  37 . Objective= 139619.3 
[1] 37
[1] 5.516015
[1] 90.72952
[1] 3616.914
[1] 38
Iteration:  38 . Objective= 146177.3 
[1] 38
[1] 5.791816
[1] 95.40844
[1] 3591.681
[1] 39
Iteration:  39 . Objective= 152741 
[1] 39
[1] 6.081407
[1] 100.29
[1] 3592.175
[1] 40
Iteration:  40 . Objective= 159333.8 
[1] 40
[1] 6.385477
[1] 105.3774
[1] 3611.847
[1] 41
Iteration:  41 . Objective= 165946.9 
[1] 41
[1] 6.704751
[1] 110.684
[1] 3571.436
[1] 42
Iteration:  42 . Objective= 172602.1 
[1] 42
[1] 7.039989
[1] 116.2039
[1] 3633.584
[1] 43
Iteration:  43 . Objective= 179286.9 
[1] 43
[1] 7.391988
[1] 121.9563
[1] 3538.02
[1] 44
Iteration:  44 . Objective= 186034.5 
[1] 44
[1] 7.761588
[1] 127.916
[1] 3696.059
[1] 45
Iteration:  45 . Objective= 192763.2 
[1] 45
[1] 8.149667
[1] 134.1341
[1] 3424.945
[1] 46
Iteration:  46 . Objective= 199542.5 
[1] 46
[1] 8.55715
[1] 140.5182
[1] 3982.154
[1] 47
Iteration:  47 . Objective= 206188.3 
[1] 47
[1] 8.985008
[1] 147.2732
[1] 2955.109
[1] 48
Iteration:  48 . Objective= 212234.9 
[1] 48
[1] 9.434258
[1] 153.986
[1] 6155.885
[1] 49
Iteration:  49 . Objective= 218533.1 
[1] 49
[1] 9.905971
[1] 161.1145
[1] 2810.334
[1] 50
[1] 51
Iteration:  51 . Objective= 218533.1 
[1] 51
[1] 5.200635
[1] 154.3264
[1] 2810.334
[1] 52
[1] 53
Iteration:  53 . Objective= 218533.1 
[1] 53
[1] 2.730333
[1] 154.1168
[1] 2810.334
[1] 54
Iteration:  54 . Objective= 219636.6 
[1] 54
[1] 2.86685
[1] 154.3
[1] 4404.822
[1] 55
[1] 56
Iteration:  56 . Objective= 219636.6 
[1] 56
[1] 1.505096
[1] 154.1001
[1] 4404.822
[1] 57
Iteration:  57 . Objective= 219793.7 
[1] 57
[1] 1.580351
[1] 154.0861
[1] 3768.535
[1] 58
[1] 59
        1         2         3         4         5         6         7         8 
154.08607 114.31626  74.32494  65.91603  58.91514  54.67525  48.31664  42.07200 
        9        10        11        12        13        14        15        16 
 39.55090  34.68665  30.35599  26.65623  26.56181  25.19992  24.14502  22.17583 
       17        18        19        20 
 21.25635  19.70797  18.09444  12.08703 
For users of newer versions (1.0.1+): the `scores` matrix now contains factor scores, the `V` matrix is UNSCALED scores.
For users of newer versions (1.0.1+): the `scores` matrix now contains factor scores.
[1] 8.67134e-05
[1] 1
Iteration:  1 . Objective= -72676.01 
[1] 1
[1] 1
[1] 47.10786
[1] 1901.066
[1] 2
Iteration:  2 . Objective= -25018.49 
[1] 2
[1] 1
[1] 47.19955
[1] 2509.501
[1] 3
Iteration:  3 . Objective= 10963.45 
[1] 3
[1] 1.05
[1] 47.29545
[1] 2745.596
[1] 4
Iteration:  4 . Objective= 42839.15 
[1] 4
[1] 1.1025
[1] 47.41789
[1] 2581.541
[1] 5
Iteration:  5 . Objective= 71776.53 
[1] 5
[1] 1.157625
[1] 47.51972
[1] 3635.847
[1] 6
Iteration:  6 . Objective= 93603.4 
[1] 6
[1] 1.215506
[1] 47.60664
[1] 4139.16
[1] 7
Iteration:  7 . Objective= 111395.8 
[1] 7
[1] 1.276282
[1] 47.74861
[1] 2955.348
[1] 8
Iteration:  8 . Objective= 129084 
[1] 8
[1] 1.340096
[1] 47.99055
[1] 2537.417
[1] 9
Iteration:  9 . Objective= 146706.6 
[1] 9
[1] 1.4071
[1] 48.33461
[1] 2574.527
[1] 10
Iteration:  10 . Objective= 162426.9 
[1] 10
[1] 1.477455
[1] 48.78512
[1] 2514.906
[1] 11
Iteration:  11 . Objective= 176779.4 
[1] 11
[1] 1.551328
[1] 49.29923
[1] 2929.696
[1] 12
Iteration:  12 . Objective= 189586.9 
[1] 12
[1] 1.628895
[1] 49.86634
[1] 2966.812
[1] 13
Iteration:  13 . Objective= 200888.5 
[1] 13
[1] 1.710339
[1] 50.51016
[1] 2552.698
[1] 14
Iteration:  14 . Objective= 211335 
[1] 14
[1] 1.795856
[1] 51.23214
[1] 2538.815
[1] 15
Iteration:  15 . Objective= 221168.5 
[1] 15
[1] 1.885649
[1] 52.03045
[1] 2667.244
[1] 16
Iteration:  16 . Objective= 230403.7 
[1] 16
[1] 1.979932
[1] 52.8892
[1] 2956.023
[1] 17
Iteration:  17 . Objective= 238921.9 
[1] 17
[1] 2.078928
[1] 53.81804
[1] 2800.42
[1] 18
Iteration:  18 . Objective= 246928.9 
[1] 18
[1] 2.182875
[1] 54.83592
[1] 2537.123
[1] 19
Iteration:  19 . Objective= 254652.3 
[1] 19
[1] 2.292018
[1] 55.9532
[1] 2520.291
[1] 20
Iteration:  20 . Objective= 262074.2 
[1] 20
[1] 2.406619
[1] 57.1685
[1] 2793.959
[1] 21
Iteration:  21 . Objective= 269165.7 
[1] 21
[1] 2.52695
[1] 58.49919
[1] 2846.881
[1] 22
Iteration:  22 . Objective= 276139.8 
[1] 22
[1] 2.653298
[1] 59.98129
[1] 2624.689
[1] 23
Iteration:  23 . Objective= 283043.3 
[1] 23
[1] 2.785963
[1] 61.63654
[1] 2520.883
[1] 24
Iteration:  24 . Objective= 289906.6 
[1] 24
[1] 2.925261
[1] 63.47143
[1] 2605.129
[1] 25
Iteration:  25 . Objective= 296684.5 
[1] 25
[1] 3.071524
[1] 65.50089
[1] 2715.64
[1] 26
Iteration:  26 . Objective= 303274.8 
[1] 26
[1] 3.2251
[1] 67.7709
[1] 2605.511
[1] 27
Iteration:  27 . Objective= 309813.8 
[1] 27
[1] 3.386355
[1] 70.32671
[1] 2517.629
[1] 28
Iteration:  28 . Objective= 316394.3 
[1] 28
[1] 3.555673
[1] 73.18729
[1] 2569.833
[1] 29
Iteration:  29 . Objective= 322934.2 
[1] 29
[1] 3.733456
[1] 76.35778
[1] 2669.135
[1] 30
Iteration:  30 . Objective= 329463.2 
[1] 30
[1] 3.920129
[1] 79.86745
[1] 2592.979
[1] 31
Iteration:  31 . Objective= 336034.7 
[1] 31
[1] 4.116136
[1] 83.73742
[1] 2523.036
[1] 32
Iteration:  32 . Objective= 342684.4 
[1] 32
[1] 4.321942
[1] 87.94383
[1] 2600.051
[1] 33
Iteration:  33 . Objective= 349344.4 
[1] 33
[1] 4.538039
[1] 92.45023
[1] 2685.568
[1] 34
Iteration:  34 . Objective= 355981 
[1] 34
[1] 4.764941
[1] 97.25355
[1] 2610.436
[1] 35
Iteration:  35 . Objective= 362614.3 
[1] 35
[1] 5.003189
[1] 102.3501
[1] 2552.569
[1] 36
Iteration:  36 . Objective= 369290 
[1] 36
[1] 5.253348
[1] 107.7026
[1] 2640.488
[1] 37
Iteration:  37 . Objective= 375952.1 
[1] 37
[1] 5.516015
[1] 113.2876
[1] 2689.715
[1] 38
Iteration:  38 . Objective= 382611.1 
[1] 38
[1] 5.791816
[1] 119.1133
[1] 2624.052
[1] 39
Iteration:  39 . Objective= 389299.3 
[1] 39
[1] 6.081407
[1] 125.1763
[1] 2617.979
[1] 40
Iteration:  40 . Objective= 396016.9 
[1] 40
[1] 6.385477
[1] 131.4595
[1] 2673.212
[1] 41
Iteration:  41 . Objective= 402742.1 
[1] 41
[1] 6.704751
[1] 137.9699
[1] 2639.983
[1] 42
Iteration:  42 . Objective= 409489 
[1] 42
[1] 7.039989
[1] 144.7177
[1] 2594.96
[1] 43
Iteration:  43 . Objective= 416282.1 
[1] 43
[1] 7.391988
[1] 151.6867
[1] 2648.751
[1] 44
Iteration:  44 . Objective= 423095.4 
[1] 44
[1] 7.761588
[1] 158.8749
[1] 2650.554
[1] 45
Iteration:  45 . Objective= 429926.7 
[1] 45
[1] 8.149667
[1] 166.2998
[1] 2581.426
[1] 46
Iteration:  46 . Objective= 436800.8 
[1] 46
[1] 8.55715
[1] 173.9517
[1] 2616.43
[1] 47
Iteration:  47 . Objective= 443704.5 
[1] 47
[1] 8.985008
[1] 181.8227
[1] 2653.61
[1] 48
Iteration:  48 . Objective= 450620.3 
[1] 48
[1] 9.434258
[1] 189.9337
[1] 2593.406
[1] 49
Iteration:  49 . Objective= 457564.5 
[1] 49
[1] 9.905971
[1] 198.2846
[1] 2607.388
[1] 50
Iteration:  50 . Objective= 464520.2 
[1] 50
[1] 10.40127
[1] 206.8669
[1] 2647.035
[1] 51
Iteration:  51 . Objective= 471475 
[1] 51
[1] 10.92133
[1] 215.6953
[1] 2603.014
[1] 52
Iteration:  52 . Objective= 478432.4 
[1] 52
[1] 11.4674
[1] 224.7664
[1] 2625.487
[1] 53
Iteration:  53 . Objective= 485341.3 
[1] 53
[1] 12.04077
[1] 234.0763
[1] 2648.214
[1] 54
Iteration:  54 . Objective= 491864.8 
[1] 54
[1] 12.64281
[1] 243.4683
[1] 3388.105
[1] 55
Iteration:  55 . Objective= 496910.8 
[1] 55
[1] 13.27495
[1] 253.107
[1] 2662.189
[1] 56
[1] 57
Iteration:  57 . Objective= 496910.8 
[1] 57
[1] 6.969348
[1] 243.7598
[1] 2662.189
[1] 58
[1] 59
Iteration:  59 . Objective= 496910.8 
[1] 59
[1] 3.658908
[1] 243.5738
[1] 2662.189
[1] 60
Iteration:  60 . Objective= 499006.2 
[1] 60
[1] 3.841853
[1] 243.7833
[1] 2775.834
[1] 61
[1] 62
Iteration:  62 . Objective= 499006.2 
[1] 62
[1] 2.016973
[1] 243.5834
[1] 2775.834
[1] 63
Iteration:  63 . Objective= 499184.6 
[1] 63
[1] 2.117822
[1] 243.614
[1] 2631.236
[1] 64
[1] 65
        1         2         3         4         5         6         7         8 
243.61399 183.44805 116.38859 107.85714  82.84022  71.66284  70.60126  60.07572 
        9        10        11        12        13        14        15        16 
 58.09533  53.91009  49.34586  47.83471  44.97568  42.14001  39.63718  36.63040 
       17        18        19        20 
 34.67132  33.67796  30.78107  22.65683 
For users of newer versions (1.0.1+): the `scores` matrix now contains factor scores, the `V` matrix is UNSCALED scores.
Error in if (any(res$fitted.values < eps)) warning("fit_glm: fitted rates numerically 0 occurred",  : 
  missing value where TRUE/FALSE needed
In addition: Warning message:
fit_glm: algorithm did not converge 
For users of newer versions (1.0.1+): the `scores` matrix now contains factor scores.
[1] 8.710211e-05
[1] 1
Iteration:  1 . Objective= -33544.61 
[1] 1
[1] 1
[1] 28.18984
[1] 1892.583
[1] 2
Iteration:  2 . Objective= 10888.85 
[1] 2
[1] 1
[1] 28.16333
[1] 3653.525
[1] 3
Iteration:  3 . Objective= 34277.88 
[1] 3
[1] 1.05
[1] 28.13069
[1] 4035.209
[1] 4
Iteration:  4 . Objective= 54810.46 
[1] 4
[1] 1.1025
[1] 28.12619
[1] 3525.572
[1] 5
Iteration:  5 . Objective= 76715.67 
[1] 5
[1] 1.157625
[1] 28.19555
[1] 3015.906
[1] 6
Iteration:  6 . Objective= 100624.3 
[1] 6
[1] 1.215506
[1] 28.36043
[1] 3096.807
[1] 7
Iteration:  7 . Objective= 122584.8 
[1] 7
[1] 1.276282
[1] 28.60955
[1] 3354.793
[1] 8
Iteration:  8 . Objective= 141111.8 
[1] 8
[1] 1.340096
[1] 28.9173
[1] 3431.669
[1] 9
Iteration:  9 . Objective= 157478.9 
[1] 9
[1] 1.4071
[1] 29.26512
[1] 3317.349
[1] 10
Iteration:  10 . Objective= 172062.2 
[1] 10
[1] 1.477455
[1] 29.65051
[1] 3202.184
[1] 11
Iteration:  11 . Objective= 185116.4 
[1] 11
[1] 1.551328
[1] 30.08478
[1] 3256.916
[1] 12
Iteration:  12 . Objective= 196791.2 
[1] 12
[1] 1.628895
[1] 30.59038
[1] 3355.361
[1] 13
Iteration:  13 . Objective= 207374.1 
[1] 13
[1] 1.710339
[1] 31.20334
[1] 3345.611
[1] 14
Iteration:  14 . Objective= 217051.8 
[1] 14
[1] 1.795856
[1] 31.97385
[1] 3263.129
[1] 15
Iteration:  15 . Objective= 226112.1 
[1] 15
[1] 1.885649
[1] 32.9474
[1] 3248.817
[1] 16
Iteration:  16 . Objective= 234821.6 
[1] 16
[1] 1.979932
[1] 34.14396
[1] 3312.965
[1] 17
Iteration:  17 . Objective= 243052.9 
[1] 17
[1] 2.078928
[1] 35.56713
[1] 3334.459
[1] 18
Iteration:  18 . Objective= 250906.9 
[1] 18
[1] 2.182875
[1] 37.21004
[1] 3284.779
[1] 19
Iteration:  19 . Objective= 258479.8 
[1] 19
[1] 2.292018
[1] 39.04184
[1] 3268.619
[1] 20
Iteration:  20 . Objective= 265777.9 
[1] 20
[1] 2.406619
[1] 41.01855
[1] 3314.765
[1] 21
Iteration:  21 . Objective= 272853.9 
[1] 21
[1] 2.52695
[1] 43.11005
[1] 3327.703
[1] 22
Iteration:  22 . Objective= 279721.3 
[1] 22
[1] 2.653298
[1] 45.30583
[1] 3289.421
[1] 23
Iteration:  23 . Objective= 286323.2 
[1] 23
[1] 2.785963
[1] 47.60079
[1] 3288.117
[1] 24
Iteration:  24 . Objective= 292699.7 
[1] 24
[1] 2.925261
[1] 49.99026
[1] 3324.414
[1] 25
Iteration:  25 . Objective= 298947.3 
[1] 25
[1] 3.071524
[1] 52.47769
[1] 3318.842
[1] 26
Iteration:  26 . Objective= 305088.7 
[1] 26
[1] 3.2251
[1] 55.07343
[1] 3291.811
[1] 27
Iteration:  27 . Objective= 311233.8 
[1] 27
[1] 3.386355
[1] 57.78872
[1] 3308.457
[1] 28
Iteration:  28 . Objective= 317363.3 
[1] 28
[1] 3.555673
[1] 60.64005
[1] 3328.79
[1] 29
Iteration:  29 . Objective= 323384.2 
[1] 29
[1] 3.733456
[1] 63.65124
[1] 3308.828
[1] 30
Iteration:  30 . Objective= 329383.8 
[1] 30
[1] 3.920129
[1] 66.84288
[1] 3300.323
[1] 31
Iteration:  31 . Objective= 335445.5 
[1] 31
[1] 4.116136
[1] 70.2276
[1] 3321.408
[1] 32
Iteration:  32 . Objective= 341514.3 
[1] 32
[1] 4.321942
[1] 73.81748
[1] 3318.453
[1] 33
Iteration:  33 . Objective= 347640.7 
[1] 33
[1] 4.538039
[1] 77.62268
[1] 3301.788
[1] 34
Iteration:  34 . Objective= 353845 
[1] 34
[1] 4.764941
[1] 81.6439
[1] 3315.449
[1] 35
Iteration:  35 . Objective= 360085.9 
[1] 35
[1] 5.003189
[1] 85.87854
[1] 3324.283
[1] 36
Iteration:  36 . Objective= 366360.8 
[1] 36
[1] 5.253348
[1] 90.32702
[1] 3306.409
[1] 37
Iteration:  37 . Objective= 372677.9 
[1] 37
[1] 5.516015
[1] 94.98759
[1] 3309.214
[1] 38
Iteration:  38 . Objective= 379016.5 
[1] 38
[1] 5.791816
[1] 99.85822
[1] 3323.233
[1] 39
Iteration:  39 . Objective= 385397.4 
[1] 39
[1] 6.081407
[1] 104.9423
[1] 3312.449
[1] 40
Iteration:  40 . Objective= 391843.9 
[1] 40
[1] 6.385477
[1] 110.242
[1] 3310.808
[1] 41
Iteration:  41 . Objective= 398348.6 
[1] 41
[1] 6.704751
[1] 115.7565
[1] 3322.316
[1] 42
Iteration:  42 . Objective= 404897.9 
[1] 42
[1] 7.039989
[1] 121.4871
[1] 3318.93
[1] 43
Iteration:  43 . Objective= 411491.4 
[1] 43
[1] 7.391988
[1] 127.4341
[1] 3311.942
[1] 44
Iteration:  44 . Objective= 418113.8 
[1] 44
[1] 7.761588
[1] 133.5947
[1] 3319.653
[1] 45
Iteration:  45 . Objective= 424771.4 
[1] 45
[1] 8.149667
[1] 139.9679
[1] 3323.369
[1] 46
Iteration:  46 . Objective= 431480.6 
[1] 46
[1] 8.55715
[1] 146.5577
[1] 3308.492
[1] 47
Iteration:  47 . Objective= 438226.5 
[1] 47
[1] 8.985008
[1] 153.3622
[1] 3330.819
[1] 48
Iteration:  48 . Objective= 445004 
[1] 48
[1] 9.434258
[1] 160.3875
[1] 3301.802
[1] 49
Iteration:  49 . Objective= 451798.5 
[1] 49
[1] 9.905971
[1] 167.6063
[1] 3477.161
[1] 50
Iteration:  50 . Objective= 458427 
[1] 50
[1] 10.40127
[1] 175.0703
[1] 3182.829
[1] 51
Iteration:  51 . Objective= 463524.4 
[1] 51
[1] 10.92133
[1] 182.4414
[1] 6489.913
[1] 52
Iteration:  52 . Objective= 469266.2 
[1] 52
[1] 11.4674
[1] 190.0836
[1] 3077.957
[1] 53
[1] 54
Iteration:  54 . Objective= 469266.2 
[1] 54
[1] 6.020385
[1] 182.7148
[1] 3077.957
[1] 55
[1] 56
Iteration:  56 . Objective= 469266.2 
[1] 56
[1] 3.160702
[1] 182.537
[1] 3077.957
[1] 57
Iteration:  57 . Objective= 471858.3 
[1] 57
[1] 3.318737
[1] 182.7106
[1] 3638.073
[1] 58
[1] 59
Iteration:  59 . Objective= 471858.3 
[1] 59
[1] 1.742337
[1] 182.5326
[1] 3638.073
[1] 60
Iteration:  60 . Objective= 472017.4 
[1] 60
[1] 1.829454
[1] 182.5332
[1] 3453.992
[1] 61
[1] 62
        1         2         3         4         5         6         7         8 
182.53319 136.44857  94.25713  82.23522  64.59513  57.57762  54.27536  49.78219 
        9        10        11        12        13        14        15        16 
 44.10088  39.44927  38.72625  36.03816  32.44053  31.13867  28.50554  26.00073 
       17        18        19        20 
 24.90748  22.48793  21.52350  16.02805 
For users of newer versions (1.0.1+): the `scores` matrix now contains factor scores, the `V` matrix is UNSCALED scores.
Error in if (any(res$fitted.values < eps)) warning("fit_glm: fitted rates numerically 0 occurred",  : 
  missing value where TRUE/FALSE needed
In addition: Warning message:
fit_glm: algorithm did not converge 
Error in if (any(res$fitted.values < eps)) warning("fit_glm: fitted rates numerically 0 occurred",  : 
  missing value where TRUE/FALSE needed
In addition: Warning message:
fit_glm: algorithm did not converge 
Error in if (any(res$fitted.values < eps)) warning("fit_glm: fitted rates numerically 0 occurred",  : 
  missing value where TRUE/FALSE needed
In addition: Warning message:
fit_glm: algorithm did not converge 
Error in if (any(res$fitted.values < eps)) warning("fit_glm: fitted rates numerically 0 occurred",  : 
  missing value where TRUE/FALSE needed
In addition: Warning message:
fit_glm: algorithm did not converge 
Error in if (any(res$fitted.values < eps)) warning("fit_glm: fitted rates numerically 0 occurred",  : 
  missing value where TRUE/FALSE needed
In addition: Warning message:
fit_glm: algorithm did not converge 
Error in if (any(res$fitted.values < eps)) warning("fit_glm: fitted rates numerically 0 occurred",  : 
  missing value where TRUE/FALSE needed
In addition: Warning message:
fit_glm: algorithm did not converge 
Error in if (any(res$fitted.values < eps)) warning("fit_glm: fitted rates numerically 0 occurred",  : 
  missing value where TRUE/FALSE needed
In addition: Warning message:
fit_glm: algorithm did not converge 
Error in if (any(res$fitted.values < eps)) warning("fit_glm: fitted rates numerically 0 occurred",  : 
  missing value where TRUE/FALSE needed
In addition: Warning message:
fit_glm: algorithm did not converge 
Error in if (any(res$fitted.values < eps)) warning("fit_glm: fitted rates numerically 0 occurred",  : 
  missing value where TRUE/FALSE needed
In addition: Warning message:
fit_glm: algorithm did not converge 
Error in if (any(res$fitted.values < eps)) warning("fit_glm: fitted rates numerically 0 occurred",  : 
  missing value where TRUE/FALSE needed
In addition: Warning message:
fit_glm: algorithm did not converge 
Error in if (any(res$fitted.values < eps)) warning("fit_glm: fitted rates numerically 0 occurred",  : 
  missing value where TRUE/FALSE needed
In addition: Warning message:
fit_glm: algorithm did not converge 
Error in if (any(res$fitted.values < eps)) warning("fit_glm: fitted rates numerically 0 occurred",  : 
  missing value where TRUE/FALSE needed
In addition: Warning message:
fit_glm: algorithm did not converge 
Error in if (any(res$fitted.values < eps)) warning("fit_glm: fitted rates numerically 0 occurred",  : 
  missing value where TRUE/FALSE needed
In addition: Warning message:
fit_glm: algorithm did not converge 
Error in if (any(res$fitted.values < eps)) warning("fit_glm: fitted rates numerically 0 occurred",  : 
  missing value where TRUE/FALSE needed
In addition: Warning message:
fit_glm: algorithm did not converge 
Error in if (any(res$fitted.values < eps)) warning("fit_glm: fitted rates numerically 0 occurred",  : 
  missing value where TRUE/FALSE needed
In addition: Warning message:
fit_glm: algorithm did not converge 
Error in if (any(res$fitted.values < eps)) warning("fit_glm: fitted rates numerically 0 occurred",  : 
  missing value where TRUE/FALSE needed
In addition: Warning message:
fit_glm: algorithm did not converge 
Error in if (any(res$fitted.values < eps)) warning("fit_glm: fitted rates numerically 0 occurred",  : 
  missing value where TRUE/FALSE needed
In addition: Warning message:
fit_glm: algorithm did not converge 
Error in if (any(res$fitted.values < eps)) warning("fit_glm: fitted rates numerically 0 occurred",  : 
  missing value where TRUE/FALSE needed
In addition: Warning message:
fit_glm: algorithm did not converge 
Error in if (any(res$fitted.values < eps)) warning("fit_glm: fitted rates numerically 0 occurred",  : 
  missing value where TRUE/FALSE needed
In addition: Warning message:
fit_glm: algorithm did not converge 
Error in if (any(res$fitted.values < eps)) warning("fit_glm: fitted rates numerically 0 occurred",  : 
  missing value where TRUE/FALSE needed
In addition: Warning message:
fit_glm: algorithm did not converge 
Error in if (any(res$fitted.values < eps)) warning("fit_glm: fitted rates numerically 0 occurred",  : 
  missing value where TRUE/FALSE needed
In addition: Warning message:
fit_glm: algorithm did not converge 
Error in if (any(res$fitted.values < eps)) warning("fit_glm: fitted rates numerically 0 occurred",  : 
  missing value where TRUE/FALSE needed
In addition: Warning message:
fit_glm: algorithm did not converge 
Error in if (any(res$fitted.values < eps)) warning("fit_glm: fitted rates numerically 0 occurred",  : 
  missing value where TRUE/FALSE needed
In addition: Warning message:
fit_glm: algorithm did not converge 
Error in if (any(res$fitted.values < eps)) warning("fit_glm: fitted rates numerically 0 occurred",  : 
  missing value where TRUE/FALSE needed
In addition: Warning message:
fit_glm: algorithm did not converge 
Error in if (any(res$fitted.values < eps)) warning("fit_glm: fitted rates numerically 0 occurred",  : 
  missing value where TRUE/FALSE needed
In addition: Warning message:
fit_glm: algorithm did not converge 
Error in if (any(res$fitted.values < eps)) warning("fit_glm: fitted rates numerically 0 occurred",  : 
  missing value where TRUE/FALSE needed
In addition: Warning message:
fit_glm: algorithm did not converge 
Error in if (any(res$fitted.values < eps)) warning("fit_glm: fitted rates numerically 0 occurred",  : 
  missing value where TRUE/FALSE needed
In addition: Warning message:
fit_glm: algorithm did not converge 
Error in if (any(res$fitted.values < eps)) warning("fit_glm: fitted rates numerically 0 occurred",  : 
  missing value where TRUE/FALSE needed
In addition: Warning message:
fit_glm: algorithm did not converge 
Error in if (any(res$fitted.values < eps)) warning("fit_glm: fitted rates numerically 0 occurred",  : 
  missing value where TRUE/FALSE needed
In addition: Warning message:
fit_glm: algorithm did not converge 
Error in if (any(res$fitted.values < eps)) warning("fit_glm: fitted rates numerically 0 occurred",  : 
  missing value where TRUE/FALSE needed
In addition: Warning message:
fit_glm: algorithm did not converge 
Error in if (any(res$fitted.values < eps)) warning("fit_glm: fitted rates numerically 0 occurred",  : 
  missing value where TRUE/FALSE needed
In addition: Warning message:
fit_glm: algorithm did not converge 
Error in if (any(res$fitted.values < eps)) warning("fit_glm: fitted rates numerically 0 occurred",  : 
  missing value where TRUE/FALSE needed
In addition: Warning message:
fit_glm: algorithm did not converge 
Error in if (any(res$fitted.values < eps)) warning("fit_glm: fitted rates numerically 0 occurred",  : 
  missing value where TRUE/FALSE needed
In addition: Warning message:
fit_glm: algorithm did not converge 
For users of newer versions (1.0.1+): the `scores` matrix now contains factor scores.
[1] 8.777464e-05
[1] 1
Iteration:  1 . Objective= 47565.67 
[1] 1
[1] 1
[1] 44.6225
[1] 1712.368
[1] 2
Iteration:  2 . Objective= 103447.2 
[1] 2
[1] 1
[1] 44.56362
[1] 3503.541
[1] 3
Iteration:  3 . Objective= 131274.1 
[1] 3
[1] 1.05
[1] 44.47719
[1] 4088.159
[1] 4
Iteration:  4 . Objective= 152242.6 
[1] 4
[1] 1.1025
[1] 44.37891
[1] 3418.473
[1] 5
Iteration:  5 . Objective= 172364.8 
[1] 5
[1] 1.157625
[1] 44.26034
[1] 4336.578
[1] 6
Iteration:  6 . Objective= 189737.8 
[1] 6
[1] 1.215506
[1] 44.13245
[1] 3817.129
[1] 7
Iteration:  7 . Objective= 205996 
[1] 7
[1] 1.276282
[1] 44.01262
[1] 3052.669
[1] 8
Iteration:  8 . Objective= 223046.8 
[1] 8
[1] 1.340096
[1] 43.89821
[1] 3356.007
[1] 9
Iteration:  9 . Objective= 239288.5 
[1] 9
[1] 1.4071
[1] 43.79091
[1] 3323.693
[1] 10
Iteration:  10 . Objective= 254470.1 
[1] 10
[1] 1.477455
[1] 43.68528
[1] 3633.053
[1] 11
Iteration:  11 . Objective= 268196.4 
[1] 11
[1] 1.551328
[1] 43.58554
[1] 3629.861
[1] 12
Iteration:  12 . Objective= 280565.4 
[1] 12
[1] 1.628895
[1] 43.50807
[1] 3254.43
[1] 13
Iteration:  13 . Objective= 292004.8 
[1] 13
[1] 1.710339
[1] 43.46109
[1] 3253.887
[1] 14
Iteration:  14 . Objective= 302728.9 
[1] 14
[1] 1.795856
[1] 43.44767
[1] 3306.866
[1] 15
Iteration:  15 . Objective= 312862.6 
[1] 15
[1] 1.885649
[1] 43.4659
[1] 3643.301
[1] 16
Iteration:  16 . Objective= 322142.7 
[1] 16
[1] 1.979932
[1] 43.55899
[1] 3629.565
[1] 17
Iteration:  17 . Objective= 330687.7 
[1] 17
[1] 2.078928
[1] 44.03361
[1] 3364.176
[1] 18
Iteration:  18 . Objective= 338829.1 
[1] 18
[1] 2.182875
[1] 45.1375
[1] 3287.384
[1] 19
Iteration:  19 . Objective= 346773.2 
[1] 19
[1] 2.292018
[1] 46.45072
[1] 3483.657
[1] 20
Iteration:  20 . Objective= 354384.3 
[1] 20
[1] 2.406619
[1] 47.87136
[1] 3600.306
[1] 21
Iteration:  21 . Objective= 361593.6 
[1] 21
[1] 2.52695
[1] 49.40459
[1] 3455.237
[1] 22
Iteration:  22 . Objective= 368494.4 
[1] 22
[1] 2.653298
[1] 51.05655
[1] 3292.039
[1] 23
Iteration:  23 . Objective= 375210.7 
[1] 23
[1] 2.785963
[1] 52.80676
[1] 3339.927
[1] 24
Iteration:  24 . Objective= 381699.4 
[1] 24
[1] 2.925261
[1] 54.63501
[1] 3449.845
[1] 25
Iteration:  25 . Objective= 387972.7 
[1] 25
[1] 3.071524
[1] 56.54952
[1] 3388.747
[1] 26
Iteration:  26 . Objective= 394168.3 
[1] 26
[1] 3.2251
[1] 58.57911
[1] 3253.863
[1] 27
Iteration:  27 . Objective= 400405.3 
[1] 27
[1] 3.386355
[1] 60.74444
[1] 3269.746
[1] 28
Iteration:  28 . Objective= 406660.6 
[1] 28
[1] 3.555673
[1] 63.05702
[1] 3351.825
[1] 29
Iteration:  29 . Objective= 412909.5 
[1] 29
[1] 3.733456
[1] 65.54069
[1] 3301.725
[1] 30
Iteration:  30 . Objective= 419181.4 
[1] 30
[1] 3.920129
[1] 68.22679
[1] 3218.648
[1] 31
Iteration:  31 . Objective= 425494 
[1] 31
[1] 4.116136
[1] 71.13089
[1] 3278.729
[1] 32
Iteration:  32 . Objective= 431834.4 
[1] 32
[1] 4.321942
[1] 74.26454
[1] 3345.499
[1] 33
Iteration:  33 . Objective= 438185.8 
[1] 33
[1] 4.538039
[1] 77.65233
[1] 3279.644
[1] 34
Iteration:  34 . Objective= 444559.5 
[1] 34
[1] 4.764941
[1] 81.30781
[1] 3256.911
[1] 35
Iteration:  35 . Objective= 450980.8 
[1] 35
[1] 5.003189
[1] 85.22098
[1] 3344.063
[1] 36
Iteration:  36 . Objective= 457433.5 
[1] 36
[1] 5.253348
[1] 89.39074
[1] 3332.748
[1] 37
Iteration:  37 . Objective= 463920.4 
[1] 37
[1] 5.516015
[1] 93.82161
[1] 3276.055
[1] 38
Iteration:  38 . Objective= 470447.3 
[1] 38
[1] 5.791816
[1] 98.49941
[1] 3337.906
[1] 39
Iteration:  39 . Objective= 476980.6 
[1] 39
[1] 6.081407
[1] 103.4186
[1] 3345.038
[1] 40
Iteration:  40 . Objective= 483529.3 
[1] 40
[1] 6.385477
[1] 108.5853
[1] 3283.269
[1] 41
Iteration:  41 . Objective= 490134.9 
[1] 41
[1] 6.704751
[1] 113.9845
[1] 3339.493
[1] 42
Iteration:  42 . Objective= 496764.2 
[1] 42
[1] 7.039989
[1] 119.6102
[1] 3354.329
[1] 43
Iteration:  43 . Objective= 503398 
[1] 43
[1] 7.391988
[1] 125.4685
[1] 3309.767
[1] 44
Iteration:  44 . Objective= 510079.7 
[1] 44
[1] 7.761588
[1] 131.5453
[1] 3376.219
[1] 45
Iteration:  45 . Objective= 516793.6 
[1] 45
[1] 8.149667
[1] 137.8445
[1] 3358.854
[1] 46
Iteration:  46 . Objective= 523553.4 
[1] 46
[1] 8.55715
[1] 144.373
[1] 3321.582
[1] 47
Iteration:  47 . Objective= 530367 
[1] 47
[1] 8.985008
[1] 151.1212
[1] 3386.498
[1] 48
Iteration:  48 . Objective= 537142.1 
[1] 48
[1] 9.434258
[1] 158.0983
[1] 3329.493
[1] 49
Iteration:  49 . Objective= 543532.8 
[1] 49
[1] 9.905971
[1] 165.1076
[1] 4822.4
[1] 50
Iteration:  50 . Objective= 549059 
[1] 50
[1] 10.40127
[1] 172.3444
[1] 3357.592
[1] 51
Iteration:  51 . Objective= 551420.7 
[1] 51
[1] 10.92133
[1] 179.3694
[1] 10473.08
[1] 52
Iteration:  52 . Objective= 562363.8 
[1] 52
[1] 11.4674
[1] 186.642
[1] 3379.024
[1] 53
Iteration:  53 . Objective= 569150.9 
[1] 53
[1] 12.04077
[1] 194.1611
[1] 3459.509
[1] 54
[1] 55
Iteration:  55 . Objective= 569150.9 
[1] 55
[1] 6.321404
[1] 186.8956
[1] 3459.509
[1] 56
Iteration:  56 . Objective= 569210.5 
[1] 56
[1] 6.637474
[1] 187.3353
[1] 4363.285
[1] 57
Iteration:  57 . Objective= 569952.4 
[1] 57
[1] 6.969348
[1] 188.0299
[1] 3539.439
[1] 58
Iteration:  58 . Objective= 571041.7 
[1] 58
[1] 7.317815
[1] 188.9991
[1] 3467.347
[1] 59
[1] 60
Iteration:  60 . Objective= 571041.7 
[1] 60
[1] 3.841853
[1] 188.1422
[1] 3467.347
[1] 61
Iteration:  61 . Objective= 571466.2 
[1] 61
[1] 4.033946
[1] 188.35
[1] 3952.485
[1] 62
[1] 63
Iteration:  63 . Objective= 571466.2 
[1] 63
[1] 2.117822
[1] 188.1475
[1] 3952.485
[1] 64
Iteration:  64 . Objective= 571602.9 
[1] 64
[1] 2.223713
[1] 188.1824
[1] 3342.053
[1] 65
[1] 66
Iteration:  66 . Objective= 571602.9 
[1] 66
[1] 1.167449
[1] 188.1156
[1] 3342.053
[1] 67
[1] 68
        1         2         3         4         5         6         7         8 
188.11561 148.21876 101.88308  86.46854  69.95454  61.11206  60.28855  50.80798 
        9        10        11        12        13        14        15        16 
 47.94606  43.16138  41.61575  36.74224  35.00582  32.77521  30.94644  29.67547 
       17        18        19        20 
 26.67465  25.59455  23.21751  17.28158 
For users of newer versions (1.0.1+): the `scores` matrix now contains factor scores, the `V` matrix is UNSCALED scores.
For users of newer versions (1.0.1+): the `scores` matrix now contains factor scores.
[1] 8.781472e-05
[1] 1
Iteration:  1 . Objective= -201495 
[1] 1
[1] 1
[1] 22.83691
[1] 1704.992
[1] 2
Iteration:  2 . Objective= -147932.3 
[1] 2
[1] 1
[1] 22.96065
[1] 4462.617
[1] 3
Iteration:  3 . Objective= -125140.5 
[1] 3
[1] 1.05
[1] 23.03712
[1] 5053.657
[1] 4
Iteration:  4 . Objective= -106606.1 
[1] 4
[1] 1.1025
[1] 23.12786
[1] 3888.442
[1] 5
Iteration:  5 . Objective= -86698.27 
[1] 5
[1] 1.157625
[1] 23.25576
[1] 3103.819
[1] 6
Iteration:  6 . Objective= -64254.09 
[1] 6
[1] 1.215506
[1] 23.39926
[1] 3216.475
[1] 7
Iteration:  7 . Objective= -42414.27 
[1] 7
[1] 1.276282
[1] 23.54618
[1] 3719.845
[1] 8
Iteration:  8 . Objective= -23854.84 
[1] 8
[1] 1.340096
[1] 23.71518
[1] 3871.343
[1] 9
Iteration:  9 . Objective= -8554.771 
[1] 9
[1] 1.4071
[1] 24.08827
[1] 3583.454
[1] 10
Iteration:  10 . Objective= 4787.285 
[1] 10
[1] 1.477455
[1] 25.96473
[1] 3370.457
[1] 11
Iteration:  11 . Objective= 16779.54 
[1] 11
[1] 1.551328
[1] 27.99316
[1] 3510.316
[1] 12
Iteration:  12 . Objective= 27378.39 
[1] 12
[1] 1.628895
[1] 29.86385
[1] 3717.759
[1] 13
Iteration:  13 . Objective= 36966.59 
[1] 13
[1] 1.710339
[1] 31.58641
[1] 3653.523
[1] 14
Iteration:  14 . Objective= 46024.5 
[1] 14
[1] 1.795856
[1] 33.20567
[1] 3475.485
[1] 15
Iteration:  15 . Objective= 54674.9 
[1] 15
[1] 1.885649
[1] 34.74602
[1] 3512
[1] 16
Iteration:  16 . Objective= 63113.5 
[1] 16
[1] 1.979932
[1] 36.22811
[1] 3663.816
[1] 17
Iteration:  17 . Objective= 71299.91 
[1] 17
[1] 2.078928
[1] 37.68611
[1] 3626.848
[1] 18
Iteration:  18 . Objective= 79158.51 
[1] 18
[1] 2.182875
[1] 39.15033
[1] 3505.309
[1] 19
Iteration:  19 . Objective= 86812.18 
[1] 19
[1] 2.292018
[1] 40.63226
[1] 3569.669
[1] 20
Iteration:  20 . Objective= 94106.58 
[1] 20
[1] 2.406619
[1] 42.13448
[1] 3662.135
[1] 21
Iteration:  21 . Objective= 101013.2 
[1] 21
[1] 2.52695
[1] 43.66502
[1] 3572.917
[1] 22
Iteration:  22 . Objective= 107666 
[1] 22
[1] 2.653298
[1] 45.22173
[1] 3528.617
[1] 23
Iteration:  23 . Objective= 114117 
[1] 23
[1] 2.785963
[1] 46.79
[1] 3628.905
[1] 24
Iteration:  24 . Objective= 120442.5 
[1] 24
[1] 2.925261
[1] 48.3697
[1] 3601.355
[1] 25
Iteration:  25 . Objective= 126718.1 
[1] 25
[1] 3.071524
[1] 49.96491
[1] 3530.131
[1] 26
Iteration:  26 . Objective= 132951.1 
[1] 26
[1] 3.2251
[1] 51.56816
[1] 3614.759
[1] 27
Iteration:  27 . Objective= 139063.8 
[1] 27
[1] 3.386355
[1] 53.18371
[1] 3596.292
[1] 28
Iteration:  28 . Objective= 145113.5 
[1] 28
[1] 3.555673
[1] 54.84881
[1] 3537.799
[1] 29
Iteration:  29 . Objective= 151155.4 
[1] 29
[1] 3.733456
[1] 57.0624
[1] 3624.448
[1] 30
Iteration:  30 . Objective= 157181.1 
[1] 30
[1] 3.920129
[1] 60.26132
[1] 3565.871
[1] 31
Iteration:  31 . Objective= 163236.8 
[1] 31
[1] 4.116136
[1] 63.70997
[1] 3575.193
[1] 32
Iteration:  32 . Objective= 169327.5 
[1] 32
[1] 4.321942
[1] 67.33255
[1] 3618.045
[1] 33
Iteration:  33 . Objective= 175459.5 
[1] 33
[1] 4.538039
[1] 71.13568
[1] 3537.238
[1] 34
Iteration:  34 . Objective= 181617.9 
[1] 34
[1] 4.764941
[1] 75.1035
[1] 3647.103
[1] 35
Iteration:  35 . Objective= 187789.2 
[1] 35
[1] 5.003189
[1] 79.26031
[1] 3502.844
[1] 36
Iteration:  36 . Objective= 194033.1 
[1] 36
[1] 5.253348
[1] 83.57772
[1] 3709.696
[1] 37
Iteration:  37 . Objective= 200278.3 
[1] 37
[1] 5.516015
[1] 88.10427
[1] 3426.807
[1] 38
Iteration:  38 . Objective= 206597.2 
[1] 38
[1] 5.791816
[1] 92.75478
[1] 4018.415
[1] 39
Iteration:  39 . Objective= 212786.3 
[1] 39
[1] 6.081407
[1] 97.62156
[1] 3445.344
[1] 40
Iteration:  40 . Objective= 218765.7 
[1] 40
[1] 6.385477
[1] 102.4712
[1] 5616.815
[1] 41
Iteration:  41 . Objective= 224471.5 
[1] 41
[1] 6.704751
[1] 107.557
[1] 3447.905
[1] 42
Iteration:  42 . Objective= 229014.8 
[1] 42
[1] 7.039989
[1] 112.4852
[1] 9147.998
[1] 43
Iteration:  43 . Objective= 236165.8 
[1] 43
[1] 7.391988
[1] 117.6777
[1] 3433.095
[1] 44
Iteration:  44 . Objective= 241470.8 
[1] 44
[1] 7.761588
[1] 122.7746
[1] 7598.338
[1] 45
Iteration:  45 . Objective= 247169.8 
[1] 45
[1] 8.149667
[1] 128.1552
[1] 3454.451
[1] 46
Iteration:  46 . Objective= 247787.2 
[1] 46
[1] 8.55715
[1] 133.303
[1] 14573.32
[1] 47
Iteration:  47 . Objective= 257258.7 
[1] 47
[1] 8.985008
[1] 138.7737
[1] 3397.285
[1] 48
Iteration:  48 . Objective= 258109.7 
[1] 48
[1] 9.434258
[1] 144.0262
[1] 14439.05
[1] 49
Iteration:  49 . Objective= 265318.1 
[1] 49
[1] 9.905971
[1] 149.4401
[1] 4689.232
[1] 50
Iteration:  50 . Objective= 273441.8 
[1] 50
[1] 10.40127
[1] 154.9861
[1] 4890.697
[1] 51
Iteration:  51 . Objective= 278032.8 
[1] 51
[1] 10.92133
[1] 160.7529
[1] 4411.466
[1] 52
Iteration:  52 . Objective= 280696.4 
[1] 52
[1] 11.4674
[1] 166.5078
[1] 7058.2
[1] 53
[1] 54
Iteration:  54 . Objective= 280696.4 
[1] 54
[1] 6.020385
[1] 160.8424
[1] 7058.2
[1] 55
Iteration:  55 . Objective= 281928.8 
[1] 55
[1] 6.321404
[1] 161.1291
[1] 4807.673
[1] 56
Iteration:  56 . Objective= 283033 
[1] 56
[1] 6.637474
[1] 161.5926
[1] 5283.692
[1] 57
[1] 58
Iteration:  58 . Objective= 283033 
[1] 58
[1] 3.484674
[1] 161.1815
[1] 5283.692
[1] 59
Iteration:  59 . Objective= 285378.9 
[1] 59
[1] 3.658908
[1] 161.3128
[1] 4563.576
[1] 60
[1] 61
Iteration:  61 . Objective= 285378.9 
[1] 61
[1] 1.920927
[1] 161.1766
[1] 4563.576
[1] 62
Iteration:  62 . Objective= 285977.9 
[1] 62
[1] 2.016973
[1] 161.2114
[1] 3286.584
[1] 63
[1] 64
         1          2          3          4          5          6          7 
161.211394 116.890488  90.481642  75.159461  58.388781  51.443695  46.482872 
         8          9         10         11         12         13         14 
 41.967320  38.998638  36.143595  29.195417  28.761713  26.278599  25.162379 
        15         16         17         18         19         20 
 24.361555  21.611457  20.514044  18.634523  17.287276   9.855077 
For users of newer versions (1.0.1+): the `scores` matrix now contains factor scores, the `V` matrix is UNSCALED scores.
For users of newer versions (1.0.1+): the `scores` matrix now contains factor scores.
[1] 8.779308e-05
[1] 1
Iteration:  1 . Objective= -186754 
[1] 1
[1] 1
[1] 55.01905
[1] 1842.475
[1] 2
Iteration:  2 . Objective= -147289.3 
[1] 2
[1] 1
[1] 54.86978
[1] 3186.615
[1] 3
Iteration:  3 . Objective= -124788.5 
[1] 3
[1] 1.05
[1] 54.68989
[1] 3293.381
[1] 4
Iteration:  4 . Objective= -104577.6 
[1] 4
[1] 1.1025
[1] 54.48016
[1] 2952.946
[1] 5
Iteration:  5 . Objective= -83350.17 
[1] 5
[1] 1.157625
[1] 54.24553
[1] 2766.957
[1] 6
Iteration:  6 . Objective= -61564.34 
[1] 6
[1] 1.215506
[1] 53.9896
[1] 2849.552
[1] 7
Iteration:  7 . Objective= -40937.07 
[1] 7
[1] 1.276282
[1] 53.71124
[1] 3022.124
[1] 8
Iteration:  8 . Objective= -21482.01 
[1] 8
[1] 1.340096
[1] 53.40719
[1] 3027.385
[1] 9
Iteration:  9 . Objective= -3990.74 
[1] 9
[1] 1.4071
[1] 53.07865
[1] 2939.976
[1] 10
Iteration:  10 . Objective= 10652.04 
[1] 10
[1] 1.477455
[1] 52.74132
[1] 2888.786
[1] 11
Iteration:  11 . Objective= 23589.47 
[1] 11
[1] 1.551328
[1] 52.43261
[1] 2932.485
[1] 12
Iteration:  12 . Objective= 35208.29 
[1] 12
[1] 1.628895
[1] 52.23449
[1] 2987.299
[1] 13
Iteration:  13 . Objective= 45308.41 
[1] 13
[1] 1.710339
[1] 52.1627
[1] 2970.681
[1] 14
Iteration:  14 . Objective= 54263.55 
[1] 14
[1] 1.795856
[1] 52.14214
[1] 2923.425
[1] 15
Iteration:  15 . Objective= 62917.02 
[1] 15
[1] 1.885649
[1] 52.1473
[1] 2928.801
[1] 16
Iteration:  16 . Objective= 71199.9 
[1] 16
[1] 1.979932
[1] 52.1735
[1] 2972.027
[1] 17
Iteration:  17 . Objective= 78997.8 
[1] 17
[1] 2.078928
[1] 52.21746
[1] 2975.518
[1] 18
Iteration:  18 . Objective= 86479.39 
[1] 18
[1] 2.182875
[1] 52.27449
[1] 2942.185
[1] 19
Iteration:  19 . Objective= 93630.21 
[1] 19
[1] 2.292018
[1] 52.339
[1] 2942.579
[1] 20
Iteration:  20 . Objective= 100513.8 
[1] 20
[1] 2.406619
[1] 52.40765
[1] 2974.397
[1] 21
Iteration:  21 . Objective= 107271.2 
[1] 21
[1] 2.52695
[1] 52.48583
[1] 2972.509
[1] 22
Iteration:  22 . Objective= 113873.4 
[1] 22
[1] 2.653298
[1] 52.59533
[1] 2946.718
[1] 23
Iteration:  23 . Objective= 120325.7 
[1] 23
[1] 2.785963
[1] 52.79764
[1] 2956.06
[1] 24
Iteration:  24 . Objective= 126585.1 
[1] 24
[1] 2.925261
[1] 53.3857
[1] 2977.815
[1] 25
Iteration:  25 . Objective= 132653 
[1] 25
[1] 3.071524
[1] 55.05004
[1] 2963.585
[1] 26
Iteration:  26 . Objective= 138651.1 
[1] 26
[1] 3.2251
[1] 57.43235
[1] 2949.692
[1] 27
Iteration:  27 . Objective= 144665.8 
[1] 27
[1] 3.386355
[1] 60.14236
[1] 2967.512
[1] 28
Iteration:  28 . Objective= 150701.1 
[1] 28
[1] 3.555673
[1] 63.09259
[1] 2971.597
[1] 29
Iteration:  29 . Objective= 156745.3 
[1] 29
[1] 3.733456
[1] 66.26642
[1] 2953.311
[1] 30
Iteration:  30 . Objective= 162773.4 
[1] 30
[1] 3.920129
[1] 69.65719
[1] 2958.487
[1] 31
Iteration:  31 . Objective= 168824.8 
[1] 31
[1] 4.116136
[1] 73.26036
[1] 2971.625
[1] 32
Iteration:  32 . Objective= 174936.4 
[1] 32
[1] 4.321942
[1] 77.0814
[1] 2958.183
[1] 33
Iteration:  33 . Objective= 181077.5 
[1] 33
[1] 4.538039
[1] 81.12643
[1] 2954.415
[1] 34
Iteration:  34 . Objective= 187292.8 
[1] 34
[1] 4.764941
[1] 85.39563
[1] 2970.864
[1] 35
Iteration:  35 . Objective= 193566.1 
[1] 35
[1] 5.003189
[1] 89.89267
[1] 2962.987
[1] 36
Iteration:  36 . Objective= 199878.3 
[1] 36
[1] 5.253348
[1] 94.62143
[1] 2952.449
[1] 37
Iteration:  37 . Objective= 206239.2 
[1] 37
[1] 5.516015
[1] 99.57892
[1] 2968.022
[1] 38
Iteration:  38 . Objective= 212639.9 
[1] 38
[1] 5.791816
[1] 104.7659
[1] 2965.226
[1] 39
Iteration:  39 . Objective= 219086.7 
[1] 39
[1] 6.081407
[1] 110.1863
[1] 2950.194
[1] 40
Iteration:  40 . Objective= 225580.4 
[1] 40
[1] 6.385477
[1] 115.8379
[1] 2961.811
[1] 41
Iteration:  41 . Objective= 232124.5 
[1] 41
[1] 6.704751
[1] 121.7208
[1] 2962.41
[1] 42
Iteration:  42 . Objective= 238702.3 
[1] 42
[1] 7.039989
[1] 127.8371
[1] 2953.357
[1] 43
Iteration:  43 . Objective= 245306.8 
[1] 43
[1] 7.391988
[1] 134.1844
[1] 2962.296
[1] 44
Iteration:  44 . Objective= 251940.3 
[1] 44
[1] 7.761588
[1] 140.7626
[1] 2966.902
[1] 45
Iteration:  45 . Objective= 258578.2 
[1] 45
[1] 8.149667
[1] 147.5767
[1] 2943.988
[1] 46
Iteration:  46 . Objective= 264984.9 
[1] 46
[1] 8.55715
[1] 154.5634
[1] 3261.293
[1] 47
Iteration:  47 . Objective= 269147.2 
[1] 47
[1] 8.985008
[1] 161.8108
[1] 2848.214
[1] 48
[1] 49
Iteration:  49 . Objective= 269147.2 
[1] 49
[1] 4.717129
[1] 154.8383
[1] 2848.214
[1] 50
[1] 51
Iteration:  51 . Objective= 269147.2 
[1] 51
[1] 2.476493
[1] 154.6602
[1] 2848.214
[1] 52
Iteration:  52 . Objective= 272032.6 
[1] 52
[1] 2.600317
[1] 154.8463
[1] 3039.303
[1] 53
[1] 54
Iteration:  54 . Objective= 272032.6 
[1] 54
[1] 1.365167
[1] 154.6622
[1] 3039.303
[1] 55
Iteration:  55 . Objective= 272052.8 
[1] 55
[1] 1.433425
[1] 154.673
[1] 3004.379
[1] 56
[1] 57
        1         2         3         4         5         6         7         8 
154.67302 117.35816  75.50170  66.14238  60.12451  59.34215  53.88673  42.88239 
        9        10        11        12        13        14        15        16 
 40.48304  38.89750  34.82219  32.73454  32.19426  28.60131  26.47596  25.31282 
       17        18        19        20 
 21.28149  19.48457  18.95908  15.07869 
For users of newer versions (1.0.1+): the `scores` matrix now contains factor scores, the `V` matrix is UNSCALED scores.
For users of newer versions (1.0.1+): the `scores` matrix now contains factor scores.
[1] 8.800211e-05
[1] 1
Iteration:  1 . Objective= -53905.6 
[1] 1
[1] 1
[1] 31.65377
[1] 1904.768
[1] 2
Iteration:  2 . Objective= -10241.42 
[1] 2
[1] 1
[1] 31.71485
[1] 3577.264
[1] 3
Iteration:  3 . Objective= 14406.27 
[1] 3
[1] 1.05
[1] 31.77247
[1] 3927.235
[1] 4
Iteration:  4 . Objective= 36181.44 
[1] 4
[1] 1.1025
[1] 31.86918
[1] 3379.376
[1] 5
Iteration:  5 . Objective= 59325.69 
[1] 5
[1] 1.157625
[1] 32.02315
[1] 2996.955
[1] 6
Iteration:  6 . Objective= 83371.97 
[1] 6
[1] 1.215506
[1] 32.2086
[1] 3070.021
[1] 7
Iteration:  7 . Objective= 105696.6 
[1] 7
[1] 1.276282
[1] 32.38265
[1] 3550.755
[1] 8
Iteration:  8 . Objective= 125210.6 
[1] 8
[1] 1.340096
[1] 32.55057
[1] 3419.011
[1] 9
Iteration:  9 . Objective= 142460.6 
[1] 9
[1] 1.4071
[1] 32.73579
[1] 3284.649
[1] 10
Iteration:  10 . Objective= 158506.8 
[1] 10
[1] 1.477455
[1] 32.96369
[1] 3168.068
[1] 11
Iteration:  11 . Objective= 173417.4 
[1] 11
[1] 1.551328
[1] 33.2407
[1] 3217.167
[1] 12
Iteration:  12 . Objective= 187143.8 
[1] 12
[1] 1.628895
[1] 33.56451
[1] 3321.084
[1] 13
Iteration:  13 . Objective= 199830.6 
[1] 13
[1] 1.710339
[1] 33.93726
[1] 3310.906
[1] 14
Iteration:  14 . Objective= 211313 
[1] 14
[1] 1.795856
[1] 34.36461
[1] 3223.366
[1] 15
Iteration:  15 . Objective= 221507.4 
[1] 15
[1] 1.885649
[1] 34.85985
[1] 3215.933
[1] 16
Iteration:  16 . Objective= 230970.2 
[1] 16
[1] 1.979932
[1] 35.47209
[1] 3290.301
[1] 17
Iteration:  17 . Objective= 240059.7 
[1] 17
[1] 2.078928
[1] 36.31674
[1] 3304.761
[1] 18
Iteration:  18 . Objective= 248638.7 
[1] 18
[1] 2.182875
[1] 37.52503
[1] 3246.119
[1] 19
Iteration:  19 . Objective= 256682.3 
[1] 19
[1] 2.292018
[1] 39.10088
[1] 3242.647
[1] 20
Iteration:  20 . Objective= 264213.6 
[1] 20
[1] 2.406619
[1] 40.94737
[1] 3296.697
[1] 21
Iteration:  21 . Objective= 271527.8 
[1] 21
[1] 2.52695
[1] 42.97818
[1] 3288.54
[1] 22
Iteration:  22 . Objective= 278797.6 
[1] 22
[1] 2.653298
[1] 45.15054
[1] 3242.045
[1] 23
Iteration:  23 . Objective= 285879.4 
[1] 23
[1] 2.785963
[1] 47.44
[1] 3262.614
[1] 24
Iteration:  24 . Objective= 292784.8 
[1] 24
[1] 2.925261
[1] 49.83701
[1] 3291.735
[1] 25
Iteration:  25 . Objective= 299466.6 
[1] 25
[1] 3.071524
[1] 52.34946
[1] 3260.995
[1] 26
Iteration:  26 . Objective= 306012.6 
[1] 26
[1] 3.2251
[1] 54.98558
[1] 3259.202
[1] 27
Iteration:  27 . Objective= 312518.6 
[1] 27
[1] 3.386355
[1] 57.75239
[1] 3292.011
[1] 28
Iteration:  28 . Objective= 318925.2 
[1] 28
[1] 3.555673
[1] 60.66843
[1] 3269.7
[1] 29
Iteration:  29 . Objective= 325296.8 
[1] 29
[1] 3.733456
[1] 63.7559
[1] 3253.187
[1] 30
Iteration:  30 . Objective= 331690.2 
[1] 30
[1] 3.920129
[1] 67.03134
[1] 3281.155
[1] 31
Iteration:  31 . Objective= 338097.6 
[1] 31
[1] 4.116136
[1] 70.51238
[1] 3266.649
[1] 32
Iteration:  32 . Objective= 344488.8 
[1] 32
[1] 4.321942
[1] 74.20935
[1] 3254.208
[1] 33
Iteration:  33 . Objective= 350895.8 
[1] 33
[1] 4.538039
[1] 78.11971
[1] 3284.8
[1] 34
Iteration:  34 . Objective= 357333.5 
[1] 34
[1] 4.764941
[1] 82.24556
[1] 3271.557
[1] 35
Iteration:  35 . Objective= 363828.4 
[1] 35
[1] 5.003189
[1] 86.58892
[1] 3262.825
[1] 36
Iteration:  36 . Objective= 370380.3 
[1] 36
[1] 5.253348
[1] 91.14521
[1] 3289.7
[1] 37
Iteration:  37 . Objective= 376953.5 
[1] 37
[1] 5.516015
[1] 95.91428
[1] 3279.728
[1] 38
Iteration:  38 . Objective= 383547.5 
[1] 38
[1] 5.791816
[1] 100.8943
[1] 3275.268
[1] 39
Iteration:  39 . Objective= 390163 
[1] 39
[1] 6.081407
[1] 106.0842
[1] 3275.029
[1] 40
Iteration:  40 . Objective= 396801.4 
[1] 40
[1] 6.385477
[1] 111.4838
[1] 3272.742
[1] 41
Iteration:  41 . Objective= 403469.6 
[1] 41
[1] 6.704751
[1] 117.0914
[1] 3280.309
[1] 42
Iteration:  42 . Objective= 410181.9 
[1] 42
[1] 7.039989
[1] 122.9071
[1] 3280.489
[1] 43
Iteration:  43 . Objective= 416921.6 
[1] 43
[1] 7.391988
[1] 128.9353
[1] 3267.812
[1] 44
Iteration:  44 . Objective= 423684.1 
[1] 44
[1] 7.761588
[1] 135.1692
[1] 3311.117
[1] 45
Iteration:  45 . Objective= 430467.1 
[1] 45
[1] 8.149667
[1] 141.6211
[1] 3263.59
[1] 46
Iteration:  46 . Objective= 437266.9 
[1] 46
[1] 8.55715
[1] 148.2767
[1] 3344.708
[1] 47
Iteration:  47 . Objective= 443927.1 
[1] 47
[1] 8.985008
[1] 155.0815
[1] 3689.691
[1] 48
Iteration:  48 . Objective= 449575 
[1] 48
[1] 9.434258
[1] 162.044
[1] 3634.637
[1] 49
Iteration:  49 . Objective= 452423.1 
[1] 49
[1] 9.905971
[1] 168.8279
[1] 8472.635
[1] 50
Iteration:  50 . Objective= 461246.8 
[1] 50
[1] 10.40127
[1] 175.8605
[1] 3223.418
[1] 51
Iteration:  51 . Objective= 466967.8 
[1] 51
[1] 10.92133
[1] 182.9514
[1] 4777.679
[1] 52
Iteration:  52 . Objective= 471472.4 
[1] 52
[1] 11.4674
[1] 190.3606
[1] 2924.224
[1] 53
[1] 54
Iteration:  54 . Objective= 471472.4 
[1] 54
[1] 6.020385
[1] 183.242
[1] 2924.224
[1] 55
[1] 56
Iteration:  56 . Objective= 471472.4 
[1] 56
[1] 3.160702
[1] 183.0552
[1] 2924.224
[1] 57
Iteration:  57 . Objective= 476017.7 
[1] 57
[1] 3.318737
[1] 183.2304
[1] 3823.396
[1] 58
[1] 59
Iteration:  59 . Objective= 476017.7 
[1] 59
[1] 1.742337
[1] 183.0469
[1] 3823.396
[1] 60
Iteration:  60 . Objective= 476344.2 
[1] 60
[1] 1.829454
[1] 183.0437
[1] 3486.315
[1] 61
[1] 62
        1         2         3         4         5         6         7         8 
183.04365 141.98292  95.83568  82.96635  65.66886  64.45559  54.27214  47.51387 
        9        10        11        12        13        14        15        16 
 44.87281  42.35508  38.89739  33.34299  30.77212  28.97352  27.89239  26.88751 
       17        18        19        20 
 24.33189  23.69581  22.01957  15.77902 
For users of newer versions (1.0.1+): the `scores` matrix now contains factor scores, the `V` matrix is UNSCALED scores.
For users of newer versions (1.0.1+): the `scores` matrix now contains factor scores.
[1] 8.699711e-05
[1] 1
Iteration:  1 . Objective= -150605.7 
[1] 1
[1] 1
[1] 23.96126
[1] 1782.871
[1] 2
Iteration:  2 . Objective= -104878.9 
[1] 2
[1] 1
[1] 23.96875
[1] 4396.858
[1] 3
Iteration:  3 . Objective= -85908.77 
[1] 3
[1] 1.05
[1] 23.98102
[1] 4590.275
[1] 4
Iteration:  4 . Objective= -69130.3 
[1] 4
[1] 1.1025
[1] 24.04537
[1] 3824.553
[1] 5
Iteration:  5 . Objective= -50859.77 
[1] 5
[1] 1.157625
[1] 24.21692
[1] 3160.514
[1] 6
Iteration:  6 . Objective= -29663.15 
[1] 6
[1] 1.215506
[1] 24.50241
[1] 3305.869
[1] 7
Iteration:  7 . Objective= -8564.828 
[1] 7
[1] 1.276282
[1] 24.88807
[1] 3617.696
[1] 8
Iteration:  8 . Objective= 10151.91 
[1] 8
[1] 1.340096
[1] 25.37686
[1] 3718.418
[1] 9
Iteration:  9 . Objective= 26496.83 
[1] 9
[1] 1.4071
[1] 26.00636
[1] 3528.099
[1] 10
Iteration:  10 . Objective= 41390.16 
[1] 10
[1] 1.477455
[1] 26.81548
[1] 3412.296
[1] 11
Iteration:  11 . Objective= 54912.47 
[1] 11
[1] 1.551328
[1] 27.80324
[1] 3513.932
[1] 12
Iteration:  12 . Objective= 66740.37 
[1] 12
[1] 1.628895
[1] 28.93973
[1] 3619.154
[1] 13
Iteration:  13 . Objective= 77234.17 
[1] 13
[1] 1.710339
[1] 30.1957
[1] 3563.256
[1] 14
Iteration:  14 . Objective= 86962.61 
[1] 14
[1] 1.795856
[1] 31.5521
[1] 3442.374
[1] 15
Iteration:  15 . Objective= 96124.62 
[1] 15
[1] 1.885649
[1] 32.99533
[1] 3451.833
[1] 16
Iteration:  16 . Objective= 104701.6 
[1] 16
[1] 1.979932
[1] 34.52268
[1] 3546.523
[1] 17
Iteration:  17 . Objective= 112772.7 
[1] 17
[1] 2.078928
[1] 36.1474
[1] 3544.71
[1] 18
Iteration:  18 . Objective= 120487.3 
[1] 18
[1] 2.182875
[1] 37.88611
[1] 3466.377
[1] 19
Iteration:  19 . Objective= 127904.2 
[1] 19
[1] 2.292018
[1] 39.7349
[1] 3481.712
[1] 20
Iteration:  20 . Objective= 134967.9 
[1] 20
[1] 2.406619
[1] 41.67448
[1] 3553.671
[1] 21
Iteration:  21 . Objective= 141708.8 
[1] 21
[1] 2.52695
[1] 43.69376
[1] 3534.337
[1] 22
Iteration:  22 . Objective= 148219.1 
[1] 22
[1] 2.653298
[1] 45.78875
[1] 3476.716
[1] 23
Iteration:  23 . Objective= 154564.3 
[1] 23
[1] 2.785963
[1] 47.94808
[1] 3507.264
[1] 24
Iteration:  24 . Objective= 160735 
[1] 24
[1] 2.925261
[1] 50.16105
[1] 3543.217
[1] 25
Iteration:  25 . Objective= 166789.1 
[1] 25
[1] 3.071524
[1] 52.42765
[1] 3499.164
[1] 26
Iteration:  26 . Objective= 172824.1 
[1] 26
[1] 3.2251
[1] 54.75077
[1] 3486.522
[1] 27
Iteration:  27 . Objective= 178859.8 
[1] 27
[1] 3.386355
[1] 57.13793
[1] 3534.006
[1] 28
Iteration:  28 . Objective= 184844.6 
[1] 28
[1] 3.555673
[1] 59.61172
[1] 3527.152
[1] 29
Iteration:  29 . Objective= 190749.3 
[1] 29
[1] 3.733456
[1] 62.19795
[1] 3502.863
[1] 30
Iteration:  30 . Objective= 196640.1 
[1] 30
[1] 3.920129
[1] 64.91241
[1] 3529.122
[1] 31
Iteration:  31 . Objective= 202574.9 
[1] 31
[1] 4.116136
[1] 67.77285
[1] 3519.054
[1] 32
Iteration:  32 . Objective= 208563.9 
[1] 32
[1] 4.321942
[1] 70.80129
[1] 3495.466
[1] 33
Iteration:  33 . Objective= 214644.2 
[1] 33
[1] 4.538039
[1] 74.01502
[1] 3530.556
[1] 34
Iteration:  34 . Objective= 220802 
[1] 34
[1] 4.764941
[1] 77.43383
[1] 3526.083
[1] 35
Iteration:  35 . Objective= 226997.7 
[1] 35
[1] 5.003189
[1] 81.07289
[1] 3511.373
[1] 36
Iteration:  36 . Objective= 233252.4 
[1] 36
[1] 5.253348
[1] 84.93457
[1] 3545.614
[1] 37
Iteration:  37 . Objective= 239577.5 
[1] 37
[1] 5.516015
[1] 89.02697
[1] 3515.505
[1] 38
Iteration:  38 . Objective= 245980.8 
[1] 38
[1] 5.791816
[1] 93.34956
[1] 3529.777
[1] 39
Iteration:  39 . Objective= 252447.5 
[1] 39
[1] 6.081407
[1] 97.90132
[1] 3536.964
[1] 40
Iteration:  40 . Objective= 258939.9 
[1] 40
[1] 6.385477
[1] 102.6877
[1] 3497.51
[1] 41
Iteration:  41 . Objective= 265449.4 
[1] 41
[1] 6.704751
[1] 107.6932
[1] 3580.684
[1] 42
Iteration:  42 . Objective= 271978.3 
[1] 42
[1] 7.039989
[1] 112.9395
[1] 3439.321
[1] 43
Iteration:  43 . Objective= 278551.7 
[1] 43
[1] 7.391988
[1] 118.3776
[1] 3737.402
[1] 44
Iteration:  44 . Objective= 284915.4 
[1] 44
[1] 7.761588
[1] 124.0676
[1] 3383.127
[1] 45
Iteration:  45 . Objective= 289124.3 
[1] 45
[1] 8.149667
[1] 129.6678
[1] 7394.392
[1] 46
Iteration:  46 . Objective= 293830 
[1] 46
[1] 8.55715
[1] 135.53
[1] 3393.57
[1] 47
Iteration:  47 . Objective= 294878.7 
[1] 47
[1] 8.985008
[1] 141.2338
[1] 9852.926
[1] 48
Iteration:  48 . Objective= 305454.4 
[1] 48
[1] 9.434258
[1] 147.1929
[1] 3519.367
[1] 49
[1] 50
Iteration:  50 . Objective= 305454.4 
[1] 50
[1] 4.952986
[1] 141.4656
[1] 3519.367
[1] 51
[1] 52
Iteration:  52 . Objective= 305454.4 
[1] 52
[1] 2.600317
[1] 141.3073
[1] 3519.367
[1] 53
Iteration:  53 . Objective= 309926.2 
[1] 53
[1] 2.730333
[1] 141.4505
[1] 3785.934
[1] 54
[1] 55
Iteration:  55 . Objective= 309926.2 
[1] 55
[1] 1.433425
[1] 141.2978
[1] 3785.934
[1] 56
Iteration:  56 . Objective= 310080.3 
[1] 56
[1] 1.505096
[1] 141.2934
[1] 3438.748
[1] 57
[1] 58
        1         2         3         4         5         6         7         8 
141.29341 114.39739  74.23223  62.81060  55.06555  50.75461  42.49242  40.14527 
        9        10        11        12        13        14        15        16 
 37.01268  34.83756  30.34071  30.04008  26.42011  23.87919  23.42227  22.30080 
       17        18        19        20 
 22.16467  21.12933  17.16754  12.22212 
For users of newer versions (1.0.1+): the `scores` matrix now contains factor scores, the `V` matrix is UNSCALED scores.
For users of newer versions (1.0.1+): the `scores` matrix now contains factor scores.
[1] 8.666641e-05
[1] 1
Iteration:  1 . Objective= -232389.4 
[1] 1
[1] 1
[1] 32.04055
[1] 1913.781
[1] 2
Iteration:  2 . Objective= -195183.3 
[1] 2
[1] 1
[1] 32.01847
[1] 2639.916
[1] 3
Iteration:  3 . Objective= -169783.5 
[1] 3
[1] 1.05
[1] 32.00855
[1] 3504.033
[1] 4
Iteration:  4 . Objective= -149951.5 
[1] 4
[1] 1.1025
[1] 32.04902
[1] 3214.047
[1] 5
Iteration:  5 . Objective= -131181.5 
[1] 5
[1] 1.157625
[1] 32.15932
[1] 2740.056
[1] 6
Iteration:  6 . Objective= -112453.8 
[1] 6
[1] 1.215506
[1] 32.2884
[1] 2886.454
[1] 7
Iteration:  7 . Objective= -95882.26 
[1] 7
[1] 1.276282
[1] 32.41044
[1] 2943.502
[1] 8
Iteration:  8 . Objective= -80981.5 
[1] 8
[1] 1.340096
[1] 32.54142
[1] 3060.489
[1] 9
Iteration:  9 . Objective= -67249.51 
[1] 9
[1] 1.4071
[1] 32.726
[1] 3003.3
[1] 10
Iteration:  10 . Objective= -54707.29 
[1] 10
[1] 1.477455
[1] 33.01566
[1] 2858.877
[1] 11
Iteration:  11 . Objective= -43091.68 
[1] 11
[1] 1.551328
[1] 33.43256
[1] 2840.835
[1] 12
Iteration:  12 . Objective= -31964.19 
[1] 12
[1] 1.628895
[1] 33.9603
[1] 2938.89
[1] 13
Iteration:  13 . Objective= -21467.01 
[1] 13
[1] 1.710339
[1] 34.57116
[1] 2987.451
[1] 14
Iteration:  14 . Objective= -11732.59 
[1] 14
[1] 1.795856
[1] 35.24936
[1] 2924.848
[1] 15
Iteration:  15 . Objective= -2636.871 
[1] 15
[1] 1.885649
[1] 36.00714
[1] 2866.312
[1] 16
Iteration:  16 . Objective= 5998.41 
[1] 16
[1] 1.979932
[1] 36.88156
[1] 2901.294
[1] 17
Iteration:  17 . Objective= 14209.26 
[1] 17
[1] 2.078928
[1] 37.92165
[1] 2956.837
[1] 18
Iteration:  18 . Objective= 22003.6 
[1] 18
[1] 2.182875
[1] 39.17663
[1] 2936.651
[1] 19
Iteration:  19 . Objective= 29472.95 
[1] 19
[1] 2.292018
[1] 40.67202
[1] 2888.275
[1] 20
Iteration:  20 . Objective= 36796.02 
[1] 20
[1] 2.406619
[1] 42.39766
[1] 2903.715
[1] 21
Iteration:  21 . Objective= 43921.22 
[1] 21
[1] 2.52695
[1] 44.32289
[1] 2946.583
[1] 22
Iteration:  22 . Objective= 50790.62 
[1] 22
[1] 2.653298
[1] 46.41854
[1] 2932.492
[1] 23
Iteration:  23 . Objective= 57501.29 
[1] 23
[1] 2.785963
[1] 48.66962
[1] 2897.71
[1] 24
Iteration:  24 . Objective= 64102.04 
[1] 24
[1] 2.925261
[1] 51.07737
[1] 2915.895
[1] 25
Iteration:  25 . Objective= 70559.47 
[1] 25
[1] 3.071524
[1] 53.65342
[1] 2941.965
[1] 26
Iteration:  26 . Objective= 76982.5 
[1] 26
[1] 3.2251
[1] 56.41671
[1] 2918.832
[1] 27
Iteration:  27 . Objective= 83444.95 
[1] 27
[1] 3.386355
[1] 59.38425
[1] 2905.23
[1] 28
Iteration:  28 . Objective= 89845.34 
[1] 28
[1] 3.555673
[1] 62.56597
[1] 2931.775
[1] 29
Iteration:  29 . Objective= 96210.1 
[1] 29
[1] 3.733456
[1] 65.97615
[1] 2929.07
[1] 30
Iteration:  30 . Objective= 102647.8 
[1] 30
[1] 3.920129
[1] 69.62947
[1] 2905.859
[1] 31
Iteration:  31 . Objective= 109086 
[1] 31
[1] 4.116136
[1] 73.52462
[1] 2923.32
[1] 32
Iteration:  32 . Objective= 115469.5 
[1] 32
[1] 4.321942
[1] 77.65483
[1] 2931.295
[1] 33
Iteration:  33 . Objective= 121831.9 
[1] 33
[1] 4.538039
[1] 82.01776
[1] 2909.629
[1] 34
Iteration:  34 . Objective= 128237.9 
[1] 34
[1] 4.764941
[1] 86.60628
[1] 2921.411
[1] 35
Iteration:  35 . Objective= 134696 
[1] 35
[1] 5.003189
[1] 91.41531
[1] 2931.241
[1] 36
Iteration:  36 . Objective= 141177.5 
[1] 36
[1] 5.253348
[1] 96.44562
[1] 2912.917
[1] 37
Iteration:  37 . Objective= 147719.1 
[1] 37
[1] 5.516015
[1] 101.6916
[1] 2924.836
[1] 38
Iteration:  38 . Objective= 154314.1 
[1] 38
[1] 5.791816
[1] 107.1496
[1] 2932.223
[1] 39
Iteration:  39 . Objective= 160938.3 
[1] 39
[1] 6.081407
[1] 112.8225
[1] 2917.622
[1] 40
Iteration:  40 . Objective= 167605 
[1] 40
[1] 6.385477
[1] 118.7075
[1] 2926.301
[1] 41
Iteration:  41 . Objective= 174293.8 
[1] 41
[1] 6.704751
[1] 124.805
[1] 2932.291
[1] 42
Iteration:  42 . Objective= 181003.2 
[1] 42
[1] 7.039989
[1] 131.1192
[1] 2913.645
[1] 43
Iteration:  43 . Objective= 187603.2 
[1] 43
[1] 7.391988
[1] 137.5616
[1] 3392.56
[1] 44
Iteration:  44 . Objective= 193268.5 
[1] 44
[1] 7.761588
[1] 144.2414
[1] 2845.237
[1] 45
Iteration:  45 . Objective= 197469.8 
[1] 45
[1] 8.149667
[1] 150.6918
[1] 8917.69
[1] 46
Iteration:  46 . Objective= 205584.5 
[1] 46
[1] 8.55715
[1] 157.3661
[1] 3000.47
[1] 47
Iteration:  47 . Objective= 213434.5 
[1] 47
[1] 8.985008
[1] 164.2753
[1] 3031.086
[1] 48
Iteration:  48 . Objective= 219936.2 
[1] 48
[1] 9.434258
[1] 171.4609
[1] 2838.69
[1] 49
Iteration:  49 . Objective= 226193.1 
[1] 49
[1] 9.905971
[1] 178.8142
[1] 3436.801
[1] 50
Iteration:  50 . Objective= 230222 
[1] 50
[1] 10.40127
[1] 186.4458
[1] 2836.896
[1] 51
[1] 52
Iteration:  52 . Objective= 230222 
[1] 52
[1] 5.460667
[1] 179.0975
[1] 2836.896
[1] 53
[1] 54
Iteration:  54 . Objective= 230222 
[1] 54
[1] 2.86685
[1] 178.9151
[1] 2836.896
[1] 55
Iteration:  55 . Objective= 233076.6 
[1] 55
[1] 3.010192
[1] 179.1164
[1] 3024.745
[1] 56
[1] 57
Iteration:  57 . Objective= 233076.6 
[1] 57
[1] 1.580351
[1] 178.9227
[1] 3024.745
[1] 58
Iteration:  58 . Objective= 233106.7 
[1] 58
[1] 1.659369
[1] 178.9442
[1] 2980.614
[1] 59
[1] 60
        1         2         3         4         5         6         7         8 
178.94416 129.02920  93.60110  80.17461  70.06792  62.85717  55.47133  49.25930 
        9        10        11        12        13        14        15        16 
 46.68462  38.81289  36.62227  33.75236  32.01939  29.05285  28.46592  27.73496 
       17        18        19        20 
 24.71301  24.54388  21.59438  16.13429 
For users of newer versions (1.0.1+): the `scores` matrix now contains factor scores, the `V` matrix is UNSCALED scores.
For users of newer versions (1.0.1+): the `scores` matrix now contains factor scores.
[1] 8.634064e-05
[1] 1
Iteration:  1 . Objective= -183964.4 
[1] 1
[1] 1
[1] 24.58141
[1] 1959.799
[1] 2
Iteration:  2 . Objective= -142519.8 
[1] 2
[1] 1
[1] 24.50651
[1] 3584.39
[1] 3
Iteration:  3 . Objective= -120287.8 
[1] 3
[1] 1.05
[1] 24.41082
[1] 3957.733
[1] 4
Iteration:  4 . Objective= -100610.4 
[1] 4
[1] 1.1025
[1] 24.30508
[1] 3521.579
[1] 5
Iteration:  5 . Objective= -80137.1 
[1] 5
[1] 1.157625
[1] 24.19998
[1] 3024.113
[1] 6
Iteration:  6 . Objective= -58642.06 
[1] 6
[1] 1.215506
[1] 24.09868
[1] 3081.694
[1] 7
Iteration:  7 . Objective= -39331.38 
[1] 7
[1] 1.276282
[1] 24.00399
[1] 3334.395
[1] 8
Iteration:  8 . Objective= -22867.74 
[1] 8
[1] 1.340096
[1] 23.92457
[1] 3425.743
[1] 9
Iteration:  9 . Objective= -7943.297 
[1] 9
[1] 1.4071
[1] 23.87967
[1] 3306.165
[1] 10
Iteration:  10 . Objective= 5692.84 
[1] 10
[1] 1.477455
[1] 24.02925
[1] 3202.813
[1] 11
Iteration:  11 . Objective= 18348.69 
[1] 11
[1] 1.551328
[1] 25.10199
[1] 3251.647
[1] 12
Iteration:  12 . Objective= 30226.65 
[1] 12
[1] 1.628895
[1] 26.41423
[1] 3346.14
[1] 13
Iteration:  13 . Objective= 41249.02 
[1] 13
[1] 1.710339
[1] 27.72259
[1] 3337.885
[1] 14
Iteration:  14 . Objective= 51642.92 
[1] 14
[1] 1.795856
[1] 29.01174
[1] 3263.494
[1] 15
Iteration:  15 . Objective= 61547.03 
[1] 15
[1] 1.885649
[1] 30.28769
[1] 3256.731
[1] 16
Iteration:  16 . Objective= 70982.73 
[1] 16
[1] 1.979932
[1] 31.55964
[1] 3317.725
[1] 17
Iteration:  17 . Objective= 79986.04 
[1] 17
[1] 2.078928
[1] 32.84865
[1] 3329.574
[1] 18
Iteration:  18 . Objective= 88601.44 
[1] 18
[1] 2.182875
[1] 34.33744
[1] 3279.226
[1] 19
Iteration:  19 . Objective= 96894.03 
[1] 19
[1] 2.292018
[1] 36.36749
[1] 3270.694
[1] 20
Iteration:  20 . Objective= 104771.5 
[1] 20
[1] 2.406619
[1] 38.53636
[1] 3315.599
[1] 21
Iteration:  21 . Objective= 112158 
[1] 21
[1] 2.52695
[1] 40.78064
[1] 3317.951
[1] 22
Iteration:  22 . Objective= 119194.3 
[1] 22
[1] 2.653298
[1] 43.0973
[1] 3282.349
[1] 23
Iteration:  23 . Objective= 125994 
[1] 23
[1] 2.785963
[1] 45.48381
[1] 3296.548
[1] 24
Iteration:  24 . Objective= 132556.5 
[1] 24
[1] 2.925261
[1] 47.93877
[1] 3326.397
[1] 25
Iteration:  25 . Objective= 138889.8 
[1] 25
[1] 3.071524
[1] 50.46829
[1] 3301.651
[1] 26
Iteration:  26 . Objective= 145111.1 
[1] 26
[1] 3.2251
[1] 53.0789
[1] 3289.332
[1] 27
Iteration:  27 . Objective= 151306.9 
[1] 27
[1] 3.386355
[1] 55.7778
[1] 3320.048
[1] 28
Iteration:  28 . Objective= 157474.8 
[1] 28
[1] 3.555673
[1] 58.58358
[1] 3311.686
[1] 29
Iteration:  29 . Objective= 163611.8 
[1] 29
[1] 3.733456
[1] 61.52079
[1] 3295.533
[1] 30
Iteration:  30 . Objective= 169717.3 
[1] 30
[1] 3.920129
[1] 64.61134
[1] 3322.008
[1] 31
Iteration:  31 . Objective= 175788.7 
[1] 31
[1] 4.116136
[1] 67.87977
[1] 3315.733
[1] 32
Iteration:  32 . Objective= 181865.8 
[1] 32
[1] 4.321942
[1] 71.3457
[1] 3304.193
[1] 33
Iteration:  33 . Objective= 187957.5 
[1] 33
[1] 4.538039
[1] 75.01739
[1] 3326.318
[1] 34
Iteration:  34 . Objective= 194061.6 
[1] 34
[1] 4.764941
[1] 78.90321
[1] 3312.33
[1] 35
Iteration:  35 . Objective= 200214.3 
[1] 35
[1] 5.003189
[1] 83.00629
[1] 3312.982
[1] 36
Iteration:  36 . Objective= 206410.1 
[1] 36
[1] 5.253348
[1] 87.32664
[1] 3323.731
[1] 37
Iteration:  37 . Objective= 212628.8 
[1] 37
[1] 5.516015
[1] 91.86806
[1] 3306.69
[1] 38
Iteration:  38 . Objective= 218886 
[1] 38
[1] 5.791816
[1] 96.62786
[1] 3324.465
[1] 39
Iteration:  39 . Objective= 225183 
[1] 39
[1] 6.081407
[1] 101.6071
[1] 3317.367
[1] 40
Iteration:  40 . Objective= 231516.7 
[1] 40
[1] 6.385477
[1] 106.8049
[1] 3316.187
[1] 41
Iteration:  41 . Objective= 237899.8 
[1] 41
[1] 6.704751
[1] 112.218
[1] 3327.142
[1] 42
Iteration:  42 . Objective= 244314.5 
[1] 42
[1] 7.039989
[1] 117.8483
[1] 3309.69
[1] 43
Iteration:  43 . Objective= 250775.4 
[1] 43
[1] 7.391988
[1] 123.6919
[1] 3328.664
[1] 44
Iteration:  44 . Objective= 257288.3 
[1] 44
[1] 7.761588
[1] 129.7518
[1] 3317.938
[1] 45
Iteration:  45 . Objective= 263835.5 
[1] 45
[1] 8.149667
[1] 136.0303
[1] 3315.89
[1] 46
Iteration:  46 . Objective= 270407.6 
[1] 46
[1] 8.55715
[1] 142.5283
[1] 3324.428
[1] 47
Iteration:  47 . Objective= 277018 
[1] 47
[1] 8.985008
[1] 149.2515
[1] 3310.205
[1] 48
Iteration:  48 . Objective= 283662.3 
[1] 48
[1] 9.434258
[1] 156.199
[1] 3332.093
[1] 49
Iteration:  49 . Objective= 290333.7 
[1] 49
[1] 9.905971
[1] 163.3795
[1] 3307.168
[1] 50
Iteration:  50 . Objective= 297038.9 
[1] 50
[1] 10.40127
[1] 170.7896
[1] 3340.346
[1] 51
Iteration:  51 . Objective= 303755.6 
[1] 51
[1] 10.92133
[1] 178.4471
[1] 3275.512
[1] 52
Iteration:  52 . Objective= 310479.3 
[1] 52
[1] 11.4674
[1] 186.3239
[1] 3427.575
[1] 53
Iteration:  53 . Objective= 317016.8 
[1] 53
[1] 12.04077
[1] 194.4863
[1] 3140.202
[1] 54
Iteration:  54 . Objective= 321922 
[1] 54
[1] 12.64281
[1] 202.6583
[1] 4990.574
[1] 55
Iteration:  55 . Objective= 324824.6 
[1] 55
[1] 13.27495
[1] 211.0429
[1] 3541.731
[1] 56
Iteration:  56 . Objective= 326705.6 
[1] 56
[1] 13.9387
[1] 219.3047
[1] 6958.119
[1] 57
Iteration:  57 . Objective= 336260.5 
[1] 57
[1] 14.63563
[1] 227.907
[1] 3086.19
[1] 58
[1] 59
Iteration:  59 . Objective= 336260.5 
[1] 59
[1] 7.683706
[1] 219.6185
[1] 3086.19
[1] 60
[1] 61
Iteration:  61 . Objective= 336260.5 
[1] 61
[1] 4.033946
[1] 219.4218
[1] 3086.19
[1] 62
Iteration:  62 . Objective= 342757.8 
[1] 62
[1] 4.235643
[1] 219.6294
[1] 3544.751
[1] 63
[1] 64
Iteration:  64 . Objective= 342757.8 
[1] 64
[1] 2.223713
[1] 219.4245
[1] 3544.751
[1] 65
Iteration:  65 . Objective= 343073.4 
[1] 65
[1] 2.334898
[1] 219.4431
[1] 3310.578
[1] 66
Iteration:  66 . Objective= 343276.2 
[1] 66
[1] 2.451643
[1] 219.4938
[1] 3059.235
[1] 67
Iteration:  67 . Objective= 343277 
[1] 67
[1] 2.574225
[1] 219.5831
[1] 3046.909
[1] 68
[1] 69
Iteration:  69 . Objective= 343277 
[1] 69
[1] 1.351468
[1] 219.4675
[1] 3046.909
[1] 70
Iteration:  70 . Objective= 343293.7 
[1] 70
[1] 1.419042
[1] 219.4166
[1] 3169.821
[1] 71
[1] 72
        1         2         3         4         5         6         7         8 
219.41659 159.75821 115.87626  97.60877  81.01169  74.00721  59.98240  59.02022 
        9        10        11        12        13        14        15        16 
 53.14838  48.65536  44.66064  42.36968  40.98720  37.87320  36.00812  34.96765 
       17        18        19        20 
 33.62057  32.32118  27.81808  18.69539 
For users of newer versions (1.0.1+): the `scores` matrix now contains factor scores, the `V` matrix is UNSCALED scores.
For users of newer versions (1.0.1+): the `scores` matrix now contains factor scores.
[1] 8.256319e-05
[1] 1
Iteration:  1 . Objective= 149876.6 
[1] 1
[1] 1
[1] 41.44248
[1] 1936.177
[1] 2
Iteration:  2 . Objective= 203528.5 
[1] 2
[1] 1
[1] 41.40941
[1] 12406.79
[1] 3
Iteration:  3 . Objective= 219292.7 
[1] 3
[1] 1.05
[1] 41.3366
[1] 11358.71
[1] 4
Iteration:  4 . Objective= 231791.8 
[1] 4
[1] 1.1025
[1] 41.27276
[1] 6552.141
[1] 5
Iteration:  5 . Objective= 246427.6 
[1] 5
[1] 1.157625
[1] 41.25158
[1] 4357.878
[1] 6
Iteration:  6 . Objective= 268571.4 
[1] 6
[1] 1.215506
[1] 41.2473
[1] 4911.039
[1] 7
Iteration:  7 . Objective= 292282.4 
[1] 7
[1] 1.276282
[1] 41.23295
[1] 6388.089
[1] 8
Iteration:  8 . Objective= 313284 
[1] 8
[1] 1.340096
[1] 41.21014
[1] 6650.618
[1] 9
Iteration:  9 . Objective= 331380.4 
[1] 9
[1] 1.4071
[1] 41.19767
[1] 5711.579
[1] 10
Iteration:  10 . Objective= 347507.1 
[1] 10
[1] 1.477455
[1] 41.20971
[1] 5162.689
[1] 11
Iteration:  11 . Objective= 362682.8 
[1] 11
[1] 1.551328
[1] 41.23794
[1] 5630.781
[1] 12
Iteration:  12 . Objective= 376491.4 
[1] 12
[1] 1.628895
[1] 41.27228
[1] 6204.101
[1] 13
Iteration:  13 . Objective= 388703.5 
[1] 13
[1] 1.710339
[1] 41.31425
[1] 5972.169
[1] 14
Iteration:  14 . Objective= 399665.3 
[1] 14
[1] 1.795856
[1] 41.36721
[1] 5455.192
[1] 15
Iteration:  15 . Objective= 409886.9 
[1] 15
[1] 1.885649
[1] 41.42271
[1] 5547.033
[1] 16
Iteration:  16 . Objective= 419408.5 
[1] 16
[1] 1.979932
[1] 41.47189
[1] 5978.595
[1] 17
Iteration:  17 . Objective= 428219.8 
[1] 17
[1] 2.078928
[1] 41.51914
[1] 5909.545
[1] 18
Iteration:  18 . Objective= 436553.1 
[1] 18
[1] 2.182875
[1] 41.57807
[1] 5537.509
[1] 19
Iteration:  19 . Objective= 444696.3 
[1] 19
[1] 2.292018
[1] 41.65755
[1] 5631.935
[1] 20
Iteration:  20 . Objective= 452571.7 
[1] 20
[1] 2.406619
[1] 41.76417
[1] 5937.766
[1] 21
Iteration:  21 . Objective= 460009.8 
[1] 21
[1] 2.52695
[1] 41.9168
[1] 5782.576
[1] 22
Iteration:  22 . Objective= 467097.8 
[1] 22
[1] 2.653298
[1] 42.15171
[1] 5574.334
[1] 23
Iteration:  23 . Objective= 474065.3 
[1] 23
[1] 2.785963
[1] 42.5416
[1] 5814.552
[1] 24
Iteration:  24 . Objective= 480919 
[1] 24
[1] 2.925261
[1] 43.22812
[1] 5872.224
[1] 25
Iteration:  25 . Objective= 487672.3 
[1] 25
[1] 3.071524
[1] 44.29231
[1] 5621.882
[1] 26
Iteration:  26 . Objective= 494394.1 
[1] 26
[1] 3.2251
[1] 45.64039
[1] 5753.915
[1] 27
Iteration:  27 . Objective= 500955.8 
[1] 27
[1] 3.386355
[1] 47.17997
[1] 5863.176
[1] 28
Iteration:  28 . Objective= 507255.4 
[1] 28
[1] 3.555673
[1] 48.88199
[1] 5636.113
[1] 29
Iteration:  29 . Objective= 513371.5 
[1] 29
[1] 3.733456
[1] 50.71966
[1] 5777.293
[1] 30
Iteration:  30 . Objective= 519351.7 
[1] 30
[1] 3.920129
[1] 52.68165
[1] 5821.118
[1] 31
Iteration:  31 . Objective= 525261.5 
[1] 31
[1] 4.116136
[1] 54.77663
[1] 5644.109
[1] 32
Iteration:  32 . Objective= 531141.3 
[1] 32
[1] 4.321942
[1] 56.99483
[1] 5867.44
[1] 33
Iteration:  33 . Objective= 536907.3 
[1] 33
[1] 4.538039
[1] 59.35216
[1] 5685.131
[1] 34
Iteration:  34 . Objective= 542654 
[1] 34
[1] 4.764941
[1] 61.84674
[1] 5787.299
[1] 35
Iteration:  35 . Objective= 548406.9 
[1] 35
[1] 5.003189
[1] 64.48377
[1] 5769.248
[1] 36
Iteration:  36 . Objective= 554165.6 
[1] 36
[1] 5.253348
[1] 67.27246
[1] 5706.41
[1] 37
Iteration:  37 . Objective= 559944.7 
[1] 37
[1] 5.516015
[1] 70.20962
[1] 5858.221
[1] 38
Iteration:  38 . Objective= 565734.2 
[1] 38
[1] 5.791816
[1] 73.32122
[1] 5600.306
[1] 39
Iteration:  39 . Objective= 571607.1 
[1] 39
[1] 6.081407
[1] 76.5799
[1] 6083.809
[1] 40
Iteration:  40 . Objective= 577445.5 
[1] 40
[1] 6.385477
[1] 80.05908
[1] 5193.124
[1] 41
Iteration:  41 . Objective= 583286.1 
[1] 41
[1] 6.704751
[1] 83.62009
[1] 7365.545
[1] 42
Iteration:  42 . Objective= 588751.5 
[1] 42
[1] 7.039989
[1] 87.61861
[1] 3661.724
[1] 43
[1] 44
Iteration:  44 . Objective= 588751.5 
[1] 44
[1] 3.695994
[1] 83.8769
[1] 3661.724
[1] 45
[1] 46
Iteration:  46 . Objective= 588751.5 
[1] 46
[1] 1.940397
[1] 83.70715
[1] 3661.724
[1] 47
Iteration:  47 . Objective= 589091.6 
[1] 47
[1] 2.037417
[1] 83.77971
[1] 7947.09
[1] 48
[1] 49
        1         2         3         4         5         6         7         8 
83.779712 67.450497 62.828813 46.554505 32.365433 31.203139 28.006562 26.552541 
        9        10        11        12        13        14        15        16 
24.586616 23.549385 19.885923 18.609944 17.779082 13.738337 12.382973 11.654604 
       17        18        19        20 
10.266283  8.677752  7.203228  7.041811 
For users of newer versions (1.0.1+): the `scores` matrix now contains factor scores, the `V` matrix is UNSCALED scores.
For users of newer versions (1.0.1+): the `scores` matrix now contains factor scores.
[1] 9.706698e-05
[1] 1
Iteration:  1 . Objective= -96797.34 
[1] 1
[1] 1
[1] 28.91045
[1] 1703.4
[1] 2
Iteration:  2 . Objective= -34724.27 
[1] 2
[1] 1
[1] 28.98377
[1] 4772.955
[1] 3
Iteration:  3 . Objective= -8146.85 
[1] 3
[1] 1.05
[1] 29.01866
[1] 5753.308
[1] 4
Iteration:  4 . Objective= 12505.7 
[1] 4
[1] 1.1025
[1] 29.07948
[1] 4411.301
[1] 5
Iteration:  5 . Objective= 34166.79 
[1] 5
[1] 1.157625
[1] 29.21118
[1] 3394.284
[1] 6
Iteration:  6 . Objective= 58736.15 
[1] 6
[1] 1.215506
[1] 29.39954
[1] 3377.741
[1] 7
Iteration:  7 . Objective= 82433.92 
[1] 7
[1] 1.276282
[1] 29.60482
[1] 3882.041
[1] 8
Iteration:  8 . Objective= 102239.5 
[1] 8
[1] 1.340096
[1] 29.80907
[1] 4120.514
[1] 9
Iteration:  9 . Objective= 118528.5 
[1] 9
[1] 1.4071
[1] 30.01433
[1] 3880.283
[1] 10
Iteration:  10 . Objective= 132750.8 
[1] 10
[1] 1.477455
[1] 30.23098
[1] 3634.764
[1] 11
Iteration:  11 . Objective= 145854.7 
[1] 11
[1] 1.551328
[1] 30.48028
[1] 3720.557
[1] 12
Iteration:  12 . Objective= 157781.9 
[1] 12
[1] 1.628895
[1] 30.82723
[1] 3912.666
[1] 13
Iteration:  13 . Objective= 168681.4 
[1] 13
[1] 1.710339
[1] 31.45645
[1] 3870.576
[1] 14
Iteration:  14 . Objective= 178789.3 
[1] 14
[1] 1.795856
[1] 32.48137
[1] 3693.205
[1] 15
Iteration:  15 . Objective= 188147 
[1] 15
[1] 1.885649
[1] 33.66497
[1] 3693.725
[1] 16
Iteration:  16 . Objective= 196905.3 
[1] 16
[1] 1.979932
[1] 34.86694
[1] 3850.62
[1] 17
Iteration:  17 . Objective= 205346 
[1] 17
[1] 2.078928
[1] 36.07845
[1] 3877.09
[1] 18
Iteration:  18 . Objective= 213652.2 
[1] 18
[1] 2.182875
[1] 37.33517
[1] 3759.013
[1] 19
Iteration:  19 . Objective= 221710.3 
[1] 19
[1] 2.292018
[1] 38.66707
[1] 3748.751
[1] 20
Iteration:  20 . Objective= 229234.5 
[1] 20
[1] 2.406619
[1] 40.08788
[1] 3846.576
[1] 21
Iteration:  21 . Objective= 236223.7 
[1] 21
[1] 2.52695
[1] 41.61364
[1] 3829.012
[1] 22
Iteration:  22 . Objective= 242976.7 
[1] 22
[1] 2.653298
[1] 43.25549
[1] 3742.936
[1] 23
Iteration:  23 . Objective= 249714.1 
[1] 23
[1] 2.785963
[1] 44.99978
[1] 3786.493
[1] 24
Iteration:  24 . Objective= 256364.6 
[1] 24
[1] 2.925261
[1] 46.82691
[1] 3855.834
[1] 25
Iteration:  25 . Objective= 262839.3 
[1] 25
[1] 3.071524
[1] 48.73749
[1] 3799.076
[1] 26
Iteration:  26 . Objective= 269198.1 
[1] 26
[1] 3.2251
[1] 50.7475
[1] 3767.383
[1] 27
Iteration:  27 . Objective= 275447 
[1] 27
[1] 3.386355
[1] 52.87465
[1] 3833.052
[1] 28
Iteration:  28 . Objective= 281572.6 
[1] 28
[1] 3.555673
[1] 55.13945
[1] 3824.326
[1] 29
Iteration:  29 . Objective= 287631.2 
[1] 29
[1] 3.733456
[1] 57.55813
[1] 3775.052
[1] 30
Iteration:  30 . Objective= 293657.7 
[1] 30
[1] 3.920129
[1] 60.13598
[1] 3820.407
[1] 31
Iteration:  31 . Objective= 299659.7 
[1] 31
[1] 4.116136
[1] 62.88643
[1] 3835.357
[1] 32
Iteration:  32 . Objective= 305673 
[1] 32
[1] 4.321942
[1] 65.83287
[1] 3784.156
[1] 33
Iteration:  33 . Objective= 311741.4 
[1] 33
[1] 4.538039
[1] 68.98742
[1] 3811.251
[1] 34
Iteration:  34 . Objective= 317832.1 
[1] 34
[1] 4.764941
[1] 72.35676
[1] 3836.285
[1] 35
Iteration:  35 . Objective= 323924.8 
[1] 35
[1] 5.003189
[1] 75.94964
[1] 3796.626
[1] 36
Iteration:  36 . Objective= 330043.4 
[1] 36
[1] 5.253348
[1] 79.76214
[1] 3815.134
[1] 37
Iteration:  37 . Objective= 336210.9 
[1] 37
[1] 5.516015
[1] 83.78896
[1] 3826.297
[1] 38
Iteration:  38 . Objective= 342428.1 
[1] 38
[1] 5.791816
[1] 88.03219
[1] 3794.669
[1] 39
Iteration:  39 . Objective= 348699.9 
[1] 39
[1] 6.081407
[1] 92.48736
[1] 3823.977
[1] 40
Iteration:  40 . Objective= 355018.7 
[1] 40
[1] 6.385477
[1] 97.1545
[1] 3819.042
[1] 41
Iteration:  41 . Objective= 361401.1 
[1] 41
[1] 6.704751
[1] 102.0377
[1] 3789.015
[1] 42
Iteration:  42 . Objective= 367853.5 
[1] 42
[1] 7.039989
[1] 107.1335
[1] 3823.498
[1] 43
Iteration:  43 . Objective= 374355.5 
[1] 43
[1] 7.391988
[1] 112.4464
[1] 3807.017
[1] 44
Iteration:  44 . Objective= 380929.8 
[1] 44
[1] 7.761588
[1] 117.9782
[1] 3803.227
[1] 45
Iteration:  45 . Objective= 387549.8 
[1] 45
[1] 8.149667
[1] 123.7278
[1] 3818.83
[1] 46
Iteration:  46 . Objective= 394203.5 
[1] 46
[1] 8.55715
[1] 129.7025
[1] 3788.326
[1] 47
Iteration:  47 . Objective= 400919 
[1] 47
[1] 8.985008
[1] 135.8975
[1] 3823.478
[1] 48
Iteration:  48 . Objective= 407682 
[1] 48
[1] 9.434258
[1] 142.3174
[1] 3801.835
[1] 49
Iteration:  49 . Objective= 414490.2 
[1] 49
[1] 9.905971
[1] 148.961
[1] 3821.805
[1] 50
Iteration:  50 . Objective= 421343.4 
[1] 50
[1] 10.40127
[1] 155.8365
[1] 3792.732
[1] 51
Iteration:  51 . Objective= 428241.6 
[1] 51
[1] 10.92133
[1] 162.9415
[1] 3816.707
[1] 52
Iteration:  52 . Objective= 435178.4 
[1] 52
[1] 11.4674
[1] 170.2794
[1] 3804.889
[1] 53
Iteration:  53 . Objective= 442152.4 
[1] 53
[1] 12.04077
[1] 177.8494
[1] 3825.232
[1] 54
Iteration:  54 . Objective= 449149.2 
[1] 54
[1] 12.64281
[1] 185.6613
[1] 3783.917
[1] 55
Iteration:  55 . Objective= 456176.4 
[1] 55
[1] 13.27495
[1] 193.7042
[1] 3850.188
[1] 56
Iteration:  56 . Objective= 463203.9 
[1] 56
[1] 13.9387
[1] 202.0092
[1] 3700.339
[1] 57
Iteration:  57 . Objective= 470172.4 
[1] 57
[1] 14.63563
[1] 210.5005
[1] 4126.145
[1] 58
Iteration:  58 . Objective= 476337.8 
[1] 58
[1] 15.36741
[1] 219.4109
[1] 3078.255
[1] 59
[1] 60
Iteration:  60 . Objective= 476337.8 
[1] 60
[1] 8.067892
[1] 210.8542
[1] 3078.255
[1] 61
[1] 62
Iteration:  62 . Objective= 476337.8 
[1] 62
[1] 4.235643
[1] 210.6386
[1] 3078.255
[1] 63
Iteration:  63 . Objective= 477346.7 
[1] 63
[1] 4.447425
[1] 210.8457
[1] 4351.773
[1] 64
[1] 65
Iteration:  65 . Objective= 477346.7 
[1] 65
[1] 2.334898
[1] 210.6305
[1] 4351.773
[1] 66
Iteration:  66 . Objective= 477425.1 
[1] 66
[1] 2.451643
[1] 210.6292
[1] 3956.06
[1] 67
[1] 68
Iteration:  68 . Objective= 477425.1 
[1] 68
[1] 1.287113
[1] 210.5863
[1] 3956.06
[1] 69
[1] 70
        1         2         3         4         5         6         7         8 
210.58632 160.52181 119.54211 100.14325  78.24849  75.08796  57.89724  56.21335 
        9        10        11        12        13        14        15        16 
 54.44681  49.28672  47.68074  43.60945  41.14252  37.43107  34.64838  33.80323 
       17        18        19        20 
 29.41204  29.20978  25.05817  19.41073 
For users of newer versions (1.0.1+): the `scores` matrix now contains factor scores, the `V` matrix is UNSCALED scores.
For users of newer versions (1.0.1+): the `scores` matrix now contains factor scores.
[1] 8.709708e-05
[1] 1
Iteration:  1 . Objective= -214593.5 
[1] 1
[1] 1
[1] 31.77108
[1] 1977.853
[1] 2
Iteration:  2 . Objective= -178455.5 
[1] 2
[1] 1
[1] 31.65562
[1] 2750.423
[1] 3
Iteration:  3 . Objective= -152464.1 
[1] 3
[1] 1.05
[1] 31.51634
[1] 3243.281
[1] 4
Iteration:  4 . Objective= -130202.6 
[1] 4
[1] 1.1025
[1] 31.35249
[1] 3037.06
[1] 5
Iteration:  5 . Objective= -108775.2 
[1] 5
[1] 1.157625
[1] 31.1606
[1] 2699.437
[1] 6
Iteration:  6 . Objective= -88501.84 
[1] 6
[1] 1.215506
[1] 30.93854
[1] 2625.02
[1] 7
Iteration:  7 . Objective= -70161.82 
[1] 7
[1] 1.276282
[1] 30.70071
[1] 2946.899
[1] 8
Iteration:  8 . Objective= -54073.41 
[1] 8
[1] 1.340096
[1] 30.46582
[1] 2891.015
[1] 9
Iteration:  9 . Objective= -40107.36 
[1] 9
[1] 1.4071
[1] 30.22901
[1] 2853.775
[1] 10
Iteration:  10 . Objective= -27799.52 
[1] 10
[1] 1.477455
[1] 29.96667
[1] 2748.236
[1] 11
Iteration:  11 . Objective= -15686.53 
[1] 11
[1] 1.551328
[1] 29.69367
[1] 2731.287
[1] 12
Iteration:  12 . Objective= -4579.031 
[1] 12
[1] 1.628895
[1] 29.42556
[1] 2809.103
[1] 13
Iteration:  13 . Objective= 5588.203 
[1] 13
[1] 1.710339
[1] 29.18524
[1] 2849.354
[1] 14
Iteration:  14 . Objective= 15385.21 
[1] 14
[1] 1.795856
[1] 29.11769
[1] 2796.186
[1] 15
Iteration:  15 . Objective= 24507.84 
[1] 15
[1] 1.885649
[1] 29.94901
[1] 2751.962
[1] 16
Iteration:  16 . Objective= 32854.16 
[1] 16
[1] 1.979932
[1] 31.7055
[1] 2791.874
[1] 17
Iteration:  17 . Objective= 40813.83 
[1] 17
[1] 2.078928
[1] 33.71515
[1] 2835.781
[1] 18
Iteration:  18 . Objective= 48369.6 
[1] 18
[1] 2.182875
[1] 35.82246
[1] 2805.214
[1] 19
Iteration:  19 . Objective= 55587.26 
[1] 19
[1] 2.292018
[1] 38.00031
[1] 2770.939
[1] 20
Iteration:  20 . Objective= 62736.36 
[1] 20
[1] 2.406619
[1] 40.24272
[1] 2802.812
[1] 21
Iteration:  21 . Objective= 69564.71 
[1] 21
[1] 2.52695
[1] 42.55816
[1] 2828.319
[1] 22
Iteration:  22 . Objective= 76113.89 
[1] 22
[1] 2.653298
[1] 44.97234
[1] 2795.893
[1] 23
Iteration:  23 . Objective= 82474.35 
[1] 23
[1] 2.785963
[1] 47.51302
[1] 2783.748
[1] 24
Iteration:  24 . Objective= 88578 
[1] 24
[1] 2.925261
[1] 50.19889
[1] 2816.327
[1] 25
Iteration:  25 . Objective= 94672 
[1] 25
[1] 3.071524
[1] 53.04767
[1] 2813.871
[1] 26
Iteration:  26 . Objective= 100762.7 
[1] 26
[1] 3.2251
[1] 56.07479
[1] 2786.32
[1] 27
Iteration:  27 . Objective= 106796.4 
[1] 27
[1] 3.386355
[1] 59.28484
[1] 2800.503
[1] 28
Iteration:  28 . Objective= 112793.5 
[1] 28
[1] 3.555673
[1] 62.6808
[1] 2815.012
[1] 29
Iteration:  29 . Objective= 118743.6 
[1] 29
[1] 3.733456
[1] 66.27043
[1] 2793.534
[1] 30
Iteration:  30 . Objective= 124726.1 
[1] 30
[1] 3.920129
[1] 70.05616
[1] 2793.387
[1] 31
Iteration:  31 . Objective= 130727.8 
[1] 31
[1] 4.116136
[1] 74.03655
[1] 2812.438
[1] 32
Iteration:  32 . Objective= 136771.4 
[1] 32
[1] 4.321942
[1] 78.21713
[1] 2800.113
[1] 33
Iteration:  33 . Objective= 142835.1 
[1] 33
[1] 4.538039
[1] 82.60259
[1] 2791.18
[1] 34
Iteration:  34 . Objective= 148943.4 
[1] 34
[1] 4.764941
[1] 87.19157
[1] 2808.021
[1] 35
Iteration:  35 . Objective= 155060.5 
[1] 35
[1] 5.003189
[1] 91.98762
[1] 2803.861
[1] 36
Iteration:  36 . Objective= 161218 
[1] 36
[1] 5.253348
[1] 96.99823
[1] 2790.475
[1] 37
Iteration:  37 . Objective= 167379 
[1] 37
[1] 5.516015
[1] 102.2252
[1] 2802.277
[1] 38
Iteration:  38 . Objective= 173584.7 
[1] 38
[1] 5.791816
[1] 107.6709
[1] 2804.519
[1] 39
Iteration:  39 . Objective= 179839.1 
[1] 39
[1] 6.081407
[1] 113.3405
[1] 2790.32
[1] 40
Iteration:  40 . Objective= 186149.7 
[1] 40
[1] 6.385477
[1] 119.2334
[1] 2795.171
[1] 41
Iteration:  41 . Objective= 192504.1 
[1] 41
[1] 6.704751
[1] 125.347
[1] 2801.617
[1] 42
Iteration:  42 . Objective= 198882.8 
[1] 42
[1] 7.039989
[1] 131.6835
[1] 2792.145
[1] 43
Iteration:  43 . Objective= 205310.6 
[1] 43
[1] 7.391988
[1] 138.2457
[1] 2791.034
[1] 44
Iteration:  44 . Objective= 211781.4 
[1] 44
[1] 7.761588
[1] 145.0355
[1] 2795.022
[1] 45
Iteration:  45 . Objective= 218283.1 
[1] 45
[1] 8.149667
[1] 152.0568
[1] 2792.707
[1] 46
Iteration:  46 . Objective= 224816.1 
[1] 46
[1] 8.55715
[1] 159.3123
[1] 2793.509
[1] 47
Iteration:  47 . Objective= 231383.8 
[1] 47
[1] 8.985008
[1] 166.8031
[1] 2792.896
[1] 48
Iteration:  48 . Objective= 237976.8 
[1] 48
[1] 9.434258
[1] 174.5319
[1] 2792.776
[1] 49
Iteration:  49 . Objective= 244590.4 
[1] 49
[1] 9.905971
[1] 182.5025
[1] 2795.586
[1] 50
Iteration:  50 . Objective= 251215.2 
[1] 50
[1] 10.40127
[1] 190.7212
[1] 2789.965
[1] 51
Iteration:  51 . Objective= 257857 
[1] 51
[1] 10.92133
[1] 199.1933
[1] 2790.517
[1] 52
Iteration:  52 . Objective= 264516.7 
[1] 52
[1] 11.4674
[1] 207.9211
[1] 2795.744
[1] 53
Iteration:  53 . Objective= 271187.1 
[1] 53
[1] 12.04077
[1] 216.9086
[1] 2791.276
[1] 54
Iteration:  54 . Objective= 277857.5 
[1] 54
[1] 12.64281
[1] 226.1602
[1] 2795.572
[1] 55
Iteration:  55 . Objective= 284486.7 
[1] 55
[1] 13.27495
[1] 235.6796
[1] 2786.556
[1] 56
Iteration:  56 . Objective= 290656 
[1] 56
[1] 13.9387
[1] 245.4344
[1] 2967.66
[1] 57
Iteration:  57 . Objective= 292293.1 
[1] 57
[1] 14.63563
[1] 255.4739
[1] 2716.816
[1] 58
[1] 59
Iteration:  59 . Objective= 292293.1 
[1] 59
[1] 7.683706
[1] 245.7458
[1] 2716.816
[1] 60
[1] 61
Iteration:  61 . Objective= 292293.1 
[1] 61
[1] 4.033946
[1] 245.5501
[1] 2716.816
[1] 62
Iteration:  62 . Objective= 297653.3 
[1] 62
[1] 4.235643
[1] 245.7673
[1] 3048.486
[1] 63
[1] 64
Iteration:  64 . Objective= 297653.3 
[1] 64
[1] 2.223713
[1] 245.5582
[1] 3048.486
[1] 65
Iteration:  65 . Objective= 297978.2 
[1] 65
[1] 2.334898
[1] 245.5888
[1] 2822.519
[1] 66
[1] 67
Iteration:  67 . Objective= 297978.2 
[1] 67
[1] 1.225822
[1] 245.5226
[1] 2822.519
[1] 68
[1] 69
        1         2         3         4         5         6         7         8 
245.52262 175.27243 121.62528  93.05568  86.21641  74.66545  64.92259  62.52473 
        9        10        11        12        13        14        15        16 
 60.37127  53.02702  51.41624  49.26762  46.58377  42.77572  41.89542  41.46107 
       17        18        19        20 
 37.22236  31.93384  30.39458  22.03534 
For users of newer versions (1.0.1+): the `scores` matrix now contains factor scores, the `V` matrix is UNSCALED scores.
For users of newer versions (1.0.1+): the `scores` matrix now contains factor scores.
[1] 8.654472e-05
[1] 1
Iteration:  1 . Objective= -14187.79 
[1] 1
[1] 1
[1] 32.00807
[1] 1861.701
[1] 2
Iteration:  2 . Objective= 32413.96 
[1] 2
[1] 1
[1] 31.92797
[1] 4850.511
[1] 3
Iteration:  3 . Objective= 52313.41 
[1] 3
[1] 1.05
[1] 31.8236
[1] 4925.311
[1] 4
Iteration:  4 . Objective= 70021.88 
[1] 4
[1] 1.1025
[1] 31.70783
[1] 3893.648
[1] 5
Iteration:  5 . Objective= 89423.1 
[1] 5
[1] 1.157625
[1] 31.58521
[1] 3354.707
[1] 6
Iteration:  6 . Objective= 109903.8 
[1] 6
[1] 1.215506
[1] 31.44802
[1] 3537.29
[1] 7
Iteration:  7 . Objective= 128678.8 
[1] 7
[1] 1.276282
[1] 31.28365
[1] 4431.856
[1] 8
Iteration:  8 . Objective= 144747.2 
[1] 8
[1] 1.340096
[1] 31.09123
[1] 4042.367
[1] 9
Iteration:  9 . Objective= 159313.6 
[1] 9
[1] 1.4071
[1] 30.87325
[1] 3794.456
[1] 10
Iteration:  10 . Objective= 173135.8 
[1] 10
[1] 1.477455
[1] 30.63958
[1] 3627.517
[1] 11
Iteration:  11 . Objective= 186062.9 
[1] 11
[1] 1.551328
[1] 30.40444
[1] 3734.883
[1] 12
Iteration:  12 . Objective= 197732.4 
[1] 12
[1] 1.628895
[1] 30.18496
[1] 3897.162
[1] 13
Iteration:  13 . Objective= 208445.8 
[1] 13
[1] 1.710339
[1] 30.00989
[1] 3861.579
[1] 14
Iteration:  14 . Objective= 218692.4 
[1] 14
[1] 1.795856
[1] 29.94695
[1] 3721.531
[1] 15
Iteration:  15 . Objective= 228344.4 
[1] 15
[1] 1.885649
[1] 30.5647
[1] 3722.86
[1] 16
Iteration:  16 . Objective= 237459 
[1] 16
[1] 1.979932
[1] 31.80417
[1] 3843.26
[1] 17
Iteration:  17 . Objective= 246008.8 
[1] 17
[1] 2.078928
[1] 33.07723
[1] 3854.737
[1] 18
Iteration:  18 . Objective= 253856.1 
[1] 18
[1] 2.182875
[1] 34.38948
[1] 3756.505
[1] 19
Iteration:  19 . Objective= 261379.7 
[1] 19
[1] 2.292018
[1] 35.74921
[1] 3759.625
[1] 20
Iteration:  20 . Objective= 268693 
[1] 20
[1] 2.406619
[1] 37.15017
[1] 3846.839
[1] 21
Iteration:  21 . Objective= 275787.8 
[1] 21
[1] 2.52695
[1] 38.5861
[1] 3823.187
[1] 22
Iteration:  22 . Objective= 282767.8 
[1] 22
[1] 2.653298
[1] 40.06018
[1] 3753.858
[1] 23
Iteration:  23 . Objective= 289576.5 
[1] 23
[1] 2.785963
[1] 41.66503
[1] 3802.841
[1] 24
Iteration:  24 . Objective= 296171.7 
[1] 24
[1] 2.925261
[1] 43.64553
[1] 3840.007
[1] 25
Iteration:  25 . Objective= 302541 
[1] 25
[1] 3.071524
[1] 45.84597
[1] 3775.002
[1] 26
Iteration:  26 . Objective= 308802.2 
[1] 26
[1] 3.2251
[1] 48.21506
[1] 3783.265
[1] 27
Iteration:  27 . Objective= 314954 
[1] 27
[1] 3.386355
[1] 50.74989
[1] 3836.036
[1] 28
Iteration:  28 . Objective= 321037 
[1] 28
[1] 3.555673
[1] 53.45855
[1] 3788.872
[1] 29
Iteration:  29 . Objective= 327123.4 
[1] 29
[1] 3.733456
[1] 56.33739
[1] 3789.181
[1] 30
Iteration:  30 . Objective= 333156.7 
[1] 30
[1] 3.920129
[1] 59.37578
[1] 3832.847
[1] 31
Iteration:  31 . Objective= 339159.5 
[1] 31
[1] 4.116136
[1] 62.57713
[1] 3785.342
[1] 32
Iteration:  32 . Objective= 345162.2 
[1] 32
[1] 4.321942
[1] 65.93948
[1] 3806.221
[1] 33
Iteration:  33 . Objective= 351202.2 
[1] 33
[1] 4.538039
[1] 69.46384
[1] 3823.435
[1] 34
Iteration:  34 . Objective= 357242 
[1] 34
[1] 4.764941
[1] 73.15866
[1] 3786.107
[1] 35
Iteration:  35 . Objective= 363289 
[1] 35
[1] 5.003189
[1] 77.0206
[1] 3835.591
[1] 36
Iteration:  36 . Objective= 369364.3 
[1] 36
[1] 5.253348
[1] 81.05926
[1] 3796.048
[1] 37
Iteration:  37 . Objective= 375535.7 
[1] 37
[1] 5.516015
[1] 85.27578
[1] 3823.924
[1] 38
Iteration:  38 . Objective= 381750.6 
[1] 38
[1] 5.791816
[1] 89.67708
[1] 3809.676
[1] 39
Iteration:  39 . Objective= 387985.8 
[1] 39
[1] 6.081407
[1] 94.26671
[1] 3809.561
[1] 40
Iteration:  40 . Objective= 394233.9 
[1] 40
[1] 6.385477
[1] 99.0449
[1] 3825.17
[1] 41
Iteration:  41 . Objective= 400529.7 
[1] 41
[1] 6.704751
[1] 104.0193
[1] 3792.798
[1] 42
Iteration:  42 . Objective= 406879.6 
[1] 42
[1] 7.039989
[1] 109.1847
[1] 3852.731
[1] 43
Iteration:  43 . Objective= 413238.8 
[1] 43
[1] 7.391988
[1] 114.5609
[1] 3749.469
[1] 44
Iteration:  44 . Objective= 419649.7 
[1] 44
[1] 7.761588
[1] 120.1162
[1] 3979.244
[1] 45
Iteration:  45 . Objective= 426048.4 
[1] 45
[1] 8.149667
[1] 125.9038
[1] 3655.033
[1] 46
Iteration:  46 . Objective= 432425.6 
[1] 46
[1] 8.55715
[1] 131.7737
[1] 4820.906
[1] 47
Iteration:  47 . Objective= 438388.1 
[1] 47
[1] 8.985008
[1] 137.8911
[1] 3603.781
[1] 48
Iteration:  48 . Objective= 441540.1 
[1] 48
[1] 9.434258
[1] 143.8281
[1] 10722.6
[1] 49
Iteration:  49 . Objective= 449779.8 
[1] 49
[1] 9.905971
[1] 150.014
[1] 3696.975
[1] 50
Iteration:  50 . Objective= 455389.3 
[1] 50
[1] 10.40127
[1] 156.1099
[1] 7956.728
[1] 51
Iteration:  51 . Objective= 461509.7 
[1] 51
[1] 10.92133
[1] 162.5103
[1] 3503.891
[1] 52
[1] 53
Iteration:  53 . Objective= 461509.7 
[1] 53
[1] 5.7337
[1] 156.3739
[1] 3503.891
[1] 54
[1] 55
Iteration:  55 . Objective= 461509.7 
[1] 55
[1] 3.010192
[1] 156.2008
[1] 3503.891
[1] 56
Iteration:  56 . Objective= 462781.2 
[1] 56
[1] 3.160702
[1] 156.3263
[1] 5156.404
[1] 57
[1] 58
Iteration:  58 . Objective= 462781.2 
[1] 58
[1] 1.659369
[1] 156.1737
[1] 5156.404
[1] 59
Iteration:  59 . Objective= 463059.5 
[1] 59
[1] 1.742337
[1] 156.148
[1] 3932.449
[1] 60
[1] 61
        1         2         3         4         5         6         7         8 
156.14797 117.64506  87.09585  71.17661  59.62634  50.31576  46.50433  44.12751 
        9        10        11        12        13        14        15        16 
 39.12390  37.79028  31.79622  29.72874  28.91989  26.54140  25.07426  23.46504 
       17        18        19        20 
 22.02607  20.05021  18.40949  13.31614 
For users of newer versions (1.0.1+): the `scores` matrix now contains factor scores, the `V` matrix is UNSCALED scores.
For users of newer versions (1.0.1+): the `scores` matrix now contains factor scores.
[1] 8.536815e-05
[1] 1
Iteration:  1 . Objective= -21666.03 
[1] 1
[1] 1
[1] 38.01897
[1] 1944.37
[1] 2
Iteration:  2 . Objective= 25544.02 
[1] 2
[1] 1
[1] 38.02991
[1] 3910.782
[1] 3
Iteration:  3 . Objective= 47465.67 
[1] 3
[1] 1.05
[1] 38.01071
[1] 5016.475
[1] 4
Iteration:  4 . Objective= 64725.28 
[1] 4
[1] 1.1025
[1] 37.98659
[1] 4690.44
[1] 5
Iteration:  5 . Objective= 81918.33 
[1] 5
[1] 1.157625
[1] 37.98856
[1] 3574.948
[1] 6
Iteration:  6 . Objective= 102189.2 
[1] 6
[1] 1.215506
[1] 38.01778
[1] 3252.368
[1] 7
Iteration:  7 . Objective= 124018.3 
[1] 7
[1] 1.276282
[1] 38.04385
[1] 3707.641
[1] 8
Iteration:  8 . Objective= 142903.4 
[1] 8
[1] 1.340096
[1] 38.04486
[1] 4173.798
[1] 9
Iteration:  9 . Objective= 158260 
[1] 9
[1] 1.4071
[1] 38.0156
[1] 4054.304
[1] 10
Iteration:  10 . Objective= 171795.5 
[1] 10
[1] 1.477455
[1] 37.95851
[1] 3690.116
[1] 11
Iteration:  11 . Objective= 184560.1 
[1] 11
[1] 1.551328
[1] 37.87804
[1] 3652.88
[1] 12
Iteration:  12 . Objective= 196379.8 
[1] 12
[1] 1.628895
[1] 37.78294
[1] 3928.886
[1] 13
Iteration:  13 . Objective= 207131 
[1] 13
[1] 1.710339
[1] 37.68954
[1] 4038.958
[1] 14
Iteration:  14 . Objective= 217185.1 
[1] 14
[1] 1.795856
[1] 37.62083
[1] 3844.425
[1] 15
Iteration:  15 . Objective= 226823.1 
[1] 15
[1] 1.885649
[1] 37.59799
[1] 3723.605
[1] 16
Iteration:  16 . Objective= 236075.4 
[1] 16
[1] 1.979932
[1] 37.63216
[1] 3877.999
[1] 17
Iteration:  17 . Objective= 244649.4 
[1] 17
[1] 2.078928
[1] 37.73579
[1] 3994.757
[1] 18
Iteration:  18 . Objective= 252570.9 
[1] 18
[1] 2.182875
[1] 37.9376
[1] 3865.187
[1] 19
Iteration:  19 . Objective= 260146.9 
[1] 19
[1] 2.292018
[1] 38.29249
[1] 3781.894
[1] 20
Iteration:  20 . Objective= 267488.5 
[1] 20
[1] 2.406619
[1] 38.89649
[1] 3916.99
[1] 21
Iteration:  21 . Objective= 274579.2 
[1] 21
[1] 2.52695
[1] 39.87988
[1] 3957.342
[1] 22
Iteration:  22 . Objective= 281465.4 
[1] 22
[1] 2.653298
[1] 41.32205
[1] 3827.14
[1] 23
Iteration:  23 . Objective= 288136.1 
[1] 23
[1] 2.785963
[1] 43.16569
[1] 3854.606
[1] 24
Iteration:  24 . Objective= 294571.4 
[1] 24
[1] 2.925261
[1] 45.29095
[1] 3958.822
[1] 25
Iteration:  25 . Objective= 300883 
[1] 25
[1] 3.071524
[1] 47.62372
[1] 3868.253
[1] 26
Iteration:  26 . Objective= 307216.7 
[1] 26
[1] 3.2251
[1] 50.1233
[1] 3843.266
[1] 27
Iteration:  27 . Objective= 313525.6 
[1] 27
[1] 3.386355
[1] 52.76064
[1] 3949.724
[1] 28
Iteration:  28 . Objective= 319721.3 
[1] 28
[1] 3.555673
[1] 55.5396
[1] 3870.994
[1] 29
Iteration:  29 . Objective= 325862.2 
[1] 29
[1] 3.733456
[1] 58.46371
[1] 3859.307
[1] 30
Iteration:  30 . Objective= 331965.6 
[1] 30
[1] 3.920129
[1] 61.52859
[1] 3947.446
[1] 31
Iteration:  31 . Objective= 338037.7 
[1] 31
[1] 4.116136
[1] 64.75326
[1] 3846.349
[1] 32
Iteration:  32 . Objective= 344152.2 
[1] 32
[1] 4.321942
[1] 68.13829
[1] 3910.738
[1] 33
Iteration:  33 . Objective= 350296.5 
[1] 33
[1] 4.538039
[1] 71.69193
[1] 3905.134
[1] 34
Iteration:  34 . Objective= 356470.7 
[1] 34
[1] 4.764941
[1] 75.4267
[1] 3855.746
[1] 35
Iteration:  35 . Objective= 362679.7 
[1] 35
[1] 5.003189
[1] 79.33506
[1] 3949.19
[1] 36
Iteration:  36 . Objective= 368927.8 
[1] 36
[1] 5.253348
[1] 83.43683
[1] 3823.629
[1] 37
Iteration:  37 . Objective= 375263.8 
[1] 37
[1] 5.516015
[1] 87.71234
[1] 3987.581
[1] 38
Iteration:  38 . Objective= 381607.3 
[1] 38
[1] 5.791816
[1] 92.19371
[1] 3772.991
[1] 39
Iteration:  39 . Objective= 388027.5 
[1] 39
[1] 6.081407
[1] 96.83874
[1] 4095.971
[1] 40
Iteration:  40 . Objective= 394406.8 
[1] 40
[1] 6.385477
[1] 101.7234
[1] 3604.414
[1] 41
Iteration:  41 . Objective= 400874.9 
[1] 41
[1] 6.704751
[1] 106.7245
[1] 4535.58
[1] 42
Iteration:  42 . Objective= 407175.5 
[1] 42
[1] 7.039989
[1] 111.9833
[1] 3568.279
[1] 43
Iteration:  43 . Objective= 413316.2 
[1] 43
[1] 7.391988
[1] 117.2348
[1] 6086.673
[1] 44
Iteration:  44 . Objective= 419484 
[1] 44
[1] 7.761588
[1] 122.7561
[1] 3593.946
[1] 45
Iteration:  45 . Objective= 425197.2 
[1] 45
[1] 8.149667
[1] 128.199
[1] 7565.646
[1] 46
Iteration:  46 . Objective= 431815.9 
[1] 46
[1] 8.55715
[1] 133.9257
[1] 3618.443
[1] 47
Iteration:  47 . Objective= 437608.7 
[1] 47
[1] 8.985008
[1] 139.6075
[1] 7007.469
[1] 48
Iteration:  48 . Objective= 443650.1 
[1] 48
[1] 9.434258
[1] 145.5964
[1] 3593.949
[1] 49
Iteration:  49 . Objective= 447289.2 
[1] 49
[1] 9.905971
[1] 151.4199
[1] 10774.57
[1] 50
Iteration:  50 . Objective= 454460.3 
[1] 50
[1] 10.40127
[1] 157.566
[1] 3619.898
[1] 51
Iteration:  51 . Objective= 454522.5 
[1] 51
[1] 10.92133
[1] 163.4755
[1] 16093.8
[1] 52
Iteration:  52 . Objective= 464432.3 
[1] 52
[1] 11.4674
[1] 169.7558
[1] 3526.697
[1] 53
[1] 54
Iteration:  54 . Objective= 464432.3 
[1] 54
[1] 6.020385
[1] 163.7679
[1] 3526.697
[1] 55
[1] 56
Iteration:  56 . Objective= 464432.3 
[1] 56
[1] 3.160702
[1] 163.5814
[1] 3526.697
[1] 57
Iteration:  57 . Objective= 467056.9 
[1] 57
[1] 3.318737
[1] 163.7218
[1] 5420.273
[1] 58
[1] 59
Iteration:  59 . Objective= 467056.9 
[1] 59
[1] 1.742337
[1] 163.5547
[1] 5420.273
[1] 60
Iteration:  60 . Objective= 467239.8 
[1] 60
[1] 1.829454
[1] 163.5366
[1] 3897.414
[1] 61
[1] 62
        1         2         3         4         5         6         7         8 
163.53661 121.05646  79.84043  67.59200  56.02871  55.15078  46.94876  42.71067 
        9        10        11        12        13        14        15        16 
 40.60710  38.15604  34.74042  28.86372  27.69678  25.42531  24.72479  20.64518 
       17        18        19        20 
 20.44684  19.95410  17.73020  11.87214 
For users of newer versions (1.0.1+): the `scores` matrix now contains factor scores, the `V` matrix is UNSCALED scores.
For users of newer versions (1.0.1+): the `scores` matrix now contains factor scores.
[1] 8.870684e-05
[1] 1
Iteration:  1 . Objective= -193305.2 
[1] 1
[1] 1
[1] 35.04654
[1] 3498.988
[1] 2
Iteration:  2 . Objective= -171443.3 
[1] 2
[1] 1
[1] 34.96602
[1] 3228.166
[1] 3
Iteration:  3 . Objective= -149562.5 
[1] 3
[1] 1.05
[1] 34.86211
[1] 4271.691
[1] 4
Iteration:  4 . Objective= -131352.9 
[1] 4
[1] 1.1025
[1] 34.73195
[1] 4690.157
[1] 5
Iteration:  5 . Objective= -114198.4 
[1] 5
[1] 1.157625
[1] 34.58111
[1] 4013.413
[1] 6
Iteration:  6 . Objective= -95781.03 
[1] 6
[1] 1.215506
[1] 34.4223
[1] 3457.963
[1] 7
Iteration:  7 . Objective= -75300.95 
[1] 7
[1] 1.276282
[1] 34.2724
[1] 3491.947
[1] 8
Iteration:  8 . Objective= -55366.07 
[1] 8
[1] 1.340096
[1] 34.14458
[1] 3849.342
[1] 9
Iteration:  9 . Objective= -38243.12 
[1] 9
[1] 1.4071
[1] 34.04865
[1] 3997.254
[1] 10
Iteration:  10 . Objective= -23153.95 
[1] 10
[1] 1.477455
[1] 33.982
[1] 3809.981
[1] 11
Iteration:  11 . Objective= -9090.624 
[1] 11
[1] 1.551328
[1] 33.90912
[1] 3626.803
[1] 12
Iteration:  12 . Objective= 3917.408 
[1] 12
[1] 1.628895
[1] 33.79553
[1] 3694.56
[1] 13
Iteration:  13 . Objective= 15895.96 
[1] 13
[1] 1.710339
[1] 33.67727
[1] 3840.064
[1] 14
Iteration:  14 . Objective= 26888.62 
[1] 14
[1] 1.795856
[1] 33.64748
[1] 3799.099
[1] 15
Iteration:  15 . Objective= 37096.77 
[1] 15
[1] 1.885649
[1] 33.7989
[1] 3659.07
[1] 16
Iteration:  16 . Objective= 46680.35 
[1] 16
[1] 1.979932
[1] 34.16617
[1] 3668.808
[1] 17
Iteration:  17 . Objective= 55596.88 
[1] 17
[1] 2.078928
[1] 34.73283
[1] 3799.431
[1] 18
Iteration:  18 . Objective= 63835.01 
[1] 18
[1] 2.182875
[1] 35.51261
[1] 3806.89
[1] 19
Iteration:  19 . Objective= 71551.06 
[1] 19
[1] 2.292018
[1] 36.57822
[1] 3686.677
[1] 20
Iteration:  20 . Objective= 79076.19 
[1] 20
[1] 2.406619
[1] 37.98813
[1] 3673.23
[1] 21
Iteration:  21 . Objective= 86500.83 
[1] 21
[1] 2.52695
[1] 39.72128
[1] 3776.767
[1] 22
Iteration:  22 . Objective= 93562.83 
[1] 22
[1] 2.653298
[1] 41.70277
[1] 3782.974
[1] 23
Iteration:  23 . Objective= 100236.1 
[1] 23
[1] 2.785963
[1] 43.87451
[1] 3710.294
[1] 24
Iteration:  24 . Objective= 106774.7 
[1] 24
[1] 2.925261
[1] 46.19905
[1] 3735.217
[1] 25
Iteration:  25 . Objective= 113256.5 
[1] 25
[1] 3.071524
[1] 48.64989
[1] 3778.705
[1] 26
Iteration:  26 . Objective= 119577.7 
[1] 26
[1] 3.2251
[1] 51.21963
[1] 3728.306
[1] 27
Iteration:  27 . Objective= 125716.3 
[1] 27
[1] 3.386355
[1] 53.90763
[1] 3722.202
[1] 28
Iteration:  28 . Objective= 131710.1 
[1] 28
[1] 3.555673
[1] 56.71318
[1] 3786.485
[1] 29
Iteration:  29 . Objective= 137524 
[1] 29
[1] 3.733456
[1] 59.64505
[1] 3758.409
[1] 30
Iteration:  30 . Objective= 143240.8 
[1] 30
[1] 3.920129
[1] 62.71152
[1] 3712.536
[1] 31
Iteration:  31 . Objective= 148966.5 
[1] 31
[1] 4.116136
[1] 65.9104
[1] 3758.276
[1] 32
Iteration:  32 . Objective= 154733.3 
[1] 32
[1] 4.321942
[1] 69.24673
[1] 3755.345
[1] 33
Iteration:  33 . Objective= 160571.3 
[1] 33
[1] 4.538039
[1] 72.72776
[1] 3724.226
[1] 34
Iteration:  34 . Objective= 166482.3 
[1] 34
[1] 4.764941
[1] 76.35239
[1] 3762.351
[1] 35
Iteration:  35 . Objective= 172391.8 
[1] 35
[1] 5.003189
[1] 80.12943
[1] 3743.821
[1] 36
Iteration:  36 . Objective= 178314.8 
[1] 36
[1] 5.253348
[1] 84.0671
[1] 3728.22
[1] 37
Iteration:  37 . Objective= 184311.7 
[1] 37
[1] 5.516015
[1] 88.16568
[1] 3767.242
[1] 38
Iteration:  38 . Objective= 190377.2 
[1] 38
[1] 5.791816
[1] 92.43849
[1] 3725.72
[1] 39
Iteration:  39 . Objective= 196524.1 
[1] 39
[1] 6.081407
[1] 96.89166
[1] 3738.494
[1] 40
Iteration:  40 . Objective= 202735.4 
[1] 40
[1] 6.385477
[1] 101.5309
[1] 3745.639
[1] 41
Iteration:  41 . Objective= 209027.2 
[1] 41
[1] 6.704751
[1] 106.3661
[1] 3725.496
[1] 42
Iteration:  42 . Objective= 215397.9 
[1] 42
[1] 7.039989
[1] 111.3963
[1] 3762.568
[1] 43
Iteration:  43 . Objective= 221801.8 
[1] 43
[1] 7.391988
[1] 116.6343
[1] 3713.899
[1] 44
Iteration:  44 . Objective= 228269.2 
[1] 44
[1] 7.761588
[1] 122.0749
[1] 3777.939
[1] 45
Iteration:  45 . Objective= 234761.6 
[1] 45
[1] 8.149667
[1] 127.7351
[1] 3698.002
[1] 46
Iteration:  46 . Objective= 241311.9 
[1] 46
[1] 8.55715
[1] 133.6027
[1] 3800.19
[1] 47
Iteration:  47 . Objective= 247893.3 
[1] 47
[1] 8.985008
[1] 139.7051
[1] 3652.07
[1] 48
Iteration:  48 . Objective= 254517.8 
[1] 48
[1] 9.434258
[1] 146.008
[1] 3888.429
[1] 49
Iteration:  49 . Objective= 261070.2 
[1] 49
[1] 9.905971
[1] 152.5499
[1] 3661.654
[1] 50
Iteration:  50 . Objective= 267254.4 
[1] 50
[1] 10.40127
[1] 159.2589
[1] 4170.205
[1] 51
Iteration:  51 . Objective= 272751.1 
[1] 51
[1] 10.92133
[1] 165.9851
[1] 5578.198
[1] 52
Iteration:  52 . Objective= 278199.6 
[1] 52
[1] 11.4674
[1] 172.9264
[1] 3942.121
[1] 53
Iteration:  53 . Objective= 284270.2 
[1] 53
[1] 12.04077
[1] 179.8601
[1] 6036.275
[1] 54
Iteration:  54 . Objective= 290440.7 
[1] 54
[1] 12.64281
[1] 187.067
[1] 3709.405
[1] 55
Iteration:  55 . Objective= 292620.9 
[1] 55
[1] 13.27495
[1] 194.186
[1] 7628.539
[1] 56
Iteration:  56 . Objective= 300150.4 
[1] 56
[1] 13.9387
[1] 201.6227
[1] 3544.706
[1] 57
[1] 58
Iteration:  58 . Objective= 300150.4 
[1] 58
[1] 7.317815
[1] 194.4619
[1] 3544.706
[1] 59
[1] 60
Iteration:  60 . Objective= 300150.4 
[1] 60
[1] 3.841853
[1] 194.2831
[1] 3544.706
[1] 61
Iteration:  61 . Objective= 305240 
[1] 61
[1] 4.033946
[1] 194.4673
[1] 3844.14
[1] 62
[1] 63
Iteration:  63 . Objective= 305240 
[1] 63
[1] 2.117822
[1] 194.2835
[1] 3844.14
[1] 64
Iteration:  64 . Objective= 305423.3 
[1] 64
[1] 2.223713
[1] 194.2921
[1] 3756.522
[1] 65
[1] 66
Iteration:  66 . Objective= 305423.3 
[1] 66
[1] 1.167449
[1] 194.2403
[1] 3756.522
[1] 67
[1] 68
        1         2         3         4         5         6         7         8 
194.24027 144.72328 103.89186  87.18889  72.51877  63.59567  56.03059  50.75810 
        9        10        11        12        13        14        15        16 
 49.14806  40.36092  38.86209  36.58822  35.24466  32.71519  29.98808  25.64657 
       17        18        19        20 
 24.09168  23.29456  20.50687  15.85332 
For users of newer versions (1.0.1+): the `scores` matrix now contains factor scores, the `V` matrix is UNSCALED scores.
For users of newer versions (1.0.1+): the `scores` matrix now contains factor scores.
[1] 8.734421e-05
[1] 1
Iteration:  1 . Objective= 204107.5 
[1] 1
[1] 1
[1] 40.01144
[1] 2518.367
[1] 2
Iteration:  2 . Objective= 246543.8 
[1] 2
[1] 1
[1] 39.86566
[1] 4125.213
[1] 3
Iteration:  3 . Objective= 272836 
[1] 3
[1] 1.05
[1] 39.76821
[1] 4711.897
[1] 4
Iteration:  4 . Objective= 296043.6 
[1] 4
[1] 1.1025
[1] 39.71314
[1] 4235.893
[1] 5
Iteration:  5 . Objective= 319767.3 
[1] 5
[1] 1.157625
[1] 39.6864
[1] 3797.437
[1] 6
Iteration:  6 . Objective= 343083.6 
[1] 6
[1] 1.215506
[1] 39.68336
[1] 3793.912
[1] 7
Iteration:  7 . Objective= 363554.1 
[1] 7
[1] 1.276282
[1] 39.68477
[1] 4509.807
[1] 8
Iteration:  8 . Objective= 380836.9 
[1] 8
[1] 1.340096
[1] 39.69745
[1] 4168.703
[1] 9
Iteration:  9 . Objective= 396384.9 
[1] 9
[1] 1.4071
[1] 39.7202
[1] 4067.509
[1] 10
Iteration:  10 . Objective= 410924.9 
[1] 10
[1] 1.477455
[1] 39.75296
[1] 3945.567
[1] 11
Iteration:  11 . Objective= 424690 
[1] 11
[1] 1.551328
[1] 39.79397
[1] 3976.322
[1] 12
Iteration:  12 . Objective= 436727.3 
[1] 12
[1] 1.628895
[1] 39.84269
[1] 4081.92
[1] 13
Iteration:  13 . Objective= 447296.9 
[1] 13
[1] 1.710339
[1] 39.90408
[1] 4094.275
[1] 14
Iteration:  14 . Objective= 457537.6 
[1] 14
[1] 1.795856
[1] 39.98832
[1] 4012.716
[1] 15
Iteration:  15 . Objective= 467481.9 
[1] 15
[1] 1.885649
[1] 40.10681
[1] 3979.768
[1] 16
Iteration:  16 . Objective= 476922.8 
[1] 16
[1] 1.979932
[1] 40.27187
[1] 4037.68
[1] 17
Iteration:  17 . Objective= 485838.7 
[1] 17
[1] 2.078928
[1] 40.50387
[1] 4071.294
[1] 18
Iteration:  18 . Objective= 494250.5 
[1] 18
[1] 2.182875
[1] 40.83982
[1] 4024.515
[1] 19
Iteration:  19 . Objective= 502522 
[1] 19
[1] 2.292018
[1] 41.3343
[1] 3998.083
[1] 20
Iteration:  20 . Objective= 510529.6 
[1] 20
[1] 2.406619
[1] 42.04621
[1] 4044.668
[1] 21
Iteration:  21 . Objective= 517976.1 
[1] 21
[1] 2.52695
[1] 43.02043
[1] 4065.213
[1] 22
Iteration:  22 . Objective= 525159.8 
[1] 22
[1] 2.653298
[1] 44.27399
[1] 4023.228
[1] 23
Iteration:  23 . Objective= 532194.1 
[1] 23
[1] 2.785963
[1] 45.79013
[1] 4019.322
[1] 24
Iteration:  24 . Objective= 538981.1 
[1] 24
[1] 2.925261
[1] 47.53204
[1] 4057.685
[1] 25
Iteration:  25 . Objective= 545635.7 
[1] 25
[1] 3.071524
[1] 49.46752
[1] 4042.583
[1] 26
Iteration:  26 . Objective= 552335.4 
[1] 26
[1] 3.2251
[1] 51.57717
[1] 4018.047
[1] 27
Iteration:  27 . Objective= 558884.5 
[1] 27
[1] 3.386355
[1] 53.85075
[1] 4050.742
[1] 28
Iteration:  28 . Objective= 565267.5 
[1] 28
[1] 3.555673
[1] 56.28954
[1] 4051.323
[1] 29
Iteration:  29 . Objective= 571577.8 
[1] 29
[1] 3.733456
[1] 58.90064
[1] 4021.116
[1] 30
Iteration:  30 . Objective= 577829.4 
[1] 30
[1] 3.920129
[1] 61.68551
[1] 4046.299
[1] 31
Iteration:  31 . Objective= 583992.1 
[1] 31
[1] 4.116136
[1] 64.64666
[1] 4049.07
[1] 32
Iteration:  32 . Objective= 590242.2 
[1] 32
[1] 4.321942
[1] 67.78902
[1] 4024.362
[1] 33
Iteration:  33 . Objective= 596543.8 
[1] 33
[1] 4.538039
[1] 71.11184
[1] 4051.371
[1] 34
Iteration:  34 . Objective= 602853.1 
[1] 34
[1] 4.764941
[1] 74.61775
[1] 4043.194
[1] 35
Iteration:  35 . Objective= 609191.3 
[1] 35
[1] 5.003189
[1] 78.30949
[1] 4031.384
[1] 36
Iteration:  36 . Objective= 615552.1 
[1] 36
[1] 5.253348
[1] 82.18586
[1] 4057.774
[1] 37
Iteration:  37 . Objective= 621894.7 
[1] 37
[1] 5.516015
[1] 86.25279
[1] 4032.395
[1] 38
Iteration:  38 . Objective= 628284.6 
[1] 38
[1] 5.791816
[1] 90.51203
[1] 4046.448
[1] 39
Iteration:  39 . Objective= 634659.7 
[1] 39
[1] 6.081407
[1] 94.96802
[1] 4047.477
[1] 40
Iteration:  40 . Objective= 641072.2 
[1] 40
[1] 6.385477
[1] 99.62741
[1] 4036.078
[1] 41
Iteration:  41 . Objective= 647554.1 
[1] 41
[1] 6.704751
[1] 104.4925
[1] 4053.443
[1] 42
Iteration:  42 . Objective= 654057.7 
[1] 42
[1] 7.039989
[1] 109.5681
[1] 4042.24
[1] 43
Iteration:  43 . Objective= 660573.3 
[1] 43
[1] 7.391988
[1] 114.86
[1] 4036.151
[1] 44
Iteration:  44 . Objective= 666582 
[1] 44
[1] 7.761588
[1] 120.3593
[1] 4083.104
[1] 45
Iteration:  45 . Objective= 670289.1 
[1] 45
[1] 8.149667
[1] 125.7309
[1] 9743.809
[1] 46
Iteration:  46 . Objective= 676679.3 
[1] 46
[1] 8.55715
[1] 131.3209
[1] 4097.241
[1] 47
Iteration:  47 . Objective= 685526.5 
[1] 47
[1] 8.985008
[1] 136.9944
[1] 5444.868
[1] 48
Iteration:  48 . Objective= 688337.8 
[1] 48
[1] 9.434258
[1] 142.6793
[1] 6416.712
[1] 49
Iteration:  49 . Objective= 690915.6 
[1] 49
[1] 9.905971
[1] 148.552
[1] 4457.526
[1] 50
[1] 51
Iteration:  51 . Objective= 690915.6 
[1] 51
[1] 5.200635
[1] 142.8749
[1] 4457.526
[1] 52
Iteration:  52 . Objective= 696486.6 
[1] 52
[1] 5.460667
[1] 143.1804
[1] 6585.203
[1] 53
[1] 54
Iteration:  54 . Objective= 696486.6 
[1] 54
[1] 2.86685
[1] 142.8903
[1] 6585.203
[1] 55
Iteration:  55 . Objective= 698062.2 
[1] 55
[1] 3.010192
[1] 143.0027
[1] 3925.01
[1] 56
[1] 57
Iteration:  57 . Objective= 698062.2 
[1] 57
[1] 1.580351
[1] 142.8939
[1] 3925.01
[1] 58
Iteration:  58 . Objective= 698495.5 
[1] 58
[1] 1.659369
[1] 142.9043
[1] 4023.067
[1] 59
[1] 60
        1         2         3         4         5         6         7         8 
142.90429 109.83278  82.31358  59.54429  52.51500  50.67178  48.43762  41.58462 
        9        10        11        12        13        14        15        16 
 39.66631  32.20438  30.18205  28.27482  25.74765  25.55973  22.58947  21.14081 
       17        18        19        20 
 17.97379  16.32357  15.91286  12.52093 
For users of newer versions (1.0.1+): the `scores` matrix now contains factor scores, the `V` matrix is UNSCALED scores.
For users of newer versions (1.0.1+): the `scores` matrix now contains factor scores.
[1] 9.038535e-05
[1] 1
Iteration:  1 . Objective= -125909.2 
[1] 1
[1] 1
[1] 62.47215
[1] 11152.41
[1] 2
Iteration:  2 . Objective= -108401 
[1] 2
[1] 1
[1] 62.16647
[1] 10319.83
[1] 3
Iteration:  3 . Objective= -87492.07 
[1] 3
[1] 1.05
[1] 61.82366
[1] 8564.765
[1] 4
Iteration:  4 . Objective= -65105.88 
[1] 4
[1] 1.1025
[1] 61.47501
[1] 5623.879
[1] 5
Iteration:  5 . Objective= -40856.08 
[1] 5
[1] 1.157625
[1] 61.19552
[1] 3819.856
[1] 6
Iteration:  6 . Objective= -11869.16 
[1] 6
[1] 1.215506
[1] 60.97084
[1] 5637.63
[1] 7
Iteration:  7 . Objective= 12833.29 
[1] 7
[1] 1.276282
[1] 60.78628
[1] 5268.043
[1] 8
Iteration:  8 . Objective= 33834.6 
[1] 8
[1] 1.340096
[1] 60.62596
[1] 4750.137
[1] 9
Iteration:  9 . Objective= 52862.16 
[1] 9
[1] 1.4071
[1] 60.45752
[1] 4227.613
[1] 10
Iteration:  10 . Objective= 69794.63 
[1] 10
[1] 1.477455
[1] 60.23532
[1] 4136.34
[1] 11
Iteration:  11 . Objective= 84108.67 
[1] 11
[1] 1.551328
[1] 59.95454
[1] 4868.411
[1] 12
Iteration:  12 . Objective= 96773.07 
[1] 12
[1] 1.628895
[1] 59.6399
[1] 4618.43
[1] 13
Iteration:  13 . Objective= 107931.3 
[1] 13
[1] 1.710339
[1] 59.32717
[1] 3980.634
[1] 14
Iteration:  14 . Objective= 117424.8 
[1] 14
[1] 1.795856
[1] 59.03112
[1] 4007.372
[1] 15
Iteration:  15 . Objective= 126317.2 
[1] 15
[1] 1.885649
[1] 58.73544
[1] 4515.091
[1] 16
Iteration:  16 . Objective= 134875.2 
[1] 16
[1] 1.979932
[1] 58.41726
[1] 4551.288
[1] 17
Iteration:  17 . Objective= 143333 
[1] 17
[1] 2.078928
[1] 58.06166
[1] 4121.116
[1] 18
Iteration:  18 . Objective= 151474.7 
[1] 18
[1] 2.182875
[1] 57.68229
[1] 4079.868
[1] 19
Iteration:  19 . Objective= 159362.5 
[1] 19
[1] 2.292018
[1] 57.29956
[1] 4454.257
[1] 20
Iteration:  20 . Objective= 166714.7 
[1] 20
[1] 2.406619
[1] 56.91196
[1] 4439.085
[1] 21
Iteration:  21 . Objective= 173540.5 
[1] 21
[1] 2.52695
[1] 56.50031
[1] 4111.82
[1] 22
Iteration:  22 . Objective= 180327.6 
[1] 22
[1] 2.653298
[1] 56.06234
[1] 4219.939
[1] 23
Iteration:  23 . Objective= 186766.5 
[1] 23
[1] 2.785963
[1] 55.62491
[1] 4474.272
[1] 24
Iteration:  24 . Objective= 193129.9 
[1] 24
[1] 2.925261
[1] 55.21778
[1] 4273.262
[1] 25
Iteration:  25 . Objective= 199316.9 
[1] 25
[1] 3.071524
[1] 54.84471
[1] 4144.264
[1] 26
Iteration:  26 . Objective= 205467.1 
[1] 26
[1] 3.2251
[1] 54.49487
[1] 4403.608
[1] 27
Iteration:  27 . Objective= 211407.8 
[1] 27
[1] 3.386355
[1] 54.19436
[1] 4345.865
[1] 28
Iteration:  28 . Objective= 217267.1 
[1] 28
[1] 3.555673
[1] 54.01909
[1] 4157.011
[1] 29
Iteration:  29 . Objective= 223168.3 
[1] 29
[1] 3.733456
[1] 54.1026
[1] 4369.072
[1] 30
Iteration:  30 . Objective= 228921.8 
[1] 30
[1] 3.920129
[1] 54.65153
[1] 4345.721
[1] 31
Iteration:  31 . Objective= 234684.7 
[1] 31
[1] 4.116136
[1] 55.84092
[1] 4179.328
[1] 32
Iteration:  32 . Objective= 240466.7 
[1] 32
[1] 4.321942
[1] 57.627
[1] 4381.255
[1] 33
Iteration:  33 . Objective= 246193.9 
[1] 33
[1] 4.538039
[1] 59.89083
[1] 4301.066
[1] 34
Iteration:  34 . Objective= 251926 
[1] 34
[1] 4.764941
[1] 62.56627
[1] 4212.076
[1] 35
Iteration:  35 . Objective= 257753.7 
[1] 35
[1] 5.003189
[1] 65.59715
[1] 4404.945
[1] 36
Iteration:  36 . Objective= 263604.3 
[1] 36
[1] 5.253348
[1] 68.95961
[1] 4223.837
[1] 37
Iteration:  37 . Objective= 269555.5 
[1] 37
[1] 5.516015
[1] 72.60622
[1] 4306.471
[1] 38
Iteration:  38 . Objective= 275500.7 
[1] 38
[1] 5.791816
[1] 76.50373
[1] 4341.336
[1] 39
Iteration:  39 . Objective= 281428.9 
[1] 39
[1] 6.081407
[1] 80.64601
[1] 4210.3
[1] 40
Iteration:  40 . Objective= 287443.5 
[1] 40
[1] 6.385477
[1] 84.99354
[1] 4411.413
[1] 41
Iteration:  41 . Objective= 293456.4 
[1] 41
[1] 6.704751
[1] 89.56803
[1] 4164.501
[1] 42
Iteration:  42 . Objective= 299545.3 
[1] 42
[1] 7.039989
[1] 94.32492
[1] 4470.067
[1] 43
Iteration:  43 . Objective= 305614.8 
[1] 43
[1] 7.391988
[1] 99.31363
[1] 4071.035
[1] 44
Iteration:  44 . Objective= 311795.5 
[1] 44
[1] 7.761588
[1] 104.456
[1] 4689.842
[1] 45
Iteration:  45 . Objective= 317916.8 
[1] 45
[1] 8.149667
[1] 109.8878
[1] 3745.218
[1] 46
Iteration:  46 . Objective= 324067.8 
[1] 46
[1] 8.55715
[1] 115.3737
[1] 5761.847
[1] 47
Iteration:  47 . Objective= 330016.6 
[1] 47
[1] 8.985008
[1] 121.2993
[1] 3100.199
[1] 48
Iteration:  48 . Objective= 331402 
[1] 48
[1] 9.434258
[1] 127.0113
[1] 13922.36
[1] 49
Iteration:  49 . Objective= 341735.9 
[1] 49
[1] 9.905971
[1] 133.1395
[1] 3279.107
[1] 50
Iteration:  50 . Objective= 342356 
[1] 50
[1] 10.40127
[1] 139.056
[1] 13459.37
[1] 51
Iteration:  51 . Objective= 350338.5 
[1] 51
[1] 10.92133
[1] 145.3394
[1] 3532.93
[1] 52
[1] 53
Iteration:  53 . Objective= 350338.5 
[1] 53
[1] 5.7337
[1] 139.3467
[1] 3532.93
[1] 54
[1] 55
Iteration:  55 . Objective= 350338.5 
[1] 55
[1] 3.010192
[1] 139.161
[1] 3532.93
[1] 56
Iteration:  56 . Objective= 353901.6 
[1] 56
[1] 3.160702
[1] 139.281
[1] 6367.98
[1] 57
[1] 58
Iteration:  58 . Objective= 353901.6 
[1] 58
[1] 1.659369
[1] 139.1241
[1] 6367.98
[1] 59
Iteration:  59 . Objective= 354748.5 
[1] 59
[1] 1.742337
[1] 139.0812
[1] 4567.183
[1] 60
[1] 61
        1         2         3         4         5         6         7         8 
139.08120 110.21990  76.64487  62.96241  52.04827  49.62166  43.54636  40.65319 
        9        10        11        12        13        14        15        16 
 37.80745  36.79593  35.27463  27.30560  24.61834  23.29260  19.94935  19.61606 
       17        18        19        20 
 18.60707  17.71291  16.83329  11.21300 
For users of newer versions (1.0.1+): the `scores` matrix now contains factor scores, the `V` matrix is UNSCALED scores.
Error in if (any(res$fitted.values < eps)) warning("fit_glm: fitted rates numerically 0 occurred",  : 
  missing value where TRUE/FALSE needed
In addition: Warning message:
fit_glm: algorithm did not converge 
For users of newer versions (1.0.1+): the `scores` matrix now contains factor scores.
[1] 8.704002e-05
[1] 1
Iteration:  1 . Objective= -235328.5 
[1] 1
[1] 1
[1] 57.477
[1] 4490.955
[1] 2
Iteration:  2 . Objective= -219220.1 
[1] 2
[1] 1
[1] 57.29896
[1] 4146.286
[1] 3
Iteration:  3 . Objective= -201372.6 
[1] 3
[1] 1.05
[1] 57.09208
[1] 3749.765
[1] 4
Iteration:  4 . Objective= -181481.1 
[1] 4
[1] 1.1025
[1] 56.86695
[1] 4149.159
[1] 5
Iteration:  5 . Objective= -161991.6 
[1] 5
[1] 1.157625
[1] 56.62746
[1] 4100.083
[1] 6
Iteration:  6 . Objective= -143167.3 
[1] 6
[1] 1.215506
[1] 56.37973
[1] 3482.028
[1] 7
Iteration:  7 . Objective= -124507.1 
[1] 7
[1] 1.276282
[1] 56.13122
[1] 3420.726
[1] 8
Iteration:  8 . Objective= -106856.3 
[1] 8
[1] 1.340096
[1] 55.87574
[1] 3716.168
[1] 9
Iteration:  9 . Objective= -90067.42 
[1] 9
[1] 1.4071
[1] 55.59761
[1] 3763.066
[1] 10
Iteration:  10 . Objective= -75284.8 
[1] 10
[1] 1.477455
[1] 55.28941
[1] 3706.923
[1] 11
Iteration:  11 . Objective= -63007.81 
[1] 11
[1] 1.551328
[1] 54.96649
[1] 3476.348
[1] 12
Iteration:  12 . Objective= -51426.68 
[1] 12
[1] 1.628895
[1] 54.65207
[1] 3441.804
[1] 13
Iteration:  13 . Objective= -40140.38 
[1] 13
[1] 1.710339
[1] 54.35009
[1] 3612.191
[1] 14
Iteration:  14 . Objective= -29937.5 
[1] 14
[1] 1.795856
[1] 54.04617
[1] 3680.273
[1] 15
Iteration:  15 . Objective= -20820.22 
[1] 15
[1] 1.885649
[1] 53.71796
[1] 3550.954
[1] 16
Iteration:  16 . Objective= -11879.53 
[1] 16
[1] 1.979932
[1] 53.36065
[1] 3479.39
[1] 17
Iteration:  17 . Objective= -3447.738 
[1] 17
[1] 2.078928
[1] 52.99465
[1] 3588.042
[1] 18
Iteration:  18 . Objective= 4281.728 
[1] 18
[1] 2.182875
[1] 52.62826
[1] 3651.242
[1] 19
Iteration:  19 . Objective= 11527.39 
[1] 19
[1] 2.292018
[1] 52.24752
[1] 3555.3
[1] 20
Iteration:  20 . Objective= 18344.13 
[1] 20
[1] 2.406619
[1] 51.83651
[1] 3517.068
[1] 21
Iteration:  21 . Objective= 25082.8 
[1] 21
[1] 2.52695
[1] 51.40677
[1] 3611.263
[1] 22
Iteration:  22 . Objective= 31731.82 
[1] 22
[1] 2.653298
[1] 50.97546
[1] 3614.336
[1] 23
Iteration:  23 . Objective= 38117.42 
[1] 23
[1] 2.785963
[1] 50.53387
[1] 3528.87
[1] 24
Iteration:  24 . Objective= 44287.37 
[1] 24
[1] 2.925261
[1] 50.07725
[1] 3571.368
[1] 25
Iteration:  25 . Objective= 50249.24 
[1] 25
[1] 3.071524
[1] 49.6466
[1] 3627.406
[1] 26
Iteration:  26 . Objective= 55954.82 
[1] 26
[1] 3.2251
[1] 49.37928
[1] 3554.869
[1] 27
Iteration:  27 . Objective= 61631.4 
[1] 27
[1] 3.386355
[1] 50.37148
[1] 3563.733
[1] 28
Iteration:  28 . Objective= 67262.15 
[1] 28
[1] 3.555673
[1] 52.89268
[1] 3625.32
[1] 29
Iteration:  29 . Objective= 72866.73 
[1] 29
[1] 3.733456
[1] 55.75819
[1] 3560.622
[1] 30
Iteration:  30 . Objective= 78531.03 
[1] 30
[1] 3.920129
[1] 58.83459
[1] 3570.044
[1] 31
Iteration:  31 . Objective= 84211.58 
[1] 31
[1] 4.116136
[1] 62.09941
[1] 3606.431
[1] 32
Iteration:  32 . Objective= 89919.52 
[1] 32
[1] 4.321942
[1] 65.55844
[1] 3543.51
[1] 33
Iteration:  33 . Objective= 95604.24 
[1] 33
[1] 4.538039
[1] 69.20457
[1] 3600.399
[1] 34
Iteration:  34 . Objective= 101291.5 
[1] 34
[1] 4.764941
[1] 73.04134
[1] 3581.742
[1] 35
Iteration:  35 . Objective= 107035.5 
[1] 35
[1] 5.003189
[1] 77.07089
[1] 3566.782
[1] 36
Iteration:  36 . Objective= 112798.5 
[1] 36
[1] 5.253348
[1] 81.28561
[1] 3614.924
[1] 37
Iteration:  37 . Objective= 118580.7 
[1] 37
[1] 5.516015
[1] 85.69679
[1] 3544.844
[1] 38
Iteration:  38 . Objective= 124394.5 
[1] 38
[1] 5.791816
[1] 90.29008
[1] 3643.935
[1] 39
Iteration:  39 . Objective= 130238.7 
[1] 39
[1] 6.081407
[1] 95.09167
[1] 3498.961
[1] 40
Iteration:  40 . Objective= 136159.1 
[1] 40
[1] 6.385477
[1] 100.0692
[1] 3717.919
[1] 41
Iteration:  41 . Objective= 142097.7 
[1] 41
[1] 6.704751
[1] 105.2895
[1] 3349.276
[1] 42
Iteration:  42 . Objective= 148113.2 
[1] 42
[1] 7.039989
[1] 110.6288
[1] 4142.453
[1] 43
Iteration:  43 . Objective= 153986.6 
[1] 43
[1] 7.391988
[1] 116.2521
[1] 3177.163
[1] 44
Iteration:  44 . Objective= 159201.1 
[1] 44
[1] 7.761588
[1] 121.79
[1] 6698.106
[1] 45
Iteration:  45 . Objective= 164997 
[1] 45
[1] 8.149667
[1] 127.6974
[1] 2873.298
[1] 46
[1] 47
Iteration:  47 . Objective= 164997 
[1] 47
[1] 4.278575
[1] 122.0916
[1] 2873.298
[1] 48
[1] 49
Iteration:  49 . Objective= 164997 
[1] 49
[1] 2.246252
[1] 121.9007
[1] 2873.298
[1] 50
Iteration:  50 . Objective= 166024.1 
[1] 50
[1] 2.358565
[1] 122.0528
[1] 4294.07
[1] 51
[1] 52
Iteration:  52 . Objective= 166024.1 
[1] 52
[1] 1.238246
[1] 121.8781
[1] 4294.07
[1] 53
[1] 54
        1         2         3         4         5         6         7         8 
121.87814  89.86290  67.95522  51.88632  45.78588  44.12047  42.26975  38.71451 
        9        10        11        12        13        14        15        16 
 35.11758  31.74573  28.80570  27.34300  26.07312  24.03734  22.11605  20.82562 
       17        18        19        20 
 14.99774  13.63814  12.31641  10.50177 
For users of newer versions (1.0.1+): the `scores` matrix now contains factor scores, the `V` matrix is UNSCALED scores.
For users of newer versions (1.0.1+): the `scores` matrix now contains factor scores.
[1] 8.993632e-05
[1] 1
Iteration:  1 . Objective= -23447.89 
[1] 1
[1] 1
[1] 41.09179
[1] 1960.333
[1] 2
Iteration:  2 . Objective= 20764.24 
[1] 2
[1] 1
[1] 41.0883
[1] 6748.67
[1] 3
Iteration:  3 . Objective= 36830.59 
[1] 3
[1] 1.05
[1] 41.05709
[1] 6448.832
[1] 4
Iteration:  4 . Objective= 50389.1 
[1] 4
[1] 1.1025
[1] 41.04402
[1] 4625.329
[1] 5
Iteration:  5 . Objective= 66632.03 
[1] 5
[1] 1.157625
[1] 41.0665
[1] 3816.152
[1] 6
Iteration:  6 . Objective= 86580.84 
[1] 6
[1] 1.215506
[1] 41.10234
[1] 4174.642
[1] 7
Iteration:  7 . Objective= 106668.6 
[1] 7
[1] 1.276282
[1] 41.13132
[1] 4802.017
[1] 8
Iteration:  8 . Objective= 124191.4 
[1] 8
[1] 1.340096
[1] 41.15212
[1] 4843.534
[1] 9
Iteration:  9 . Objective= 139400.5 
[1] 9
[1] 1.4071
[1] 41.17469
[1] 4431.134
[1] 10
Iteration:  10 . Objective= 153879 
[1] 10
[1] 1.477455
[1] 41.20973
[1] 4239.953
[1] 11
Iteration:  11 . Objective= 167735.9 
[1] 11
[1] 1.551328
[1] 41.26431
[1] 4469.149
[1] 12
Iteration:  12 . Objective= 179793.3 
[1] 12
[1] 1.628895
[1] 41.34642
[1] 4685.937
[1] 13
Iteration:  13 . Objective= 190207.7 
[1] 13
[1] 1.710339
[1] 41.46762
[1] 4554.632
[1] 14
Iteration:  14 . Objective= 199954.3 
[1] 14
[1] 1.795856
[1] 41.63338
[1] 4336.857
[1] 15
Iteration:  15 . Objective= 209385.3 
[1] 15
[1] 1.885649
[1] 41.83151
[1] 4395.302
[1] 16
Iteration:  16 . Objective= 218045.7 
[1] 16
[1] 1.979932
[1] 42.04471
[1] 4589.197
[1] 17
Iteration:  17 . Objective= 225953.3 
[1] 17
[1] 2.078928
[1] 42.2699
[1] 4559.434
[1] 18
Iteration:  18 . Objective= 233670.7 
[1] 18
[1] 2.182875
[1] 42.52377
[1] 4397.651
[1] 19
Iteration:  19 . Objective= 241311.6 
[1] 19
[1] 2.292018
[1] 42.83817
[1] 4439.544
[1] 20
Iteration:  20 . Objective= 248509.4 
[1] 20
[1] 2.406619
[1] 43.25258
[1] 4576.788
[1] 21
Iteration:  21 . Objective= 255262.9 
[1] 21
[1] 2.52695
[1] 43.81052
[1] 4506.385
[1] 22
Iteration:  22 . Objective= 261871.8 
[1] 22
[1] 2.653298
[1] 44.54667
[1] 4405.184
[1] 23
Iteration:  23 . Objective= 268470.4 
[1] 23
[1] 2.785963
[1] 45.4709
[1] 4510.456
[1] 24
Iteration:  24 . Objective= 274931 
[1] 24
[1] 2.925261
[1] 46.58316
[1] 4548.589
[1] 25
Iteration:  25 . Objective= 281236.1 
[1] 25
[1] 3.071524
[1] 47.88749
[1] 4434.508
[1] 26
Iteration:  26 . Objective= 287444.1 
[1] 26
[1] 3.2251
[1] 49.38109
[1] 4480.992
[1] 27
Iteration:  27 . Objective= 293506.3 
[1] 27
[1] 3.386355
[1] 51.06247
[1] 4546.818
[1] 28
Iteration:  28 . Objective= 299496.5 
[1] 28
[1] 3.555673
[1] 52.94282
[1] 4443.544
[1] 29
Iteration:  29 . Objective= 305506 
[1] 29
[1] 3.733456
[1] 55.0219
[1] 4476.492
[1] 30
Iteration:  30 . Objective= 311468.8 
[1] 30
[1] 3.920129
[1] 57.29714
[1] 4524.739
[1] 31
Iteration:  31 . Objective= 317403.1 
[1] 31
[1] 4.116136
[1] 59.77875
[1] 4430.602
[1] 32
Iteration:  32 . Objective= 323362.2 
[1] 32
[1] 4.321942
[1] 62.46002
[1] 4509.304
[1] 33
Iteration:  33 . Objective= 329272.5 
[1] 33
[1] 4.538039
[1] 65.34405
[1] 4481.917
[1] 34
Iteration:  34 . Objective= 335190.8 
[1] 34
[1] 4.764941
[1] 68.43345
[1] 4456.356
[1] 35
Iteration:  35 . Objective= 341183.2 
[1] 35
[1] 5.003189
[1] 71.71898
[1] 4537.996
[1] 36
Iteration:  36 . Objective= 347198.4 
[1] 36
[1] 5.253348
[1] 75.21204
[1] 4424.529
[1] 37
Iteration:  37 . Objective= 353297 
[1] 37
[1] 5.516015
[1] 78.89542
[1] 4586.427
[1] 38
Iteration:  38 . Objective= 359421.3 
[1] 38
[1] 5.791816
[1] 82.79621
[1] 4347.501
[1] 39
Iteration:  39 . Objective= 365567.9 
[1] 39
[1] 6.081407
[1] 86.86952
[1] 4751.45
[1] 40
Iteration:  40 . Objective= 371667.7 
[1] 40
[1] 6.385477
[1] 91.20314
[1] 4028.022
[1] 41
Iteration:  41 . Objective= 377806.8 
[1] 41
[1] 6.704751
[1] 95.61572
[1] 5802.084
[1] 42
Iteration:  42 . Objective= 383563.9 
[1] 42
[1] 7.039989
[1] 100.4133
[1] 3353.152
[1] 43
[1] 44
Iteration:  44 . Objective= 383563.9 
[1] 44
[1] 3.695994
[1] 95.88298
[1] 3353.152
[1] 45
[1] 46
Iteration:  46 . Objective= 383563.9 
[1] 46
[1] 1.940397
[1] 95.70833
[1] 3353.152
[1] 47
Iteration:  47 . Objective= 384035.5 
[1] 47
[1] 2.037417
[1] 95.81572
[1] 5613.034
[1] 48
[1] 49
        1         2         3         4         5         6         7         8 
95.815715 76.335488 60.060002 45.981177 38.630388 35.769610 34.219066 31.985975 
        9        10        11        12        13        14        15        16 
28.222407 27.591790 25.849163 20.242668 16.481178 15.153191 14.753737 13.635100 
       17        18        19        20 
13.130665 11.885311 11.371682  9.923978 
For users of newer versions (1.0.1+): the `scores` matrix now contains factor scores, the `V` matrix is UNSCALED scores.
Error in if (any(res$fitted.values < eps)) warning("fit_glm: fitted rates numerically 0 occurred",  : 
  missing value where TRUE/FALSE needed
In addition: Warning message:
fit_glm: algorithm did not converge 
Error in if (any(res$fitted.values < eps)) warning("fit_glm: fitted rates numerically 0 occurred",  : 
  missing value where TRUE/FALSE needed
In addition: Warning message:
fit_glm: algorithm did not converge 
Error in if (any(res$fitted.values < eps)) warning("fit_glm: fitted rates numerically 0 occurred",  : 
  missing value where TRUE/FALSE needed
In addition: Warning message:
fit_glm: algorithm did not converge 
Error in if (any(res$fitted.values < eps)) warning("fit_glm: fitted rates numerically 0 occurred",  : 
  missing value where TRUE/FALSE needed
In addition: Warning message:
fit_glm: algorithm did not converge 
Error in if (any(res$fitted.values < eps)) warning("fit_glm: fitted rates numerically 0 occurred",  : 
  missing value where TRUE/FALSE needed
In addition: Warning message:
fit_glm: algorithm did not converge 
Error in if (any(res$fitted.values < eps)) warning("fit_glm: fitted rates numerically 0 occurred",  : 
  missing value where TRUE/FALSE needed
In addition: Warning message:
fit_glm: algorithm did not converge 
Error in if (any(res$fitted.values < eps)) warning("fit_glm: fitted rates numerically 0 occurred",  : 
  missing value where TRUE/FALSE needed
In addition: Warning message:
fit_glm: algorithm did not converge 
Error in if (any(res$fitted.values < eps)) warning("fit_glm: fitted rates numerically 0 occurred",  : 
  missing value where TRUE/FALSE needed
In addition: Warning message:
fit_glm: algorithm did not converge 
Error in if (any(res$fitted.values < eps)) warning("fit_glm: fitted rates numerically 0 occurred",  : 
  missing value where TRUE/FALSE needed
In addition: Warning message:
fit_glm: algorithm did not converge 
Error in if (any(res$fitted.values < eps)) warning("fit_glm: fitted rates numerically 0 occurred",  : 
  missing value where TRUE/FALSE needed
In addition: Warning message:
fit_glm: algorithm did not converge 
Error in if (any(res$fitted.values < eps)) warning("fit_glm: fitted rates numerically 0 occurred",  : 
  missing value where TRUE/FALSE needed
In addition: Warning message:
fit_glm: algorithm did not converge 
Error in if (any(res$fitted.values < eps)) warning("fit_glm: fitted rates numerically 0 occurred",  : 
  missing value where TRUE/FALSE needed
In addition: Warning message:
fit_glm: algorithm did not converge 
Error in if (any(res$fitted.values < eps)) warning("fit_glm: fitted rates numerically 0 occurred",  : 
  missing value where TRUE/FALSE needed
In addition: Warning message:
fit_glm: algorithm did not converge 
Error in if (any(res$fitted.values < eps)) warning("fit_glm: fitted rates numerically 0 occurred",  : 
  missing value where TRUE/FALSE needed
In addition: Warning message:
fit_glm: algorithm did not converge 
Error in if (any(res$fitted.values < eps)) warning("fit_glm: fitted rates numerically 0 occurred",  : 
  missing value where TRUE/FALSE needed
In addition: Warning message:
fit_glm: algorithm did not converge 
Error in if (any(res$fitted.values < eps)) warning("fit_glm: fitted rates numerically 0 occurred",  : 
  missing value where TRUE/FALSE needed
In addition: Warning message:
fit_glm: algorithm did not converge 
Error in if (any(res$fitted.values < eps)) warning("fit_glm: fitted rates numerically 0 occurred",  : 
  missing value where TRUE/FALSE needed
In addition: Warning message:
fit_glm: algorithm did not converge 
Error in if (any(res$fitted.values < eps)) warning("fit_glm: fitted rates numerically 0 occurred",  : 
  missing value where TRUE/FALSE needed
In addition: Warning message:
fit_glm: algorithm did not converge 
Error in if (any(res$fitted.values < eps)) warning("fit_glm: fitted rates numerically 0 occurred",  : 
  missing value where TRUE/FALSE needed
In addition: Warning message:
fit_glm: algorithm did not converge 
Error in if (any(res$fitted.values < eps)) warning("fit_glm: fitted rates numerically 0 occurred",  : 
  missing value where TRUE/FALSE needed
In addition: Warning message:
fit_glm: algorithm did not converge 
Error in if (any(res$fitted.values < eps)) warning("fit_glm: fitted rates numerically 0 occurred",  : 
  missing value where TRUE/FALSE needed
In addition: Warning message:
fit_glm: algorithm did not converge 
Error in if (any(res$fitted.values < eps)) warning("fit_glm: fitted rates numerically 0 occurred",  : 
  missing value where TRUE/FALSE needed
In addition: Warning message:
fit_glm: algorithm did not converge 
Error in if (any(res$fitted.values < eps)) warning("fit_glm: fitted rates numerically 0 occurred",  : 
  missing value where TRUE/FALSE needed
In addition: Warning message:
fit_glm: algorithm did not converge 
Error in if (any(res$fitted.values < eps)) warning("fit_glm: fitted rates numerically 0 occurred",  : 
  missing value where TRUE/FALSE needed
In addition: Warning message:
fit_glm: algorithm did not converge 
Error in if (any(res$fitted.values < eps)) warning("fit_glm: fitted rates numerically 0 occurred",  : 
  missing value where TRUE/FALSE needed
In addition: Warning message:
fit_glm: algorithm did not converge 
Error in if (any(res$fitted.values < eps)) warning("fit_glm: fitted rates numerically 0 occurred",  : 
  missing value where TRUE/FALSE needed
In addition: Warning message:
fit_glm: algorithm did not converge 
Error in if (any(res$fitted.values < eps)) warning("fit_glm: fitted rates numerically 0 occurred",  : 
  missing value where TRUE/FALSE needed
In addition: Warning message:
fit_glm: algorithm did not converge 
Error in if (any(res$fitted.values < eps)) warning("fit_glm: fitted rates numerically 0 occurred",  : 
  missing value where TRUE/FALSE needed
In addition: Warning messages:
1: fit_glm: fitted rates numerically 0 occurred 
2: fit_glm: algorithm did not converge 
Error in if (any(res$fitted.values < eps)) warning("fit_glm: fitted rates numerically 0 occurred",  : 
  missing value where TRUE/FALSE needed
In addition: Warning message:
fit_glm: algorithm did not converge 
Error in if (any(res$fitted.values < eps)) warning("fit_glm: fitted rates numerically 0 occurred",  : 
  missing value where TRUE/FALSE needed
In addition: Warning message:
fit_glm: algorithm did not converge 
Error in if (any(res$fitted.values < eps)) warning("fit_glm: fitted rates numerically 0 occurred",  : 
  missing value where TRUE/FALSE needed
In addition: Warning message:
fit_glm: algorithm did not converge 
Error in if (any(res$fitted.values < eps)) warning("fit_glm: fitted rates numerically 0 occurred",  : 
  missing value where TRUE/FALSE needed
In addition: Warning message:
fit_glm: algorithm did not converge 
Error in if (any(res$fitted.values < eps)) warning("fit_glm: fitted rates numerically 0 occurred",  : 
  missing value where TRUE/FALSE needed
In addition: Warning message:
fit_glm: algorithm did not converge 
Error in if (any(res$fitted.values < eps)) warning("fit_glm: fitted rates numerically 0 occurred",  : 
  missing value where TRUE/FALSE needed
In addition: Warning message:
fit_glm: algorithm did not converge 
Error in if (any(res$fitted.values < eps)) warning("fit_glm: fitted rates numerically 0 occurred",  : 
  missing value where TRUE/FALSE needed
In addition: Warning message:
fit_glm: algorithm did not converge 
Error in if (any(res$fitted.values < eps)) warning("fit_glm: fitted rates numerically 0 occurred",  : 
  missing value where TRUE/FALSE needed
In addition: Warning message:
fit_glm: algorithm did not converge 
Error in if (any(res$fitted.values < eps)) warning("fit_glm: fitted rates numerically 0 occurred",  : 
  missing value where TRUE/FALSE needed
In addition: Warning message:
fit_glm: algorithm did not converge 
Error in if (any(res$fitted.values < eps)) warning("fit_glm: fitted rates numerically 0 occurred",  : 
  missing value where TRUE/FALSE needed
In addition: Warning message:
fit_glm: algorithm did not converge 
Error in if (any(res$fitted.values < eps)) warning("fit_glm: fitted rates numerically 0 occurred",  : 
  missing value where TRUE/FALSE needed
In addition: Warning messages:
1: fit_glm: fitted rates numerically 0 occurred 
2: fit_glm: fitted rates numerically 0 occurred 
3: fit_glm: algorithm did not converge 
Error in if (any(res$fitted.values < eps)) warning("fit_glm: fitted rates numerically 0 occurred",  : 
  missing value where TRUE/FALSE needed
In addition: Warning messages:
1: fit_glm: fitted rates numerically 0 occurred 
2: fit_glm: algorithm did not converge 
Error in if (any(res$fitted.values < eps)) warning("fit_glm: fitted rates numerically 0 occurred",  : 
  missing value where TRUE/FALSE needed
In addition: Warning message:
fit_glm: algorithm did not converge 
Error in if (any(res$fitted.values < eps)) warning("fit_glm: fitted rates numerically 0 occurred",  : 
  missing value where TRUE/FALSE needed
In addition: Warning message:
fit_glm: algorithm did not converge 
Error in if (any(res$fitted.values < eps)) warning("fit_glm: fitted rates numerically 0 occurred",  : 
  missing value where TRUE/FALSE needed
In addition: Warning message:
fit_glm: algorithm did not converge 
Error in if (any(res$fitted.values < eps)) warning("fit_glm: fitted rates numerically 0 occurred",  : 
  missing value where TRUE/FALSE needed
In addition: Warning message:
fit_glm: algorithm did not converge 
Error in if (any(res$fitted.values < eps)) warning("fit_glm: fitted rates numerically 0 occurred",  : 
  missing value where TRUE/FALSE needed
In addition: Warning messages:
1: fit_glm: fitted rates numerically 0 occurred 
2: fit_glm: algorithm did not converge 
Error in if (any(res$fitted.values < eps)) warning("fit_glm: fitted rates numerically 0 occurred",  : 
  missing value where TRUE/FALSE needed
In addition: Warning message:
fit_glm: algorithm did not converge 
Error in if (any(res$fitted.values < eps)) warning("fit_glm: fitted rates numerically 0 occurred",  : 
  missing value where TRUE/FALSE needed
In addition: Warning message:
fit_glm: algorithm did not converge 
Error in if (any(res$fitted.values < eps)) warning("fit_glm: fitted rates numerically 0 occurred",  : 
  missing value where TRUE/FALSE needed
In addition: Warning message:
fit_glm: algorithm did not converge 
Error in if (any(res$fitted.values < eps)) warning("fit_glm: fitted rates numerically 0 occurred",  : 
  missing value where TRUE/FALSE needed
In addition: Warning message:
fit_glm: algorithm did not converge 
Error in if (any(res$fitted.values < eps)) warning("fit_glm: fitted rates numerically 0 occurred",  : 
  missing value where TRUE/FALSE needed
In addition: Warning message:
fit_glm: algorithm did not converge 
Error in if (any(res$fitted.values < eps)) warning("fit_glm: fitted rates numerically 0 occurred",  : 
  missing value where TRUE/FALSE needed
In addition: Warning messages:
1: fit_glm: fitted rates numerically 0 occurred 
2: fit_glm: fitted rates numerically 0 occurred 
3: fit_glm: algorithm did not converge 
Error in if (any(res$fitted.values < eps)) warning("fit_glm: fitted rates numerically 0 occurred",  : 
  missing value where TRUE/FALSE needed
In addition: Warning messages:
1: fit_glm: fitted rates numerically 0 occurred 
2: fit_glm: fitted rates numerically 0 occurred 
3: fit_glm: fitted rates numerically 0 occurred 
4: fit_glm: fitted rates numerically 0 occurred 
5: fit_glm: algorithm did not converge 
Error in if (any(res$fitted.values < eps)) warning("fit_glm: fitted rates numerically 0 occurred",  : 
  missing value where TRUE/FALSE needed
In addition: Warning messages:
1: fit_glm: fitted rates numerically 0 occurred 
2: fit_glm: fitted rates numerically 0 occurred 
3: fit_glm: fitted rates numerically 0 occurred 
4: fit_glm: fitted rates numerically 0 occurred 
5: fit_glm: fitted rates numerically 0 occurred 
6: fit_glm: algorithm did not converge 
Error in if (any(res$fitted.values < eps)) warning("fit_glm: fitted rates numerically 0 occurred",  : 
  missing value where TRUE/FALSE needed
In addition: Warning message:
fit_glm: algorithm did not converge 
Error in if (any(res$fitted.values < eps)) warning("fit_glm: fitted rates numerically 0 occurred",  : 
  missing value where TRUE/FALSE needed
In addition: Warning message:
fit_glm: algorithm did not converge 
Error in if (any(res$fitted.values < eps)) warning("fit_glm: fitted rates numerically 0 occurred",  : 
  missing value where TRUE/FALSE needed
In addition: Warning message:
fit_glm: algorithm did not converge 
Error in if (any(res$fitted.values < eps)) warning("fit_glm: fitted rates numerically 0 occurred",  : 
  missing value where TRUE/FALSE needed
In addition: Warning message:
fit_glm: algorithm did not converge 
Error in if (any(res$fitted.values < eps)) warning("fit_glm: fitted rates numerically 0 occurred",  : 
  missing value where TRUE/FALSE needed
In addition: Warning message:
fit_glm: algorithm did not converge 
Error in if (any(res$fitted.values < eps)) warning("fit_glm: fitted rates numerically 0 occurred",  : 
  missing value where TRUE/FALSE needed
In addition: Warning messages:
1: fit_glm: fitted rates numerically 0 occurred 
2: fit_glm: fitted rates numerically 0 occurred 
3: fit_glm: fitted rates numerically 0 occurred 
4: fit_glm: fitted rates numerically 0 occurred 
5: fit_glm: algorithm did not converge 
Error in if (any(res$fitted.values < eps)) warning("fit_glm: fitted rates numerically 0 occurred",  : 
  missing value where TRUE/FALSE needed
In addition: Warning messages:
1: fit_glm: fitted rates numerically 0 occurred 
2: fit_glm: fitted rates numerically 0 occurred 
3: fit_glm: fitted rates numerically 0 occurred 
4: fit_glm: fitted rates numerically 0 occurred 
5: fit_glm: algorithm did not converge 
Error in if (any(res$fitted.values < eps)) warning("fit_glm: fitted rates numerically 0 occurred",  : 
  missing value where TRUE/FALSE needed
In addition: Warning message:
fit_glm: algorithm did not converge 
Error in if (any(res$fitted.values < eps)) warning("fit_glm: fitted rates numerically 0 occurred",  : 
  missing value where TRUE/FALSE needed
In addition: Warning message:
fit_glm: algorithm did not converge 
Error in if (any(res$fitted.values < eps)) warning("fit_glm: fitted rates numerically 0 occurred",  : 
  missing value where TRUE/FALSE needed
In addition: Warning message:
fit_glm: algorithm did not converge 
Error in if (any(res$fitted.values < eps)) warning("fit_glm: fitted rates numerically 0 occurred",  : 
  missing value where TRUE/FALSE needed
In addition: Warning message:
fit_glm: algorithm did not converge 
Error in if (any(res$fitted.values < eps)) warning("fit_glm: fitted rates numerically 0 occurred",  : 
  missing value where TRUE/FALSE needed
In addition: Warning message:
fit_glm: algorithm did not converge 
Error in if (any(res$fitted.values < eps)) warning("fit_glm: fitted rates numerically 0 occurred",  : 
  missing value where TRUE/FALSE needed
In addition: Warning messages:
1: fit_glm: fitted rates numerically 0 occurred 
2: fit_glm: fitted rates numerically 0 occurred 
3: fit_glm: fitted rates numerically 0 occurred 
4: fit_glm: fitted rates numerically 0 occurred 
5: fit_glm: fitted rates numerically 0 occurred 
6: fit_glm: algorithm did not converge 
Error in if (any(res$fitted.values < eps)) warning("fit_glm: fitted rates numerically 0 occurred",  : 
  missing value where TRUE/FALSE needed
In addition: Warning message:
fit_glm: algorithm did not converge 
Error in if (any(res$fitted.values < eps)) warning("fit_glm: fitted rates numerically 0 occurred",  : 
  missing value where TRUE/FALSE needed
In addition: Warning messages:
1: fit_glm: fitted rates numerically 0 occurred 
2: fit_glm: fitted rates numerically 0 occurred 
3: fit_glm: algorithm did not converge 
Error in if (any(res$fitted.values < eps)) warning("fit_glm: fitted rates numerically 0 occurred",  : 
  missing value where TRUE/FALSE needed
In addition: Warning messages:
1: fit_glm: fitted rates numerically 0 occurred 
2: fit_glm: fitted rates numerically 0 occurred 
3: fit_glm: fitted rates numerically 0 occurred 
4: fit_glm: fitted rates numerically 0 occurred 
5: fit_glm: algorithm did not converge 
Error in if (any(res$fitted.values < eps)) warning("fit_glm: fitted rates numerically 0 occurred",  : 
  missing value where TRUE/FALSE needed
In addition: Warning message:
fit_glm: algorithm did not converge 
Error in if (any(res$fitted.values < eps)) warning("fit_glm: fitted rates numerically 0 occurred",  : 
  missing value where TRUE/FALSE needed
In addition: Warning message:
fit_glm: algorithm did not converge 
For users of newer versions (1.0.1+): the `scores` matrix now contains factor scores.
[1] 9.477833e-05
[1] 1
Iteration:  1 . Objective= -165418.3 
[1] 1
[1] 1
[1] 27.22923
[1] 1825.758
[1] 2
Iteration:  2 . Objective= -124151.2 
[1] 2
[1] 1
[1] 27.36788
[1] 1990.041
[1] 3
Iteration:  3 . Objective= -83834.24 
[1] 3
[1] 1.05
[1] 27.49435
[1] 3050.734
[1] 4
Iteration:  4 . Objective= -54736.65 
[1] 4
[1] 1.1025
[1] 27.59556
[1] 4175.15
[1] 5
Iteration:  5 . Objective= -33932.58 
[1] 5
[1] 1.157625
[1] 27.68662
[1] 4392.546
[1] 6
Iteration:  6 . Objective= -17629.48 
[1] 6
[1] 1.215506
[1] 27.79128
[1] 3848.708
[1] 7
Iteration:  7 . Objective= -3490.683 
[1] 7
[1] 1.276282
[1] 27.93109
[1] 3197.346
[1] 8
Iteration:  8 . Objective= 10153.35 
[1] 8
[1] 1.340096
[1] 28.11853
[1] 2880.864
[1] 9
Iteration:  9 . Objective= 23726.45 
[1] 9
[1] 1.4071
[1] 28.37155
[1] 2981.121
[1] 10
Iteration:  10 . Objective= 36807.83 
[1] 10
[1] 1.477455
[1] 28.73184
[1] 3302.892
[1] 11
Iteration:  11 . Objective= 49063.6 
[1] 11
[1] 1.551328
[1] 29.25747
[1] 3483.562
[1] 12
Iteration:  12 . Objective= 60343.76 
[1] 12
[1] 1.628895
[1] 30.00142
[1] 3344.23
[1] 13
Iteration:  13 . Objective= 70793.55 
[1] 13
[1] 1.710339
[1] 30.97878
[1] 3117.047
[1] 14
Iteration:  14 . Objective= 80796.21 
[1] 14
[1] 1.795856
[1] 32.15376
[1] 3101.167
[1] 15
Iteration:  15 . Objective= 90382.11 
[1] 15
[1] 1.885649
[1] 33.487
[1] 3271.638
[1] 16
Iteration:  16 . Objective= 99280.81 
[1] 16
[1] 1.979932
[1] 34.96698
[1] 3343.983
[1] 17
Iteration:  17 . Objective= 107572.7 
[1] 17
[1] 2.078928
[1] 36.59942
[1] 3215.063
[1] 18
Iteration:  18 . Objective= 115562.3 
[1] 18
[1] 2.182875
[1] 38.38124
[1] 3116.288
[1] 19
Iteration:  19 . Objective= 123352.3 
[1] 19
[1] 2.292018
[1] 40.28376
[1] 3212.192
[1] 20
Iteration:  20 . Objective= 130830 
[1] 20
[1] 2.406619
[1] 42.27833
[1] 3321.67
[1] 21
Iteration:  21 . Objective= 137972.9 
[1] 21
[1] 2.52695
[1] 44.3591
[1] 3254.588
[1] 22
Iteration:  22 . Objective= 144837.2 
[1] 22
[1] 2.653298
[1] 46.52591
[1] 3167.747
[1] 23
Iteration:  23 . Objective= 151513.1 
[1] 23
[1] 2.785963
[1] 48.76666
[1] 3236.921
[1] 24
Iteration:  24 . Objective= 158044.3 
[1] 24
[1] 2.925261
[1] 51.08133
[1] 3288.611
[1] 25
Iteration:  25 . Objective= 164476.4 
[1] 25
[1] 3.071524
[1] 53.49336
[1] 3201.6
[1] 26
Iteration:  26 . Objective= 170854.7 
[1] 26
[1] 3.2251
[1] 56.02022
[1] 3190.865
[1] 27
Iteration:  27 . Objective= 177192 
[1] 27
[1] 3.386355
[1] 58.66793
[1] 3290.008
[1] 28
Iteration:  28 . Objective= 183503.9 
[1] 28
[1] 3.555673
[1] 61.46276
[1] 3252.083
[1] 29
Iteration:  29 . Objective= 189839.7 
[1] 29
[1] 3.733456
[1] 64.43859
[1] 3181.649
[1] 30
Iteration:  30 . Objective= 196196.2 
[1] 30
[1] 3.920129
[1] 67.60939
[1] 3269.301
[1] 31
Iteration:  31 . Objective= 202514.4 
[1] 31
[1] 4.116136
[1] 71.00019
[1] 3265.404
[1] 32
Iteration:  32 . Objective= 208848 
[1] 32
[1] 4.321942
[1] 74.64108
[1] 3181.92
[1] 33
Iteration:  33 . Objective= 215249.8 
[1] 33
[1] 4.538039
[1] 78.52555
[1] 3264.002
[1] 34
Iteration:  34 . Objective= 221661.6 
[1] 34
[1] 4.764941
[1] 82.65226
[1] 3265.185
[1] 35
Iteration:  35 . Objective= 228108.9 
[1] 35
[1] 5.003189
[1] 87.02607
[1] 3203.765
[1] 36
Iteration:  36 . Objective= 234618.4 
[1] 36
[1] 5.253348
[1] 91.6264
[1] 3271.073
[1] 37
Iteration:  37 . Objective= 241137.3 
[1] 37
[1] 5.516015
[1] 96.45321
[1] 3225.443
[1] 38
Iteration:  38 . Objective= 247672.8 
[1] 38
[1] 5.791816
[1] 101.4984
[1] 3231.776
[1] 39
Iteration:  39 . Objective= 254230.6 
[1] 39
[1] 6.081407
[1] 106.7538
[1] 3249.943
[1] 40
Iteration:  40 . Objective= 260823 
[1] 40
[1] 6.385477
[1] 112.2244
[1] 3214.765
[1] 41
Iteration:  41 . Objective= 267475.5 
[1] 41
[1] 6.704751
[1] 117.8976
[1] 3280.003
[1] 42
Iteration:  42 . Objective= 274155.5 
[1] 42
[1] 7.039989
[1] 123.7939
[1] 3182.361
[1] 43
Iteration:  43 . Objective= 280883.1 
[1] 43
[1] 7.391988
[1] 129.886
[1] 3322.655
[1] 44
Iteration:  44 . Objective= 287616.9 
[1] 44
[1] 7.761588
[1] 136.2139
[1] 3135.23
[1] 45
Iteration:  45 . Objective= 294408.7 
[1] 45
[1] 8.149667
[1] 142.7212
[1] 3427.427
[1] 46
Iteration:  46 . Objective= 301150.2 
[1] 46
[1] 8.55715
[1] 149.5157
[1] 2943.53
[1] 47
Iteration:  47 . Objective= 307915.5 
[1] 47
[1] 8.985008
[1] 156.3984
[1] 4024.122
[1] 48
Iteration:  48 . Objective= 314426.6 
[1] 48
[1] 9.434258
[1] 163.5806
[1] 2953.687
[1] 49
Iteration:  49 . Objective= 319421.6 
[1] 49
[1] 9.905971
[1] 170.6274
[1] 6860.813
[1] 50
Iteration:  50 . Objective= 327262.1 
[1] 50
[1] 10.40127
[1] 178.0826
[1] 2650.705
[1] 51
Iteration:  51 . Objective= 332319.3 
[1] 51
[1] 10.92133
[1] 185.4329
[1] 6555.673
[1] 52
Iteration:  52 . Objective= 340209.1 
[1] 52
[1] 11.4674
[1] 193.1036
[1] 3003.209
[1] 53
Iteration:  53 . Objective= 342681.7 
[1] 53
[1] 12.04077
[1] 200.7447
[1] 5625.189
[1] 54
Iteration:  54 . Objective= 343914.3 
[1] 54
[1] 12.64281
[1] 208.8136
[1] 2669.924
[1] 55
[1] 56
Iteration:  56 . Objective= 343914.3 
[1] 56
[1] 6.637474
[1] 201.0992
[1] 2669.924
[1] 57
[1] 58
Iteration:  58 . Objective= 343914.3 
[1] 58
[1] 3.484674
[1] 200.8824
[1] 2669.924
[1] 59
Iteration:  59 . Objective= 352955.8 
[1] 59
[1] 3.658908
[1] 201.0764
[1] 4247.969
[1] 60
[1] 61
Iteration:  61 . Objective= 352955.8 
[1] 61
[1] 1.920927
[1] 200.867
[1] 4247.969
[1] 62
Iteration:  62 . Objective= 353367.1 
[1] 62
[1] 2.016973
[1] 200.8629
[1] 3418.573
[1] 63
Iteration:  63 . Objective= 353440.1 
[1] 63
[1] 2.117822
[1] 200.9087
[1] 2657.19
[1] 64
[1] 65
        1         2         3         4         5         6         7         8 
200.90873 152.67712 104.99628  90.63523  72.13647  64.06132  57.08533  52.88843 
        9        10        11        12        13        14        15        16 
 49.78956  47.27576  42.64323  39.17073  35.35371  32.99232  31.60314  30.93985 
       17        18        19        20 
 28.11050  25.17829  22.81697  16.02366 
For users of newer versions (1.0.1+): the `scores` matrix now contains factor scores, the `V` matrix is UNSCALED scores.
Error in if (any(res$fitted.values < eps)) warning("fit_glm: fitted rates numerically 0 occurred",  : 
  missing value where TRUE/FALSE needed
In addition: Warning message:
fit_glm: algorithm did not converge 
For users of newer versions (1.0.1+): the `scores` matrix now contains factor scores.
[1] 8.577632e-05
[1] 1
Iteration:  1 . Objective= -131991.4 
[1] 1
[1] 1
[1] 27.30261
[1] 1831.926
[1] 2
Iteration:  2 . Objective= -81480.73 
[1] 2
[1] 1
[1] 27.48278
[1] 3561.103
[1] 3
Iteration:  3 . Objective= -52994.03 
[1] 3
[1] 1.05
[1] 27.68954
[1] 3643.727
[1] 4
Iteration:  4 . Objective= -27413.44 
[1] 4
[1] 1.1025
[1] 27.97932
[1] 3132.286
[1] 5
Iteration:  5 . Objective= -571.5095 
[1] 5
[1] 1.157625
[1] 28.3496
[1] 2874.283
[1] 6
Iteration:  6 . Objective= 25999.16 
[1] 6
[1] 1.215506
[1] 28.74338
[1] 3000.521
[1] 7
Iteration:  7 . Objective= 49359.92 
[1] 7
[1] 1.276282
[1] 29.12869
[1] 3216.2
[1] 8
Iteration:  8 . Objective= 70015.77 
[1] 8
[1] 1.340096
[1] 29.52703
[1] 3238.442
[1] 9
Iteration:  9 . Objective= 88635.33 
[1] 9
[1] 1.4071
[1] 29.9922
[1] 3106.496
[1] 10
Iteration:  10 . Objective= 105297 
[1] 10
[1] 1.477455
[1] 30.58415
[1] 3038.368
[1] 11
Iteration:  11 . Objective= 120206.3 
[1] 11
[1] 1.551328
[1] 31.34405
[1] 3110.127
[1] 12
Iteration:  12 . Objective= 133500.1 
[1] 12
[1] 1.628895
[1] 32.28295
[1] 3189.35
[1] 13
Iteration:  13 . Objective= 145234.1 
[1] 13
[1] 1.710339
[1] 33.39041
[1] 3158.04
[1] 14
Iteration:  14 . Objective= 155886.9 
[1] 14
[1] 1.795856
[1] 34.64358
[1] 3088.268
[1] 15
Iteration:  15 . Objective= 166002 
[1] 15
[1] 1.885649
[1] 36.01172
[1] 3102.639
[1] 16
Iteration:  16 . Objective= 175686.7 
[1] 16
[1] 1.979932
[1] 37.46891
[1] 3165.846
[1] 17
Iteration:  17 . Objective= 185020.5 
[1] 17
[1] 2.078928
[1] 39.01499
[1] 3161.551
[1] 18
Iteration:  18 . Objective= 194004 
[1] 18
[1] 2.182875
[1] 40.67483
[1] 3110.125
[1] 19
Iteration:  19 . Objective= 202580.5 
[1] 19
[1] 2.292018
[1] 42.47297
[1] 3118.073
[1] 20
Iteration:  20 . Objective= 210764.4 
[1] 20
[1] 2.406619
[1] 44.42082
[1] 3163.365
[1] 21
Iteration:  21 . Objective= 218520.6 
[1] 21
[1] 2.52695
[1] 46.52133
[1] 3150.609
[1] 22
Iteration:  22 . Objective= 225917.2 
[1] 22
[1] 2.653298
[1] 48.76819
[1] 3115.879
[1] 23
Iteration:  23 . Objective= 233114.8 
[1] 23
[1] 2.785963
[1] 51.14711
[1] 3138.376
[1] 24
Iteration:  24 . Objective= 240137.7 
[1] 24
[1] 2.925261
[1] 53.65238
[1] 3162.289
[1] 25
Iteration:  25 . Objective= 246939.8 
[1] 25
[1] 3.071524
[1] 56.2933
[1] 3134.981
[1] 26
Iteration:  26 . Objective= 253612.8 
[1] 26
[1] 3.2251
[1] 59.07936
[1] 3127.081
[1] 27
Iteration:  27 . Objective= 260221 
[1] 27
[1] 3.386355
[1] 62.01192
[1] 3155.481
[1] 28
Iteration:  28 . Objective= 266768.2 
[1] 28
[1] 3.555673
[1] 65.09499
[1] 3148.563
[1] 29
Iteration:  29 . Objective= 273296.5 
[1] 29
[1] 3.733456
[1] 68.3379
[1] 3128.22
[1] 30
Iteration:  30 . Objective= 279861.6 
[1] 30
[1] 3.920129
[1] 71.75076
[1] 3145.925
[1] 31
Iteration:  31 . Objective= 286441.1 
[1] 31
[1] 4.116136
[1] 75.34778
[1] 3150.903
[1] 32
Iteration:  32 . Objective= 293033.7 
[1] 32
[1] 4.321942
[1] 79.14344
[1] 3130.366
[1] 33
Iteration:  33 . Objective= 299684.6 
[1] 33
[1] 4.538039
[1] 83.14292
[1] 3138.842
[1] 34
Iteration:  34 . Objective= 306364.6 
[1] 34
[1] 4.764941
[1] 87.34975
[1] 3147.595
[1] 35
Iteration:  35 . Objective= 313089.2 
[1] 35
[1] 5.003189
[1] 91.7729
[1] 3128.436
[1] 36
Iteration:  36 . Objective= 319863.2 
[1] 36
[1] 5.253348
[1] 96.41701
[1] 3132.311
[1] 37
Iteration:  37 . Objective= 326680.9 
[1] 37
[1] 5.516015
[1] 101.2836
[1] 3144.432
[1] 38
Iteration:  38 . Objective= 333554.3 
[1] 38
[1] 5.791816
[1] 106.3781
[1] 3129.787
[1] 39
Iteration:  39 . Objective= 340484.9 
[1] 39
[1] 6.081407
[1] 111.7016
[1] 3133.514
[1] 40
Iteration:  40 . Objective= 347483.9 
[1] 40
[1] 6.385477
[1] 117.2536
[1] 3144.497
[1] 41
Iteration:  41 . Objective= 354537.2 
[1] 41
[1] 6.704751
[1] 123.0372
[1] 3133.698
[1] 42
Iteration:  42 . Objective= 361655.4 
[1] 42
[1] 7.039989
[1] 129.0509
[1] 3144.481
[1] 43
Iteration:  43 . Objective= 368808.4 
[1] 43
[1] 7.391988
[1] 135.2933
[1] 3153.016
[1] 44
Iteration:  44 . Objective= 376001.2 
[1] 44
[1] 7.761588
[1] 141.7678
[1] 3141.981
[1] 45
Iteration:  45 . Objective= 383233.6 
[1] 45
[1] 8.149667
[1] 148.4727
[1] 3156.038
[1] 46
Iteration:  46 . Objective= 390482 
[1] 46
[1] 8.55715
[1] 155.4092
[1] 3158.202
[1] 47
Iteration:  47 . Objective= 397739 
[1] 47
[1] 8.985008
[1] 162.5812
[1] 3149.954
[1] 48
Iteration:  48 . Objective= 404988.9 
[1] 48
[1] 9.434258
[1] 169.9886
[1] 3160.608
[1] 49
Iteration:  49 . Objective= 412237.9 
[1] 49
[1] 9.905971
[1] 177.6353
[1] 3154.964
[1] 50
Iteration:  50 . Objective= 419494.6 
[1] 50
[1] 10.40127
[1] 185.5254
[1] 3152.97
[1] 51
Iteration:  51 . Objective= 426760.8 
[1] 51
[1] 10.92133
[1] 193.6591
[1] 3166.992
[1] 52
Iteration:  52 . Objective= 434034.2 
[1] 52
[1] 11.4674
[1] 202.0462
[1] 3139.478
[1] 53
Iteration:  53 . Objective= 441315 
[1] 53
[1] 12.04077
[1] 210.6745
[1] 3204.561
[1] 54
Iteration:  54 . Objective= 448571.7 
[1] 54
[1] 12.64281
[1] 219.5844
[1] 3052.984
[1] 55
Iteration:  55 . Objective= 455619.2 
[1] 55
[1] 13.27495
[1] 228.6793
[1] 3503.272
[1] 56
Iteration:  56 . Objective= 461372.7 
[1] 56
[1] 13.9387
[1] 237.8668
[1] 4115.083
[1] 57
[1] 58
Iteration:  58 . Objective= 461372.7 
[1] 58
[1] 7.317815
[1] 228.8798
[1] 4115.083
[1] 59
[1] 60
Iteration:  60 . Objective= 461372.7 
[1] 60
[1] 3.841853
[1] 228.737
[1] 4115.083
[1] 61
Iteration:  61 . Objective= 462769.7 
[1] 61
[1] 4.033946
[1] 228.896
[1] 3321.736
[1] 62
[1] 63
Iteration:  63 . Objective= 462769.7 
[1] 63
[1] 2.117822
[1] 228.744
[1] 3321.736
[1] 64
Iteration:  64 . Objective= 463137.9 
[1] 64
[1] 2.223713
[1] 228.7701
[1] 3136.569
[1] 65
[1] 66
Iteration:  66 . Objective= 463137.9 
[1] 66
[1] 1.167449
[1] 228.7066
[1] 3136.569
[1] 67
[1] 68
        1         2         3         4         5         6         7         8 
228.70663 172.36890 119.37008 102.02662  82.19093  78.03223  62.91966  58.80829 
        9        10        11        12        13        14        15        16 
 53.34151  49.77256  46.76028  44.74299  43.03464  41.39868  38.89795  36.93893 
       17        18        19        20 
 34.21696  32.13684  30.87641  22.89325 
For users of newer versions (1.0.1+): the `scores` matrix now contains factor scores, the `V` matrix is UNSCALED scores.
For users of newer versions (1.0.1+): the `scores` matrix now contains factor scores.
[1] 8.603713e-05
[1] 1
Iteration:  1 . Objective= -271521.8 
[1] 1
[1] 1
[1] 42.22328
[1] 1891.184
[1] 2
Iteration:  2 . Objective= -234167.1 
[1] 2
[1] 1
[1] 42.11293
[1] 4305.654
[1] 3
Iteration:  3 . Objective= -215585.8 
[1] 3
[1] 1.05
[1] 41.9781
[1] 4456.539
[1] 4
Iteration:  4 . Objective= -199089.6 
[1] 4
[1] 1.1025
[1] 41.82236
[1] 3634.522
[1] 5
Iteration:  5 . Objective= -180722 
[1] 5
[1] 1.157625
[1] 41.64795
[1] 3189.587
[1] 6
Iteration:  6 . Objective= -160611.3 
[1] 6
[1] 1.215506
[1] 41.45785
[1] 3345.086
[1] 7
Iteration:  7 . Objective= -141494.2 
[1] 7
[1] 1.276282
[1] 41.25791
[1] 3676.663
[1] 8
Iteration:  8 . Objective= -124409 
[1] 8
[1] 1.340096
[1] 41.05316
[1] 3717.015
[1] 9
Iteration:  9 . Objective= -109091.9 
[1] 9
[1] 1.4071
[1] 40.84224
[1] 3489.831
[1] 10
Iteration:  10 . Objective= -95203.79 
[1] 10
[1] 1.477455
[1] 40.61769
[1] 3343.325
[1] 11
Iteration:  11 . Objective= -82195.46 
[1] 11
[1] 1.551328
[1] 40.3745
[1] 3428.907
[1] 12
Iteration:  12 . Objective= -69716.27 
[1] 12
[1] 1.628895
[1] 40.11474
[1] 3553.608
[1] 13
Iteration:  13 . Objective= -58009.67 
[1] 13
[1] 1.710339
[1] 39.84855
[1] 3515.145
[1] 14
Iteration:  14 . Objective= -47342.47 
[1] 14
[1] 1.795856
[1] 39.58929
[1] 3416.814
[1] 15
Iteration:  15 . Objective= -37423.65 
[1] 15
[1] 1.885649
[1] 39.33548
[1] 3455.918
[1] 16
Iteration:  16 . Objective= -28096.22 
[1] 16
[1] 1.979932
[1] 39.07188
[1] 3564.006
[1] 17
Iteration:  17 . Objective= -19433.37 
[1] 17
[1] 2.078928
[1] 38.79673
[1] 3542.747
[1] 18
Iteration:  18 . Objective= -11267.55 
[1] 18
[1] 2.182875
[1] 38.53755
[1] 3450.286
[1] 19
Iteration:  19 . Objective= -3428.678 
[1] 19
[1] 2.292018
[1] 38.35411
[1] 3475.242
[1] 20
Iteration:  20 . Objective= 4102.071 
[1] 20
[1] 2.406619
[1] 38.36885
[1] 3543.6
[1] 21
Iteration:  21 . Objective= 11335.11 
[1] 21
[1] 2.52695
[1] 38.97249
[1] 3496.092
[1] 22
Iteration:  22 . Objective= 18262.44 
[1] 22
[1] 2.653298
[1] 40.56882
[1] 3452.266
[1] 23
Iteration:  23 . Objective= 24933.11 
[1] 23
[1] 2.785963
[1] 42.64541
[1] 3520.415
[1] 24
Iteration:  24 . Objective= 31461.75 
[1] 24
[1] 2.925261
[1] 44.91278
[1] 3526.386
[1] 25
Iteration:  25 . Objective= 37862.63 
[1] 25
[1] 3.071524
[1] 47.32542
[1] 3462.02
[1] 26
Iteration:  26 . Objective= 44154.05 
[1] 26
[1] 3.2251
[1] 49.87393
[1] 3503.657
[1] 27
Iteration:  27 . Objective= 50365.57 
[1] 27
[1] 3.386355
[1] 52.56301
[1] 3528.187
[1] 28
Iteration:  28 . Objective= 56471.95 
[1] 28
[1] 3.555673
[1] 55.40934
[1] 3469.822
[1] 29
Iteration:  29 . Objective= 62505.01 
[1] 29
[1] 3.733456
[1] 58.41446
[1] 3504.404
[1] 30
Iteration:  30 . Objective= 68481.17 
[1] 30
[1] 3.920129
[1] 61.57955
[1] 3515.414
[1] 31
Iteration:  31 . Objective= 74436.52 
[1] 31
[1] 4.116136
[1] 64.91229
[1] 3464.069
[1] 32
Iteration:  32 . Objective= 80385.04 
[1] 32
[1] 4.321942
[1] 68.40785
[1] 3509.427
[1] 33
Iteration:  33 . Objective= 86358.16 
[1] 33
[1] 4.538039
[1] 72.07379
[1] 3485.881
[1] 34
Iteration:  34 . Objective= 92367.62 
[1] 34
[1] 4.764941
[1] 75.91773
[1] 3472.156
[1] 35
Iteration:  35 . Objective= 98414.55 
[1] 35
[1] 5.003189
[1] 79.93998
[1] 3508.85
[1] 36
Iteration:  36 . Objective= 104495.6 
[1] 36
[1] 5.253348
[1] 84.15296
[1] 3461.207
[1] 37
Iteration:  37 . Objective= 110635.2 
[1] 37
[1] 5.516015
[1] 88.55203
[1] 3515.078
[1] 38
Iteration:  38 . Objective= 116788.5 
[1] 38
[1] 5.791816
[1] 93.14983
[1] 3450.888
[1] 39
Iteration:  39 . Objective= 122979.9 
[1] 39
[1] 6.081407
[1] 97.93706
[1] 3520.389
[1] 40
Iteration:  40 . Objective= 129192.9 
[1] 40
[1] 6.385477
[1] 102.9284
[1] 3441.295
[1] 41
Iteration:  41 . Objective= 135476.2 
[1] 41
[1] 6.704751
[1] 108.1074
[1] 3553.243
[1] 42
Iteration:  42 . Objective= 141776.7 
[1] 42
[1] 7.039989
[1] 113.5103
[1] 3363.885
[1] 43
Iteration:  43 . Objective= 148156.1 
[1] 43
[1] 7.391988
[1] 119.0817
[1] 3725.226
[1] 44
Iteration:  44 . Objective= 154521.2 
[1] 44
[1] 7.761588
[1] 124.9488
[1] 3063.391
[1] 45
Iteration:  45 . Objective= 160885.9 
[1] 45
[1] 8.149667
[1] 130.8675
[1] 4735.383
[1] 46
Iteration:  46 . Objective= 166955.1 
[1] 46
[1] 8.55715
[1] 137.0519
[1] 3252.099
[1] 47
Iteration:  47 . Objective= 171985.2 
[1] 47
[1] 8.985008
[1] 143.1135
[1] 7745.724
[1] 48
Iteration:  48 . Objective= 179167.9 
[1] 48
[1] 9.434258
[1] 149.5288
[1] 2952.69
[1] 49
Iteration:  49 . Objective= 184467.6 
[1] 49
[1] 9.905971
[1] 155.8454
[1] 7324.993
[1] 50
Iteration:  50 . Objective= 190985.6 
[1] 50
[1] 10.40127
[1] 162.3616
[1] 3784.528
[1] 51
Iteration:  51 . Objective= 196166.3 
[1] 51
[1] 10.92133
[1] 168.8302
[1] 6459.943
[1] 52
Iteration:  52 . Objective= 202189.5 
[1] 52
[1] 11.4674
[1] 175.8177
[1] 2554.935
[1] 53
[1] 54
Iteration:  54 . Objective= 202189.5 
[1] 54
[1] 6.020385
[1] 169.2093
[1] 2554.935
[1] 55
[1] 56
Iteration:  56 . Objective= 202189.5 
[1] 56
[1] 3.160702
[1] 168.9815
[1] 2554.935
[1] 57
Iteration:  57 . Objective= 203112.2 
[1] 57
[1] 3.318737
[1] 169.1552
[1] 5280.734
[1] 58
[1] 59
Iteration:  59 . Objective= 203112.2 
[1] 59
[1] 1.742337
[1] 168.9495
[1] 5280.734
[1] 60
Iteration:  60 . Objective= 203534.5 
[1] 60
[1] 1.829454
[1] 168.9178
[1] 3813.549
[1] 61
[1] 62
        1         2         3         4         5         6         7         8 
168.91784 124.05446  85.23656  72.94826  64.49473  54.22859  52.33065  48.05910 
        9        10        11        12        13        14        15        16 
 42.95918  40.61919  40.14661  35.63924  32.95633  29.99785  29.19330  26.08617 
       17        18        19        20 
 23.04403  22.51194  20.91903  14.81800 
For users of newer versions (1.0.1+): the `scores` matrix now contains factor scores, the `V` matrix is UNSCALED scores.
For users of newer versions (1.0.1+): the `scores` matrix now contains factor scores.
[1] 8.754097e-05
[1] 1
Iteration:  1 . Objective= -194181.6 
[1] 1
[1] 1
[1] 40.86966
[1] 2773.506
[1] 2
Iteration:  2 . Objective= -169035.7 
[1] 2
[1] 1
[1] 40.76843
[1] 2552.764
[1] 3
Iteration:  3 . Objective= -142967.4 
[1] 3
[1] 1.05
[1] 40.65441
[1] 3773.167
[1] 4
Iteration:  4 . Objective= -122162.3 
[1] 4
[1] 1.1025
[1] 40.5316
[1] 3834.081
[1] 5
Iteration:  5 . Objective= -103130.8 
[1] 5
[1] 1.157625
[1] 40.41076
[1] 3204.54
[1] 6
Iteration:  6 . Objective= -84661.85 
[1] 6
[1] 1.215506
[1] 40.28342
[1] 3880.576
[1] 7
Iteration:  7 . Objective= -68742.54 
[1] 7
[1] 1.276282
[1] 40.14473
[1] 4431.481
[1] 8
Iteration:  8 . Objective= -55132.04 
[1] 8
[1] 1.340096
[1] 40.01094
[1] 3226.537
[1] 9
Iteration:  9 . Objective= -41857.96 
[1] 9
[1] 1.4071
[1] 39.87442
[1] 3401.784
[1] 10
Iteration:  10 . Objective= -29148.35 
[1] 10
[1] 1.477455
[1] 39.73344
[1] 3296.663
[1] 11
Iteration:  11 . Objective= -17539.76 
[1] 11
[1] 1.551328
[1] 39.59059
[1] 3138.25
[1] 12
Iteration:  12 . Objective= -6958.396 
[1] 12
[1] 1.628895
[1] 39.4516
[1] 3186.764
[1] 13
Iteration:  13 . Objective= 3070.145 
[1] 13
[1] 1.710339
[1] 39.32982
[1] 3320.48
[1] 14
Iteration:  14 . Objective= 12260.42 
[1] 14
[1] 1.795856
[1] 39.25266
[1] 3289.156
[1] 15
Iteration:  15 . Objective= 20468.1 
[1] 15
[1] 1.885649
[1] 39.25619
[1] 3184.339
[1] 16
Iteration:  16 . Objective= 28364.09 
[1] 16
[1] 1.979932
[1] 39.36231
[1] 3157.703
[1] 17
Iteration:  17 . Objective= 36060.52 
[1] 17
[1] 2.078928
[1] 39.57069
[1] 3245.238
[1] 18
Iteration:  18 . Objective= 43425.44 
[1] 18
[1] 2.182875
[1] 39.88599
[1] 3275.347
[1] 19
Iteration:  19 . Objective= 50367.35 
[1] 19
[1] 2.292018
[1] 40.33708
[1] 3203.79
[1] 20
Iteration:  20 . Objective= 57021.17 
[1] 20
[1] 2.406619
[1] 40.9799
[1] 3186.011
[1] 21
Iteration:  21 . Objective= 63660.46 
[1] 21
[1] 2.52695
[1] 41.99665
[1] 3249.078
[1] 22
Iteration:  22 . Objective= 70079.56 
[1] 22
[1] 2.653298
[1] 43.48283
[1] 3249.281
[1] 23
Iteration:  23 . Objective= 76321.61 
[1] 23
[1] 2.785963
[1] 45.07278
[1] 3194.486
[1] 24
Iteration:  24 . Objective= 82404.24 
[1] 24
[1] 2.925261
[1] 46.82646
[1] 3212.548
[1] 25
Iteration:  25 . Objective= 88423.57 
[1] 25
[1] 3.071524
[1] 48.87359
[1] 3254.85
[1] 26
Iteration:  26 . Objective= 94365.02 
[1] 26
[1] 3.2251
[1] 51.25133
[1] 3222.839
[1] 27
Iteration:  27 . Objective= 100349.3 
[1] 27
[1] 3.386355
[1] 53.92758
[1] 3204.538
[1] 28
Iteration:  28 . Objective= 106313.6 
[1] 28
[1] 3.555673
[1] 56.86531
[1] 3242.383
[1] 29
Iteration:  29 . Objective= 112271.1 
[1] 29
[1] 3.733456
[1] 60.04464
[1] 3229.77
[1] 30
Iteration:  30 . Objective= 118213.7 
[1] 30
[1] 3.920129
[1] 63.45396
[1] 3205.997
[1] 31
Iteration:  31 . Objective= 124151.3 
[1] 31
[1] 4.116136
[1] 67.07581
[1] 3240.226
[1] 32
Iteration:  32 . Objective= 130090 
[1] 32
[1] 4.321942
[1] 70.90258
[1] 3232.362
[1] 33
Iteration:  33 . Objective= 136066.9 
[1] 33
[1] 4.538039
[1] 74.93252
[1] 3211.461
[1] 34
Iteration:  34 . Objective= 142039.4 
[1] 34
[1] 4.764941
[1] 79.15848
[1] 3240.664
[1] 35
Iteration:  35 . Objective= 148011.3 
[1] 35
[1] 5.003189
[1] 83.58357
[1] 3224.198
[1] 36
Iteration:  36 . Objective= 153978.5 
[1] 36
[1] 5.253348
[1] 88.21038
[1] 3215.997
[1] 37
Iteration:  37 . Objective= 159933.8 
[1] 37
[1] 5.516015
[1] 93.03524
[1] 3243.169
[1] 38
Iteration:  38 . Objective= 165910.4 
[1] 38
[1] 5.791816
[1] 98.06455
[1] 3218.85
[1] 39
Iteration:  39 . Objective= 171931.5 
[1] 39
[1] 6.081407
[1] 103.2988
[1] 3228.291
[1] 40
Iteration:  40 . Objective= 178036.4 
[1] 40
[1] 6.385477
[1] 108.7397
[1] 3235.114
[1] 41
Iteration:  41 . Objective= 184203.3 
[1] 41
[1] 6.704751
[1] 114.395
[1] 3213.615
[1] 42
Iteration:  42 . Objective= 190406.8 
[1] 42
[1] 7.039989
[1] 120.2623
[1] 3240.208
[1] 43
Iteration:  43 . Objective= 196647.8 
[1] 43
[1] 7.391988
[1] 126.3477
[1] 3222.63
[1] 44
Iteration:  44 . Objective= 202911.2 
[1] 44
[1] 7.761588
[1] 132.6522
[1] 3227.421
[1] 45
Iteration:  45 . Objective= 209202.3 
[1] 45
[1] 8.149667
[1] 139.1754
[1] 3236.774
[1] 46
Iteration:  46 . Objective= 215516.2 
[1] 46
[1] 8.55715
[1] 145.924
[1] 3216.768
[1] 47
Iteration:  47 . Objective= 221847.1 
[1] 47
[1] 8.985008
[1] 152.8954
[1] 3239.675
[1] 48
Iteration:  48 . Objective= 228197.4 
[1] 48
[1] 9.434258
[1] 160.0962
[1] 3222.612
[1] 49
Iteration:  49 . Objective= 234597.7 
[1] 49
[1] 9.905971
[1] 167.5259
[1] 3234.983
[1] 50
Iteration:  50 . Objective= 241040.9 
[1] 50
[1] 10.40127
[1] 175.1901
[1] 3223.148
[1] 51
Iteration:  51 . Objective= 247493.9 
[1] 51
[1] 10.92133
[1] 183.0843
[1] 3249.706
[1] 52
Iteration:  52 . Objective= 253763.2 
[1] 52
[1] 11.4674
[1] 191.2339
[1] 3170.737
[1] 53
Iteration:  53 . Objective= 257472.2 
[1] 53
[1] 12.04077
[1] 199.5852
[1] 3383.37
[1] 54
[1] 55
Iteration:  55 . Objective= 257472.2 
[1] 55
[1] 6.321404
[1] 191.4859
[1] 3383.37
[1] 56
[1] 57
Iteration:  57 . Objective= 257472.2 
[1] 57
[1] 3.318737
[1] 191.3185
[1] 3383.37
[1] 58
Iteration:  58 . Objective= 260429.9 
[1] 58
[1] 3.484674
[1] 191.5073
[1] 3187.015
[1] 59
[1] 60
Iteration:  60 . Objective= 260429.9 
[1] 60
[1] 1.829454
[1] 191.3277
[1] 3187.015
[1] 61
Iteration:  61 . Objective= 260567.9 
[1] 61
[1] 1.920927
[1] 191.3504
[1] 3213.935
[1] 62
[1] 63
        1         2         3         4         5         6         7         8 
191.35039 131.42308 102.23467  84.95686  71.14890  60.72991  51.54504  49.60413 
        9        10        11        12        13        14        15        16 
 46.60262  42.10621  37.57197  37.09467  35.88852  33.04112  30.72873  27.18215 
       17        18        19        20 
 25.58938  24.19738  23.44757  15.76379 
For users of newer versions (1.0.1+): the `scores` matrix now contains factor scores, the `V` matrix is UNSCALED scores.
For users of newer versions (1.0.1+): the `scores` matrix now contains factor scores.
[1] 8.642409e-05
[1] 1
Iteration:  1 . Objective= -262967.1 
[1] 1
[1] 1
[1] 45.94861
[1] 1865.499
[1] 2
Iteration:  2 . Objective= -224605.3 
[1] 2
[1] 1
[1] 45.88584
[1] 4317.163
[1] 3
Iteration:  3 . Objective= -206717.2 
[1] 3
[1] 1.05
[1] 45.79241
[1] 4410.367
[1] 4
Iteration:  4 . Objective= -191176.2 
[1] 4
[1] 1.1025
[1] 45.68518
[1] 3599.925
[1] 5
Iteration:  5 . Objective= -174044.6 
[1] 5
[1] 1.157625
[1] 45.57071
[1] 3180.118
[1] 6
Iteration:  6 . Objective= -155320.7 
[1] 6
[1] 1.215506
[1] 45.44472
[1] 3345.069
[1] 7
Iteration:  7 . Objective= -138004.4 
[1] 7
[1] 1.276282
[1] 45.30252
[1] 3670.351
[1] 8
Iteration:  8 . Objective= -123515.5 
[1] 8
[1] 1.340096
[1] 45.14563
[1] 3709.14
[1] 9
Iteration:  9 . Objective= -110699.2 
[1] 9
[1] 1.4071
[1] 44.98148
[1] 3493.573
[1] 10
Iteration:  10 . Objective= -98806.24 
[1] 10
[1] 1.477455
[1] 44.81907
[1] 3362.848
[1] 11
Iteration:  11 . Objective= -87989.7 
[1] 11
[1] 1.551328
[1] 44.66457
[1] 3453.728
[1] 12
Iteration:  12 . Objective= -78128.87 
[1] 12
[1] 1.628895
[1] 44.52246
[1] 3570.684
[1] 13
Iteration:  13 . Objective= -68762.78 
[1] 13
[1] 1.710339
[1] 44.39702
[1] 3527.758
[1] 14
Iteration:  14 . Objective= -59765.31 
[1] 14
[1] 1.795856
[1] 44.28674
[1] 3431.487
[1] 15
Iteration:  15 . Objective= -51252.74 
[1] 15
[1] 1.885649
[1] 44.17888
[1] 3460.506
[1] 16
Iteration:  16 . Objective= -43249.3 
[1] 16
[1] 1.979932
[1] 44.06241
[1] 3549.61
[1] 17
Iteration:  17 . Objective= -35678.88 
[1] 17
[1] 2.078928
[1] 43.94507
[1] 3531.131
[1] 18
Iteration:  18 . Objective= -28461.27 
[1] 18
[1] 2.182875
[1] 43.85426
[1] 3457.446
[1] 19
Iteration:  19 . Objective= -21571.35 
[1] 19
[1] 2.292018
[1] 43.82255
[1] 3481.458
[1] 20
Iteration:  20 . Objective= -14936.37 
[1] 20
[1] 2.406619
[1] 43.87792
[1] 3539.75
[1] 21
Iteration:  21 . Objective= -8394.191 
[1] 21
[1] 2.52695
[1] 44.04926
[1] 3502.41
[1] 22
Iteration:  22 . Objective= -1894.598 
[1] 22
[1] 2.653298
[1] 44.37126
[1] 3464.668
[1] 23
Iteration:  23 . Objective= 4496.968 
[1] 23
[1] 2.785963
[1] 44.90037
[1] 3516.903
[1] 24
Iteration:  24 . Objective= 10755.13 
[1] 24
[1] 2.925261
[1] 45.75277
[1] 3524.11
[1] 25
Iteration:  25 . Objective= 16890.93 
[1] 25
[1] 3.071524
[1] 47.09751
[1] 3471.049
[1] 26
Iteration:  26 . Objective= 22966.24 
[1] 26
[1] 3.2251
[1] 49.0244
[1] 3498.047
[1] 27
Iteration:  27 . Objective= 28987.55 
[1] 27
[1] 3.386355
[1] 51.45926
[1] 3521.504
[1] 28
Iteration:  28 . Objective= 34968.08 
[1] 28
[1] 3.555673
[1] 54.27625
[1] 3476.629
[1] 29
Iteration:  29 . Objective= 40964.02 
[1] 29
[1] 3.733456
[1] 57.37702
[1] 3499.375
[1] 30
Iteration:  30 . Objective= 46957.22 
[1] 30
[1] 3.920129
[1] 60.70648
[1] 3515.846
[1] 31
Iteration:  31 . Objective= 52938.5 
[1] 31
[1] 4.116136
[1] 64.24215
[1] 3478.401
[1] 32
Iteration:  32 . Objective= 58968.19 
[1] 32
[1] 4.321942
[1] 67.96424
[1] 3511.083
[1] 33
Iteration:  33 . Objective= 65040.35 
[1] 33
[1] 4.538039
[1] 71.86743
[1] 3498.088
[1] 34
Iteration:  34 . Objective= 71138.57 
[1] 34
[1] 4.764941
[1] 75.95132
[1] 3484.792
[1] 35
Iteration:  35 . Objective= 77261.54 
[1] 35
[1] 5.003189
[1] 80.21162
[1] 3518.318
[1] 36
Iteration:  36 . Objective= 83395.46 
[1] 36
[1] 5.253348
[1] 84.65813
[1] 3479.16
[1] 37
Iteration:  37 . Objective= 89549.11 
[1] 37
[1] 5.516015
[1] 89.28848
[1] 3523.672
[1] 38
Iteration:  38 . Objective= 95742.84 
[1] 38
[1] 5.791816
[1] 94.11763
[1] 3466.249
[1] 39
Iteration:  39 . Objective= 102016.2 
[1] 39
[1] 6.081407
[1] 99.13625
[1] 3551.604
[1] 40
Iteration:  40 . Objective= 108329.8 
[1] 40
[1] 6.385477
[1] 104.3725
[1] 3414.226
[1] 41
Iteration:  41 . Objective= 114718.3 
[1] 41
[1] 6.704751
[1] 109.7843
[1] 3680.785
[1] 42
Iteration:  42 . Objective= 121076.1 
[1] 42
[1] 7.039989
[1] 115.4711
[1] 3160.572
[1] 43
Iteration:  43 . Objective= 127426.9 
[1] 43
[1] 7.391988
[1] 121.2196
[1] 4580.927
[1] 44
Iteration:  44 . Objective= 133325.3 
[1] 44
[1] 7.761588
[1] 127.3461
[1] 2772.836
[1] 45
[1] 46
Iteration:  46 . Objective= 133325.3 
[1] 46
[1] 4.074833
[1] 121.5337
[1] 2772.836
[1] 47
[1] 48
Iteration:  48 . Objective= 133325.3 
[1] 48
[1] 2.139288
[1] 121.3368
[1] 2772.836
[1] 49
Iteration:  49 . Objective= 133886.5 
[1] 49
[1] 2.246252
[1] 121.4932
[1] 4396.514
[1] 50
[1] 51
Iteration:  51 . Objective= 133886.5 
[1] 51
[1] 1.179282
[1] 121.3133
[1] 4396.514
[1] 52
Iteration:  52 . Objective= 133943.5 
[1] 52
[1] 1.238246
[1] 121.2856
[1] 3732.763
[1] 53
[1] 54
        1         2         3         4         5         6         7         8 
121.28559  84.76863  63.43632  51.51611  46.21693  45.68647  41.99021  36.14221 
        9        10        11        12        13        14        15        16 
 34.98471  30.70528  29.86520  26.91402  23.92409  22.29646  20.04042  16.70076 
       17        18        19        20 
 15.70218  13.88443  12.74343  10.89902 
For users of newer versions (1.0.1+): the `scores` matrix now contains factor scores, the `V` matrix is UNSCALED scores.
For users of newer versions (1.0.1+): the `scores` matrix now contains factor scores.
[1] 8.854233e-05
[1] 1
Iteration:  1 . Objective= -299639.8 
[1] 1
[1] 1
[1] 31.78735
[1] 1837.615
[1] 2
Iteration:  2 . Objective= -257139.7 
[1] 2
[1] 1
[1] 31.74743
[1] 2340.909
[1] 3
Iteration:  3 . Objective= -223454.9 
[1] 3
[1] 1.05
[1] 31.70266
[1] 2496.117
[1] 4
Iteration:  4 . Objective= -193145.1 
[1] 4
[1] 1.1025
[1] 31.6667
[1] 2352.23
[1] 5
Iteration:  5 . Objective= -166064.3 
[1] 5
[1] 1.157625
[1] 31.6181
[1] 3243.386
[1] 6
Iteration:  6 . Objective= -146369.8 
[1] 6
[1] 1.215506
[1] 31.55695
[1] 3430.444
[1] 7
Iteration:  7 . Objective= -130793.7 
[1] 7
[1] 1.276282
[1] 31.50867
[1] 2428.237
[1] 8
Iteration:  8 . Objective= -115487.7 
[1] 8
[1] 1.340096
[1] 31.48184
[1] 2380.525
[1] 9
Iteration:  9 . Objective= -101036.2 
[1] 9
[1] 1.4071
[1] 31.49273
[1] 2363.645
[1] 10
Iteration:  10 . Objective= -87719.6 
[1] 10
[1] 1.477455
[1] 31.5585
[1] 2521.51
[1] 11
Iteration:  11 . Objective= -75830.25 
[1] 11
[1] 1.551328
[1] 31.705
[1] 2810.673
[1] 12
Iteration:  12 . Objective= -65564.04 
[1] 12
[1] 1.628895
[1] 32.03255
[1] 2472.417
[1] 13
Iteration:  13 . Objective= -56206.72 
[1] 13
[1] 1.710339
[1] 32.93941
[1] 2367.871
[1] 14
Iteration:  14 . Objective= -47294.9 
[1] 14
[1] 1.795856
[1] 34.51592
[1] 2343.145
[1] 15
Iteration:  15 . Objective= -38763.55 
[1] 15
[1] 1.885649
[1] 36.15245
[1] 2584.625
[1] 16
Iteration:  16 . Objective= -30797 
[1] 16
[1] 1.979932
[1] 37.76568
[1] 2651.97
[1] 17
Iteration:  17 . Objective= -23314.97 
[1] 17
[1] 2.078928
[1] 39.39377
[1] 2371.722
[1] 18
Iteration:  18 . Objective= -16013.65 
[1] 18
[1] 2.182875
[1] 41.04317
[1] 2340.824
[1] 19
Iteration:  19 . Objective= -8821.582 
[1] 19
[1] 2.292018
[1] 42.70375
[1] 2445.857
[1] 20
Iteration:  20 . Objective= -1916.765 
[1] 20
[1] 2.406619
[1] 44.36688
[1] 2585.276
[1] 21
Iteration:  21 . Objective= 4579.406 
[1] 21
[1] 2.52695
[1] 46.06625
[1] 2416.196
[1] 22
Iteration:  22 . Objective= 10884.25 
[1] 22
[1] 2.653298
[1] 47.83863
[1] 2337.506
[1] 23
Iteration:  23 . Objective= 17258.96 
[1] 23
[1] 2.785963
[1] 49.75858
[1] 2371.917
[1] 24
Iteration:  24 . Objective= 23662.37 
[1] 24
[1] 2.925261
[1] 52.05482
[1] 2499.93
[1] 25
Iteration:  25 . Objective= 29976.45 
[1] 25
[1] 3.071524
[1] 54.96115
[1] 2393.474
[1] 26
Iteration:  26 . Objective= 36292.03 
[1] 26
[1] 3.2251
[1] 58.32544
[1] 2332.449
[1] 27
Iteration:  27 . Objective= 42631.54 
[1] 27
[1] 3.386355
[1] 62.00083
[1] 2347.769
[1] 28
Iteration:  28 . Objective= 48968.55 
[1] 28
[1] 3.555673
[1] 65.90199
[1] 2471.385
[1] 29
Iteration:  29 . Objective= 55303.36 
[1] 29
[1] 3.733456
[1] 70.01627
[1] 2429.254
[1] 30
Iteration:  30 . Objective= 61675.19 
[1] 30
[1] 3.920129
[1] 74.35337
[1] 2356.167
[1] 31
Iteration:  31 . Objective= 68057.14 
[1] 31
[1] 4.116136
[1] 78.90029
[1] 2389.884
[1] 32
Iteration:  32 . Objective= 74388.57 
[1] 32
[1] 4.321942
[1] 83.63786
[1] 2457.284
[1] 33
Iteration:  33 . Objective= 80677.67 
[1] 33
[1] 4.538039
[1] 88.58024
[1] 2403.771
[1] 34
Iteration:  34 . Objective= 86974.21 
[1] 34
[1] 4.764941
[1] 93.74699
[1] 2336.781
[1] 35
Iteration:  35 . Objective= 93335.35 
[1] 35
[1] 5.003189
[1] 99.12372
[1] 2392.271
[1] 36
Iteration:  36 . Objective= 99750.21 
[1] 36
[1] 5.253348
[1] 104.6989
[1] 2443.866
[1] 37
Iteration:  37 . Objective= 106203.4 
[1] 37
[1] 5.516015
[1] 110.4959
[1] 2373.519
[1] 38
Iteration:  38 . Objective= 112703.3 
[1] 38
[1] 5.791816
[1] 116.5306
[1] 2328.476
[1] 39
Iteration:  39 . Objective= 119255.5 
[1] 39
[1] 6.081407
[1] 122.7605
[1] 2483.818
[1] 40
Iteration:  40 . Objective= 125768.2 
[1] 40
[1] 6.385477
[1] 129.1999
[1] 2437.644
[1] 41
Iteration:  41 . Objective= 132109.3 
[1] 41
[1] 6.704751
[1] 135.6397
[1] 3526.463
[1] 42
Iteration:  42 . Objective= 137804.3 
[1] 42
[1] 7.039989
[1] 142.3218
[1] 2365.885
[1] 43
Iteration:  43 . Objective= 140374.3 
[1] 43
[1] 7.391988
[1] 148.7058
[1] 9626.91
[1] 44
Iteration:  44 . Objective= 150034.3 
[1] 44
[1] 7.761588
[1] 155.3243
[1] 2507.938
[1] 45
Iteration:  45 . Objective= 156215.9 
[1] 45
[1] 8.149667
[1] 162.1621
[1] 2608.147
[1] 46
Iteration:  46 . Objective= 161131.9 
[1] 46
[1] 8.55715
[1] 169.0872
[1] 3242.771
[1] 47
Iteration:  47 . Objective= 164412.9 
[1] 47
[1] 8.985008
[1] 176.1986
[1] 2766.27
[1] 48
[1] 49
Iteration:  49 . Objective= 164412.9 
[1] 49
[1] 4.717129
[1] 169.3272
[1] 2766.27
[1] 50
[1] 51
Iteration:  51 . Objective= 164412.9 
[1] 51
[1] 2.476493
[1] 169.1655
[1] 2766.27
[1] 52
Iteration:  52 . Objective= 168600.3 
[1] 52
[1] 2.600317
[1] 169.3511
[1] 2486.009
[1] 53
[1] 54
Iteration:  54 . Objective= 168600.3 
[1] 54
[1] 1.365167
[1] 169.1763
[1] 2486.009
[1] 55
Iteration:  55 . Objective= 168797.1 
[1] 55
[1] 1.433425
[1] 169.2053
[1] 2443.29
[1] 56
Iteration:  56 . Objective= 168889.2 
[1] 56
[1] 1.505096
[1] 169.2586
[1] 2432.747
[1] 57
[1] 58
        1         2         3         4         5         6         7         8 
169.25859 120.68857  91.90426  79.54722  65.75103  54.55511  48.73209  46.71235 
        9        10        11        12        13        14        15        16 
 44.91081  40.10797  35.98298  33.50559  30.69691  29.76422  26.59692  24.89551 
       17        18        19        20 
 24.40082  22.69334  20.71848  16.06749 
For users of newer versions (1.0.1+): the `scores` matrix now contains factor scores, the `V` matrix is UNSCALED scores.
For users of newer versions (1.0.1+): the `scores` matrix now contains factor scores.
[1] 8.694259e-05
[1] 1
Iteration:  1 . Objective= 60258.22 
[1] 1
[1] 1
[1] 17.13708
[1] 1998.592
[1] 2
Iteration:  2 . Objective= 106308.7 
[1] 2
[1] 1
[1] 17.2792
[1] 3496.424
[1] 3
Iteration:  3 . Objective= 133423.5 
[1] 3
[1] 1.05
[1] 17.4845
[1] 3785.009
[1] 4
Iteration:  4 . Objective= 157562.5 
[1] 4
[1] 1.1025
[1] 17.84006
[1] 3331.621
[1] 5
Iteration:  5 . Objective= 182932.7 
[1] 5
[1] 1.157625
[1] 18.41799
[1] 2979.622
[1] 6
Iteration:  6 . Objective= 209226 
[1] 6
[1] 1.215506
[1] 19.1887
[1] 3053.921
[1] 7
Iteration:  7 . Objective= 232863.5 
[1] 7
[1] 1.276282
[1] 20.06124
[1] 3287.952
[1] 8
Iteration:  8 . Objective= 252336.7 
[1] 8
[1] 1.340096
[1] 20.98778
[1] 3361.56
[1] 9
Iteration:  9 . Objective= 268925.5 
[1] 9
[1] 1.4071
[1] 22.00165
[1] 3248.775
[1] 10
Iteration:  10 . Objective= 283873.9 
[1] 10
[1] 1.477455
[1] 23.18074
[1] 3157.342
[1] 11
Iteration:  11 . Objective= 297901.6 
[1] 11
[1] 1.551328
[1] 24.55061
[1] 3195.685
[1] 12
Iteration:  12 . Objective= 310899.6 
[1] 12
[1] 1.628895
[1] 26.06833
[1] 3264.557
[1] 13
Iteration:  13 . Objective= 322556.8 
[1] 13
[1] 1.710339
[1] 27.74979
[1] 3248.209
[1] 14
Iteration:  14 . Objective= 333117.6 
[1] 14
[1] 1.795856
[1] 29.63916
[1] 3189.567
[1] 15
Iteration:  15 . Objective= 343165.2 
[1] 15
[1] 1.885649
[1] 31.69888
[1] 3194.924
[1] 16
Iteration:  16 . Objective= 352769.8 
[1] 16
[1] 1.979932
[1] 33.85422
[1] 3247.872
[1] 17
Iteration:  17 . Objective= 361569.8 
[1] 17
[1] 2.078928
[1] 36.05572
[1] 3250.926
[1] 18
Iteration:  18 . Objective= 369665.4 
[1] 18
[1] 2.182875
[1] 38.28463
[1] 3210.875
[1] 19
Iteration:  19 . Objective= 377429.7 
[1] 19
[1] 2.292018
[1] 40.53389
[1] 3214.144
[1] 20
Iteration:  20 . Objective= 384983 
[1] 20
[1] 2.406619
[1] 42.79952
[1] 3246.192
[1] 21
Iteration:  21 . Objective= 392324.9 
[1] 21
[1] 2.52695
[1] 45.08753
[1] 3231.448
[1] 22
Iteration:  22 . Objective= 399477.7 
[1] 22
[1] 2.653298
[1] 47.40977
[1] 3204.678
[1] 23
Iteration:  23 . Objective= 406410.4 
[1] 23
[1] 2.785963
[1] 49.77629
[1] 3226.601
[1] 24
Iteration:  24 . Objective= 413158.8 
[1] 24
[1] 2.925261
[1] 52.20486
[1] 3241.186
[1] 25
Iteration:  25 . Objective= 419828.3 
[1] 25
[1] 3.071524
[1] 54.72562
[1] 3216.977
[1] 26
Iteration:  26 . Objective= 426476.7 
[1] 26
[1] 3.2251
[1] 57.36729
[1] 3217.141
[1] 27
Iteration:  27 . Objective= 433110 
[1] 27
[1] 3.386355
[1] 60.15163
[1] 3231.485
[1] 28
Iteration:  28 . Objective= 439687.6 
[1] 28
[1] 3.555673
[1] 63.09878
[1] 3218.222
[1] 29
Iteration:  29 . Objective= 446189.9 
[1] 29
[1] 3.733456
[1] 66.22397
[1] 3217.096
[1] 30
Iteration:  30 . Objective= 452675.5 
[1] 30
[1] 3.920129
[1] 69.53953
[1] 3221.541
[1] 31
Iteration:  31 . Objective= 459205.4 
[1] 31
[1] 4.116136
[1] 73.05783
[1] 3211.299
[1] 32
Iteration:  32 . Objective= 465763.3 
[1] 32
[1] 4.321942
[1] 76.78414
[1] 3221.331
[1] 33
Iteration:  33 . Objective= 472332.1 
[1] 33
[1] 4.538039
[1] 80.72156
[1] 3214.481
[1] 34
Iteration:  34 . Objective= 478935.9 
[1] 34
[1] 4.764941
[1] 84.87021
[1] 3206.134
[1] 35
Iteration:  35 . Objective= 485599.9 
[1] 35
[1] 5.003189
[1] 89.22693
[1] 3218.056
[1] 36
Iteration:  36 . Objective= 492336.2 
[1] 36
[1] 5.253348
[1] 93.79625
[1] 3200.567
[1] 37
Iteration:  37 . Objective= 499142 
[1] 37
[1] 5.516015
[1] 98.57872
[1] 3218.161
[1] 38
Iteration:  38 . Objective= 506001.2 
[1] 38
[1] 5.791816
[1] 103.5825
[1] 3195.784
[1] 39
Iteration:  39 . Objective= 512903.6 
[1] 39
[1] 6.081407
[1] 108.8043
[1] 3223.604
[1] 40
Iteration:  40 . Objective= 519849.6 
[1] 40
[1] 6.385477
[1] 114.2524
[1] 3183.546
[1] 41
Iteration:  41 . Objective= 526863.4 
[1] 41
[1] 6.704751
[1] 119.9121
[1] 3258.974
[1] 42
Iteration:  42 . Objective= 533894.7 
[1] 42
[1] 7.039989
[1] 125.804
[1] 3158.235
[1] 43
Iteration:  43 . Objective= 540955.8 
[1] 43
[1] 7.391988
[1] 131.8725
[1] 3456.73
[1] 44
Iteration:  44 . Objective= 547916.6 
[1] 44
[1] 7.761588
[1] 138.1623
[1] 3220.609
[1] 45
Iteration:  45 . Objective= 554533.2 
[1] 45
[1] 8.149667
[1] 144.4504
[1] 4923.83
[1] 46
Iteration:  46 . Objective= 560586.2 
[1] 46
[1] 8.55715
[1] 150.9296
[1] 3415.109
[1] 47
Iteration:  47 . Objective= 564229.4 
[1] 47
[1] 8.985008
[1] 157.229
[1] 8673.351
[1] 48
Iteration:  48 . Objective= 573599.6 
[1] 48
[1] 9.434258
[1] 163.8258
[1] 3007.905
[1] 49
Iteration:  49 . Objective= 579160.9 
[1] 49
[1] 9.905971
[1] 170.3506
[1] 6316.038
[1] 50
Iteration:  50 . Objective= 585967.2 
[1] 50
[1] 10.40127
[1] 177.1361
[1] 3246.479
[1] 51
[1] 52
Iteration:  52 . Objective= 585967.2 
[1] 52
[1] 5.460667
[1] 170.6041
[1] 3246.479
[1] 53
[1] 54
Iteration:  54 . Objective= 585967.2 
[1] 54
[1] 2.86685
[1] 170.4358
[1] 3246.479
[1] 55
Iteration:  55 . Objective= 587278.9 
[1] 55
[1] 3.010192
[1] 170.5654
[1] 4329.47
[1] 56
[1] 57
Iteration:  57 . Objective= 587278.9 
[1] 57
[1] 1.580351
[1] 170.4136
[1] 4329.47
[1] 58
Iteration:  58 . Objective= 587495 
[1] 58
[1] 1.659369
[1] 170.3985
[1] 3328.96
[1] 59
[1] 60
        1         2         3         4         5         6         7         8 
170.39854 130.50432  86.36589  74.88534  62.35572  60.45340  53.63465  45.35537 
        9        10        11        12        13        14        15        16 
 42.12706  40.22391  37.10070  32.68003  30.03892  29.03529  26.23634  24.57624 
       17        18        19        20 
 23.84586  21.96111  18.77550  15.79950 
For users of newer versions (1.0.1+): the `scores` matrix now contains factor scores, the `V` matrix is UNSCALED scores.
For users of newer versions (1.0.1+): the `scores` matrix now contains factor scores.
[1] 8.61406e-05
[1] 1
Iteration:  1 . Objective= -126849.9 
[1] 1
[1] 1
[1] 26.15797
[1] 1921.418
[1] 2
Iteration:  2 . Objective= -80709.62 
[1] 2
[1] 1
[1] 26.17673
[1] 5123.66
[1] 3
Iteration:  3 . Objective= -60105.17 
[1] 3
[1] 1.05
[1] 26.17914
[1] 5455.163
[1] 4
Iteration:  4 . Objective= -41898.01 
[1] 4
[1] 1.1025
[1] 26.22155
[1] 4201.954
[1] 5
Iteration:  5 . Objective= -20853.33 
[1] 5
[1] 1.157625
[1] 26.35034
[1] 3491.877
[1] 6
Iteration:  6 . Objective= 3545.029 
[1] 6
[1] 1.215506
[1] 26.56955
[1] 3684.903
[1] 7
Iteration:  7 . Objective= 26827.91 
[1] 7
[1] 1.276282
[1] 26.87031
[1] 4185.758
[1] 8
Iteration:  8 . Objective= 46289.02 
[1] 8
[1] 1.340096
[1] 27.26806
[1] 4295.515
[1] 9
Iteration:  9 . Objective= 62873.93 
[1] 9
[1] 1.4071
[1] 27.80932
[1] 4012.622
[1] 10
Iteration:  10 . Objective= 77746.39 
[1] 10
[1] 1.477455
[1] 28.55017
[1] 3831.994
[1] 11
Iteration:  11 . Objective= 91068.89 
[1] 11
[1] 1.551328
[1] 29.51198
[1] 3970.364
[1] 12
Iteration:  12 . Objective= 102898.8 
[1] 12
[1] 1.628895
[1] 30.679
[1] 4150.677
[1] 13
Iteration:  13 . Objective= 113769.6 
[1] 13
[1] 1.710339
[1] 32.03656
[1] 4086.479
[1] 14
Iteration:  14 . Objective= 123990.8 
[1] 14
[1] 1.795856
[1] 33.57541
[1] 3924.533
[1] 15
Iteration:  15 . Objective= 133389.9 
[1] 15
[1] 1.885649
[1] 35.2636
[1] 3949.793
[1] 16
Iteration:  16 . Objective= 142005.2 
[1] 16
[1] 1.979932
[1] 37.05615
[1] 4090.094
[1] 17
Iteration:  17 . Objective= 150221.3 
[1] 17
[1] 2.078928
[1] 38.92729
[1] 4076.866
[1] 18
Iteration:  18 . Objective= 158165.1 
[1] 18
[1] 2.182875
[1] 40.86584
[1] 3960.25
[1] 19
Iteration:  19 . Objective= 165734.6 
[1] 19
[1] 2.292018
[1] 42.85242
[1] 3987.135
[1] 20
Iteration:  20 . Objective= 172981.3 
[1] 20
[1] 2.406619
[1] 44.86934
[1] 4088.258
[1] 21
Iteration:  21 . Objective= 179995.6 
[1] 21
[1] 2.52695
[1] 46.91911
[1] 4042.791
[1] 22
Iteration:  22 . Objective= 186814 
[1] 22
[1] 2.653298
[1] 49.01083
[1] 3967.04
[1] 23
Iteration:  23 . Objective= 193477.6 
[1] 23
[1] 2.785963
[1] 51.14337
[1] 4035.013
[1] 24
Iteration:  24 . Objective= 199992.6 
[1] 24
[1] 2.925261
[1] 53.31987
[1] 4069.998
[1] 25
Iteration:  25 . Objective= 206326.4 
[1] 25
[1] 3.071524
[1] 55.55235
[1] 3991.931
[1] 26
Iteration:  26 . Objective= 212543.5 
[1] 26
[1] 3.2251
[1] 57.84217
[1] 4010.21
[1] 27
Iteration:  27 . Objective= 218674.3 
[1] 27
[1] 3.386355
[1] 60.1852
[1] 4070.927
[1] 28
Iteration:  28 . Objective= 224708.4 
[1] 28
[1] 3.555673
[1] 62.58919
[1] 4012.071
[1] 29
Iteration:  29 . Objective= 230766.7 
[1] 29
[1] 3.733456
[1] 65.06395
[1] 4006.676
[1] 30
Iteration:  30 . Objective= 236829.7 
[1] 30
[1] 3.920129
[1] 67.62026
[1] 4064.148
[1] 31
Iteration:  31 . Objective= 242833.3 
[1] 31
[1] 4.116136
[1] 70.28013
[1] 4013.824
[1] 32
Iteration:  32 . Objective= 248860.4 
[1] 32
[1] 4.321942
[1] 73.05967
[1] 4013.814
[1] 33
Iteration:  33 . Objective= 254907.8 
[1] 33
[1] 4.538039
[1] 75.96821
[1] 4059.422
[1] 34
Iteration:  34 . Objective= 260964.3 
[1] 34
[1] 4.764941
[1] 79.02429
[1] 4008.146
[1] 35
Iteration:  35 . Objective= 267021.3 
[1] 35
[1] 5.003189
[1] 82.24021
[1] 4032.474
[1] 36
Iteration:  36 . Objective= 273090.1 
[1] 36
[1] 5.253348
[1] 85.6286
[1] 4046.888
[1] 37
Iteration:  37 . Objective= 279162.9 
[1] 37
[1] 5.516015
[1] 89.20724
[1] 4005.227
[1] 38
Iteration:  38 . Objective= 285293.2 
[1] 38
[1] 5.791816
[1] 92.98491
[1] 4052.197
[1] 39
Iteration:  39 . Objective= 291474.3 
[1] 39
[1] 6.081407
[1] 96.97848
[1] 4019.597
[1] 40
Iteration:  40 . Objective= 297708 
[1] 40
[1] 6.385477
[1] 101.1947
[1] 4027.731
[1] 41
Iteration:  41 . Objective= 303978.3 
[1] 41
[1] 6.704751
[1] 105.6352
[1] 4043.732
[1] 42
Iteration:  42 . Objective= 310318.7 
[1] 42
[1] 7.039989
[1] 110.3086
[1] 4010.982
[1] 43
Iteration:  43 . Objective= 316718.1 
[1] 43
[1] 7.391988
[1] 115.2148
[1] 4051.481
[1] 44
Iteration:  44 . Objective= 323155.1 
[1] 44
[1] 7.761588
[1] 120.3619
[1] 4011.073
[1] 45
Iteration:  45 . Objective= 329635.5 
[1] 45
[1] 8.149667
[1] 125.7445
[1] 4047.721
[1] 46
Iteration:  46 . Objective= 336172.9 
[1] 46
[1] 8.55715
[1] 131.3685
[1] 4013.553
[1] 47
Iteration:  47 . Objective= 342762.7 
[1] 47
[1] 8.985008
[1] 137.2294
[1] 4045.435
[1] 48
Iteration:  48 . Objective= 349378.2 
[1] 48
[1] 9.434258
[1] 143.3332
[1] 4007.66
[1] 49
Iteration:  49 . Objective= 356049.1 
[1] 49
[1] 9.905971
[1] 149.6741
[1] 4062.605
[1] 50
Iteration:  50 . Objective= 362755.1 
[1] 50
[1] 10.40127
[1] 156.268
[1] 3968.563
[1] 51
Iteration:  51 . Objective= 369477.9 
[1] 51
[1] 10.92133
[1] 163.0859
[1] 4169.318
[1] 52
Iteration:  52 . Objective= 376003.9 
[1] 52
[1] 11.4674
[1] 170.2014
[1] 3714.381
[1] 53
Iteration:  53 . Objective= 380888 
[1] 53
[1] 12.04077
[1] 177.3015
[1] 6801.932
[1] 54
Iteration:  54 . Objective= 385021.8 
[1] 54
[1] 12.64281
[1] 184.7767
[1] 3352.964
[1] 55
[1] 56
Iteration:  56 . Objective= 385021.8 
[1] 56
[1] 6.637474
[1] 177.606
[1] 3352.964
[1] 57
[1] 58
Iteration:  58 . Objective= 385021.8 
[1] 58
[1] 3.484674
[1] 177.4136
[1] 3352.964
[1] 59
Iteration:  59 . Objective= 389545.6 
[1] 59
[1] 3.658908
[1] 177.5791
[1] 4763.251
[1] 60
[1] 61
Iteration:  61 . Objective= 389545.6 
[1] 61
[1] 1.920927
[1] 177.3967
[1] 4763.251
[1] 62
Iteration:  62 . Objective= 389748.6 
[1] 62
[1] 2.016973
[1] 177.3779
[1] 4287.681
[1] 63
[1] 64
        1         2         3         4         5         6         7         8 
177.37785 136.94288  86.51298  74.37585  66.38634  57.80442  51.81913  43.70140 
        9        10        11        12        13        14        15        16 
 41.49930  37.31107  33.88690  30.69195  29.89904  28.87427  26.87486  25.86084 
       17        18        19        20 
 22.76724  22.32704  21.00486  14.42144 
For users of newer versions (1.0.1+): the `scores` matrix now contains factor scores, the `V` matrix is UNSCALED scores.
For users of newer versions (1.0.1+): the `scores` matrix now contains factor scores.
[1] 8.743629e-05
[1] 1
Iteration:  1 . Objective= -58045.25 
[1] 1
[1] 1
[1] 34.28298
[1] 1906.421
[1] 2
Iteration:  2 . Objective= -11541.41 
[1] 2
[1] 1
[1] 34.31178
[1] 4491.231
[1] 3
Iteration:  3 . Objective= 9963.058 
[1] 3
[1] 1.05
[1] 34.31962
[1] 5234.577
[1] 4
Iteration:  4 . Objective= 28000 
[1] 4
[1] 1.1025
[1] 34.35374
[1] 4229.745
[1] 5
Iteration:  5 . Objective= 47742.33 
[1] 5
[1] 1.157625
[1] 34.44826
[1] 3464.792
[1] 6
Iteration:  6 . Objective= 70213.41 
[1] 6
[1] 1.215506
[1] 34.59405
[1] 3472.837
[1] 7
Iteration:  7 . Objective= 91627.22 
[1] 7
[1] 1.276282
[1] 34.7559
[1] 3858.501
[1] 8
Iteration:  8 . Objective= 109356.7 
[1] 8
[1] 1.340096
[1] 34.91232
[1] 3998.91
[1] 9
Iteration:  9 . Objective= 124734 
[1] 9
[1] 1.4071
[1] 35.07004
[1] 3784.512
[1] 10
Iteration:  10 . Objective= 138940.5 
[1] 10
[1] 1.477455
[1] 35.26068
[1] 3617.437
[1] 11
Iteration:  11 . Objective= 152208.4 
[1] 11
[1] 1.551328
[1] 35.52171
[1] 3723.819
[1] 12
Iteration:  12 . Objective= 164374.7 
[1] 12
[1] 1.628895
[1] 35.88512
[1] 3860.353
[1] 13
Iteration:  13 . Objective= 175393.5 
[1] 13
[1] 1.710339
[1] 36.37723
[1] 3779.125
[1] 14
Iteration:  14 . Objective= 185644.7 
[1] 14
[1] 1.795856
[1] 37.00747
[1] 3627.703
[1] 15
Iteration:  15 . Objective= 195407.3 
[1] 15
[1] 1.885649
[1] 37.75834
[1] 3654.432
[1] 16
Iteration:  16 . Objective= 204754.6 
[1] 16
[1] 1.979932
[1] 38.60914
[1] 3795.492
[1] 17
Iteration:  17 . Objective= 213595.6 
[1] 17
[1] 2.078928
[1] 39.56061
[1] 3817.979
[1] 18
Iteration:  18 . Objective= 221983.8 
[1] 18
[1] 2.182875
[1] 40.62563
[1] 3727.729
[1] 19
Iteration:  19 . Objective= 230173.4 
[1] 19
[1] 2.292018
[1] 41.80452
[1] 3708.196
[1] 20
Iteration:  20 . Objective= 238078.7 
[1] 20
[1] 2.406619
[1] 43.08152
[1] 3755.828
[1] 21
Iteration:  21 . Objective= 245507.2 
[1] 21
[1] 2.52695
[1] 44.44197
[1] 3738.687
[1] 22
Iteration:  22 . Objective= 252682 
[1] 22
[1] 2.653298
[1] 45.88366
[1] 3697.045
[1] 23
Iteration:  23 . Objective= 259750.2 
[1] 23
[1] 2.785963
[1] 47.41921
[1] 3744.671
[1] 24
Iteration:  24 . Objective= 266615.9 
[1] 24
[1] 2.925261
[1] 49.07532
[1] 3795.561
[1] 25
Iteration:  25 . Objective= 273218.4 
[1] 25
[1] 3.071524
[1] 50.87227
[1] 3739.83
[1] 26
Iteration:  26 . Objective= 279652.7 
[1] 26
[1] 3.2251
[1] 52.80547
[1] 3698.12
[1] 27
Iteration:  27 . Objective= 285997.8 
[1] 27
[1] 3.386355
[1] 54.86282
[1] 3749.501
[1] 28
Iteration:  28 . Objective= 292244.7 
[1] 28
[1] 3.555673
[1] 57.05386
[1] 3757.791
[1] 29
Iteration:  29 . Objective= 298488 
[1] 29
[1] 3.733456
[1] 59.40652
[1] 3719.115
[1] 30
Iteration:  30 . Objective= 304767.1 
[1] 30
[1] 3.920129
[1] 61.94651
[1] 3742.552
[1] 31
Iteration:  31 . Objective= 311031.4 
[1] 31
[1] 4.116136
[1] 64.70189
[1] 3748.887
[1] 32
Iteration:  32 . Objective= 317325.6 
[1] 32
[1] 4.321942
[1] 67.70661
[1] 3716.86
[1] 33
Iteration:  33 . Objective= 323635.7 
[1] 33
[1] 4.538039
[1] 70.9837
[1] 3744.165
[1] 34
Iteration:  34 . Objective= 329990.6 
[1] 34
[1] 4.764941
[1] 74.54364
[1] 3746.419
[1] 35
Iteration:  35 . Objective= 336379 
[1] 35
[1] 5.003189
[1] 78.38404
[1] 3714.218
[1] 36
Iteration:  36 . Objective= 342822.4 
[1] 36
[1] 5.253348
[1] 82.48469
[1] 3749.549
[1] 37
Iteration:  37 . Objective= 349320.8 
[1] 37
[1] 5.516015
[1] 86.83236
[1] 3737.448
[1] 38
Iteration:  38 . Objective= 355849.6 
[1] 38
[1] 5.791816
[1] 91.4182
[1] 3716.298
[1] 39
Iteration:  39 . Objective= 362402.4 
[1] 39
[1] 6.081407
[1] 96.22699
[1] 3750.088
[1] 40
Iteration:  40 . Objective= 368978.6 
[1] 40
[1] 6.385477
[1] 101.2539
[1] 3728.405
[1] 41
Iteration:  41 . Objective= 375589.5 
[1] 41
[1] 6.704751
[1] 106.4904
[1] 3742.351
[1] 42
Iteration:  42 . Objective= 382210.5 
[1] 42
[1] 7.039989
[1] 111.9361
[1] 3725.175
[1] 43
Iteration:  43 . Objective= 388851.5 
[1] 43
[1] 7.391988
[1] 117.5913
[1] 3721.457
[1] 44
Iteration:  44 . Objective= 395512.8 
[1] 44
[1] 7.761588
[1] 123.4515
[1] 3754.079
[1] 45
Iteration:  45 . Objective= 402192.8 
[1] 45
[1] 8.149667
[1] 129.5243
[1] 3721.238
[1] 46
Iteration:  46 . Objective= 408897 
[1] 46
[1] 8.55715
[1] 135.8079
[1] 3745.508
[1] 47
Iteration:  47 . Objective= 415638.3 
[1] 47
[1] 8.985008
[1] 142.3145
[1] 3691.575
[1] 48
Iteration:  48 . Objective= 422440.7 
[1] 48
[1] 9.434258
[1] 149.0313
[1] 3784.337
[1] 49
Iteration:  49 . Objective= 429261.2 
[1] 49
[1] 9.905971
[1] 155.981
[1] 3673.252
[1] 50
Iteration:  50 . Objective= 436121.2 
[1] 50
[1] 10.40127
[1] 163.1396
[1] 3825.346
[1] 51
Iteration:  51 . Objective= 442984.5 
[1] 51
[1] 10.92133
[1] 170.5568
[1] 3559.114
[1] 52
Iteration:  52 . Objective= 449892.9 
[1] 52
[1] 11.4674
[1] 178.1481
[1] 4053.108
[1] 53
Iteration:  53 . Objective= 456692.2 
[1] 53
[1] 12.04077
[1] 186.0719
[1] 3225.465
[1] 54
Iteration:  54 . Objective= 462868.8 
[1] 54
[1] 12.64281
[1] 194.0278
[1] 5295.163
[1] 55
Iteration:  55 . Objective= 468254.7 
[1] 55
[1] 13.27495
[1] 202.3638
[1] 3039.681
[1] 56
[1] 57
Iteration:  57 . Objective= 468254.7 
[1] 57
[1] 6.969348
[1] 194.3586
[1] 3039.681
[1] 58
[1] 59
Iteration:  59 . Objective= 468254.7 
[1] 59
[1] 3.658908
[1] 194.1537
[1] 3039.681
[1] 60
Iteration:  60 . Objective= 469953.1 
[1] 60
[1] 3.841853
[1] 194.3375
[1] 4540.091
[1] 61
[1] 62
Iteration:  62 . Objective= 469953.1 
[1] 62
[1] 2.016973
[1] 194.1395
[1] 4540.091
[1] 63
Iteration:  63 . Objective= 470635.4 
[1] 63
[1] 2.117822
[1] 194.1305
[1] 3896.488
[1] 64
[1] 65
        1         2         3         4         5         6         7         8 
194.13045 144.10445 106.35534  89.63388  72.81444  64.67782  57.64009  52.72143 
        9        10        11        12        13        14        15        16 
 49.42252  44.17161  40.27135  37.41160  35.45343  30.53227  28.78862  27.63347 
       17        18        19        20 
 26.05805  24.91832  21.09256  16.49951 
For users of newer versions (1.0.1+): the `scores` matrix now contains factor scores, the `V` matrix is UNSCALED scores.
For users of newer versions (1.0.1+): the `scores` matrix now contains factor scores.
[1] 8.825372e-05
[1] 1
Iteration:  1 . Objective= -197705.1 
[1] 1
[1] 1
[1] 30.27866
[1] 1827.051
[1] 2
Iteration:  2 . Objective= -152845.5 
[1] 2
[1] 1
[1] 30.17091
[1] 3218.976
[1] 3
Iteration:  3 . Objective= -125827.2 
[1] 3
[1] 1.05
[1] 30.04063
[1] 3321.946
[1] 4
Iteration:  4 . Objective= -101291.5 
[1] 4
[1] 1.1025
[1] 29.89196
[1] 2941.109
[1] 5
Iteration:  5 . Objective= -75959.03 
[1] 5
[1] 1.157625
[1] 29.72907
[1] 2733.564
[1] 6
Iteration:  6 . Objective= -51787.73 
[1] 6
[1] 1.215506
[1] 29.5525
[1] 3133.125
[1] 7
Iteration:  7 . Objective= -31384.56 
[1] 7
[1] 1.276282
[1] 29.36124
[1] 3542.756
[1] 8
Iteration:  8 . Objective= -14052.88 
[1] 8
[1] 1.340096
[1] 29.15938
[1] 3031.227
[1] 9
Iteration:  9 . Objective= 1709.373 
[1] 9
[1] 1.4071
[1] 28.95852
[1] 2943.193
[1] 10
Iteration:  10 . Objective= 16006.15 
[1] 10
[1] 1.477455
[1] 28.79616
[1] 2879.676
[1] 11
Iteration:  11 . Objective= 29182.34 
[1] 11
[1] 1.551328
[1] 28.79184
[1] 2923.855
[1] 12
Iteration:  12 . Objective= 41079.86 
[1] 12
[1] 1.628895
[1] 29.51248
[1] 2989.922
[1] 13
Iteration:  13 . Objective= 51841.48 
[1] 13
[1] 1.710339
[1] 30.88498
[1] 2976.131
[1] 14
Iteration:  14 . Objective= 61851.1 
[1] 14
[1] 1.795856
[1] 32.3439
[1] 2921.181
[1] 15
Iteration:  15 . Objective= 71351.75 
[1] 15
[1] 1.885649
[1] 33.91471
[1] 2923.098
[1] 16
Iteration:  16 . Objective= 80228.4 
[1] 16
[1] 1.979932
[1] 35.68151
[1] 2970.839
[1] 17
Iteration:  17 . Objective= 88542.42 
[1] 17
[1] 2.078928
[1] 37.61811
[1] 2976.19
[1] 18
Iteration:  18 . Objective= 96625.52 
[1] 18
[1] 2.182875
[1] 39.65449
[1] 2937.908
[1] 19
Iteration:  19 . Objective= 104592.9 
[1] 19
[1] 2.292018
[1] 41.76162
[1] 2934.337
[1] 20
Iteration:  20 . Objective= 112281.6 
[1] 20
[1] 2.406619
[1] 43.94159
[1] 2967.733
[1] 21
Iteration:  21 . Objective= 119602.3 
[1] 21
[1] 2.52695
[1] 46.20907
[1] 2967.432
[1] 22
Iteration:  22 . Objective= 126671.3 
[1] 22
[1] 2.653298
[1] 48.57919
[1] 2939.82
[1] 23
Iteration:  23 . Objective= 133680.1 
[1] 23
[1] 2.785963
[1] 51.05911
[1] 2948.287
[1] 24
Iteration:  24 . Objective= 140521.6 
[1] 24
[1] 2.925261
[1] 53.6561
[1] 2971.048
[1] 25
Iteration:  25 . Objective= 147209.6 
[1] 25
[1] 3.071524
[1] 56.38918
[1] 2956.68
[1] 26
Iteration:  26 . Objective= 153783.9 
[1] 26
[1] 3.2251
[1] 59.2821
[1] 2943.742
[1] 27
Iteration:  27 . Objective= 160200.1 
[1] 27
[1] 3.386355
[1] 62.35088
[1] 2962.156
[1] 28
Iteration:  28 . Objective= 166603.6 
[1] 28
[1] 3.555673
[1] 65.60612
[1] 2961.223
[1] 29
Iteration:  29 . Objective= 173014.3 
[1] 29
[1] 3.733456
[1] 69.05499
[1] 2941.166
[1] 30
Iteration:  30 . Objective= 179464.5 
[1] 30
[1] 3.920129
[1] 72.6983
[1] 2950.53
[1] 31
Iteration:  31 . Objective= 185982.6 
[1] 31
[1] 4.116136
[1] 76.53901
[1] 2960.011
[1] 32
Iteration:  32 . Objective= 192529.4 
[1] 32
[1] 4.321942
[1] 80.58653
[1] 2943.54
[1] 33
Iteration:  33 . Objective= 199113.9 
[1] 33
[1] 4.538039
[1] 84.84619
[1] 2945.464
[1] 34
Iteration:  34 . Objective= 205731.8 
[1] 34
[1] 4.764941
[1] 89.31918
[1] 2956.328
[1] 35
Iteration:  35 . Objective= 212364.4 
[1] 35
[1] 5.003189
[1] 94.00988
[1] 2943.304
[1] 36
Iteration:  36 . Objective= 219050.4 
[1] 36
[1] 5.253348
[1] 98.92001
[1] 2942.733
[1] 37
Iteration:  37 . Objective= 225796.1 
[1] 37
[1] 5.516015
[1] 104.049
[1] 2952.658
[1] 38
Iteration:  38 . Objective= 232600.1 
[1] 38
[1] 5.791816
[1] 109.4002
[1] 2941.1
[1] 39
Iteration:  39 . Objective= 239467.1 
[1] 39
[1] 6.081407
[1] 114.974
[1] 2941.253
[1] 40
Iteration:  40 . Objective= 246372.9 
[1] 40
[1] 6.385477
[1] 120.7693
[1] 2950.144
[1] 41
Iteration:  41 . Objective= 253327.8 
[1] 41
[1] 6.704751
[1] 126.7896
[1] 2940.123
[1] 42
Iteration:  42 . Objective= 260318.8 
[1] 42
[1] 7.039989
[1] 133.0354
[1] 2942.886
[1] 43
Iteration:  43 . Objective= 267348.2 
[1] 43
[1] 7.391988
[1] 139.5064
[1] 2948.326
[1] 44
Iteration:  44 . Objective= 274412.2 
[1] 44
[1] 7.761588
[1] 146.2069
[1] 2937.353
[1] 45
Iteration:  45 . Objective= 281514.5 
[1] 45
[1] 8.149667
[1] 153.1376
[1] 2943.464
[1] 46
Iteration:  46 . Objective= 288618.9 
[1] 46
[1] 8.55715
[1] 160.2996
[1] 2949.353
[1] 47
Iteration:  47 . Objective= 295521.9 
[1] 47
[1] 8.985008
[1] 167.599
[1] 3400.954
[1] 48
Iteration:  48 . Objective= 301779.1 
[1] 48
[1] 9.434258
[1] 175.117
[1] 3030.402
[1] 49
Iteration:  49 . Objective= 305625.8 
[1] 49
[1] 9.905971
[1] 182.5425
[1] 5438.4
[1] 50
Iteration:  50 . Objective= 314873.5 
[1] 50
[1] 10.40127
[1] 190.2289
[1] 2947.128
[1] 51
Iteration:  51 . Objective= 318967.1 
[1] 51
[1] 10.92133
[1] 197.9124
[1] 4551.032
[1] 52
Iteration:  52 . Objective= 328240.7 
[1] 52
[1] 11.4674
[1] 205.6134
[1] 4453.465
[1] 53
Iteration:  53 . Objective= 335904.9 
[1] 53
[1] 12.04077
[1] 213.5996
[1] 2947.334
[1] 54
Iteration:  54 . Objective= 339595.1 
[1] 54
[1] 12.64281
[1] 221.6125
[1] 4485.856
[1] 55
[1] 56
Iteration:  56 . Objective= 339595.1 
[1] 56
[1] 6.637474
[1] 213.7552
[1] 4485.856
[1] 57
[1] 58
Iteration:  58 . Objective= 339595.1 
[1] 58
[1] 3.484674
[1] 213.6337
[1] 4485.856
[1] 59
Iteration:  59 . Objective= 342555 
[1] 59
[1] 3.658908
[1] 213.7825
[1] 2946.674
[1] 60
[1] 61
Iteration:  61 . Objective= 342555 
[1] 61
[1] 1.920927
[1] 213.6472
[1] 2946.674
[1] 62
Iteration:  62 . Objective= 342665 
[1] 62
[1] 2.016973
[1] 213.6795
[1] 2943.836
[1] 63
[1] 64
        1         2         3         4         5         6         7         8 
213.67952 152.85575 112.43792  92.51740  76.11650  66.63132  60.31257  59.77257 
        9        10        11        12        13        14        15        16 
 56.48585  49.24801  47.23247  44.62429  40.10212  36.55394  35.20377  34.92623 
       17        18        19        20 
 32.21426  28.23140  26.66252  18.92963 
For users of newer versions (1.0.1+): the `scores` matrix now contains factor scores, the `V` matrix is UNSCALED scores.
Error in if (any(res$fitted.values < eps)) warning("fit_glm: fitted rates numerically 0 occurred",  : 
  missing value where TRUE/FALSE needed
In addition: Warning message:
fit_glm: algorithm did not converge 
Error in if (any(res$fitted.values < eps)) warning("fit_glm: fitted rates numerically 0 occurred",  : 
  missing value where TRUE/FALSE needed
In addition: Warning message:
fit_glm: algorithm did not converge 
Error in if (any(res$fitted.values < eps)) warning("fit_glm: fitted rates numerically 0 occurred",  : 
  missing value where TRUE/FALSE needed
In addition: Warning message:
fit_glm: algorithm did not converge 
Error in if (any(res$fitted.values < eps)) warning("fit_glm: fitted rates numerically 0 occurred",  : 
  missing value where TRUE/FALSE needed
In addition: Warning message:
fit_glm: algorithm did not converge 
Error in if (any(res$fitted.values < eps)) warning("fit_glm: fitted rates numerically 0 occurred",  : 
  missing value where TRUE/FALSE needed
In addition: Warning message:
fit_glm: algorithm did not converge 
Error in if (any(res$fitted.values < eps)) warning("fit_glm: fitted rates numerically 0 occurred",  : 
  missing value where TRUE/FALSE needed
In addition: Warning message:
fit_glm: algorithm did not converge 
For users of newer versions (1.0.1+): the `scores` matrix now contains factor scores.
[1] 8.537466e-05
[1] 1
Iteration:  1 . Objective= -105891.1 
[1] 1
[1] 1
[1] 29.45032
[1] 1864.133
[1] 2
Iteration:  2 . Objective= -60138.05 
[1] 2
[1] 1
[1] 29.44246
[1] 5215.628
[1] 3
Iteration:  3 . Objective= -40132.08 
[1] 3
[1] 1.05
[1] 29.41181
[1] 5147.667
[1] 4
Iteration:  4 . Objective= -22209.71 
[1] 4
[1] 1.1025
[1] 29.39755
[1] 3975.871
[1] 5
Iteration:  5 . Objective= -1270.185 
[1] 5
[1] 1.157625
[1] 29.41639
[1] 3440.095
[1] 6
Iteration:  6 . Objective= 22876.73 
[1] 6
[1] 1.215506
[1] 29.45155
[1] 3696.048
[1] 7
Iteration:  7 . Objective= 45898.4 
[1] 7
[1] 1.276282
[1] 29.48417
[1] 4130.046
[1] 8
Iteration:  8 . Objective= 65343.79 
[1] 8
[1] 1.340096
[1] 29.51248
[1] 4170.777
[1] 9
Iteration:  9 . Objective= 82173.34 
[1] 9
[1] 1.4071
[1] 29.55257
[1] 3901.53
[1] 10
Iteration:  10 . Objective= 97812.39 
[1] 10
[1] 1.477455
[1] 29.63256
[1] 3769.968
[1] 11
Iteration:  11 . Objective= 112350.1 
[1] 11
[1] 1.551328
[1] 29.77621
[1] 3921.961
[1] 12
Iteration:  12 . Objective= 124981.4 
[1] 12
[1] 1.628895
[1] 30.0064
[1] 4075.318
[1] 13
Iteration:  13 . Objective= 135751.4 
[1] 13
[1] 1.710339
[1] 30.36139
[1] 3999.991
[1] 14
Iteration:  14 . Objective= 145684.4 
[1] 14
[1] 1.795856
[1] 30.89093
[1] 3864.014
[1] 15
Iteration:  15 . Objective= 155262.3 
[1] 15
[1] 1.885649
[1] 31.62577
[1] 3904.829
[1] 16
Iteration:  16 . Objective= 164180.5 
[1] 16
[1] 1.979932
[1] 32.54729
[1] 4024.432
[1] 17
Iteration:  17 . Objective= 172246.9 
[1] 17
[1] 2.078928
[1] 33.59627
[1] 3996.461
[1] 18
Iteration:  18 . Objective= 179764.9 
[1] 18
[1] 2.182875
[1] 34.72399
[1] 3896.666
[1] 19
Iteration:  19 . Objective= 187045.1 
[1] 19
[1] 2.292018
[1] 35.91854
[1] 3933.61
[1] 20
Iteration:  20 . Objective= 193927.6 
[1] 20
[1] 2.406619
[1] 37.204
[1] 4015.152
[1] 21
Iteration:  21 . Objective= 200441.7 
[1] 21
[1] 2.52695
[1] 38.64011
[1] 3961.276
[1] 22
Iteration:  22 . Objective= 206925 
[1] 22
[1] 2.653298
[1] 40.25128
[1] 3909.24
[1] 23
Iteration:  23 . Objective= 213395.6 
[1] 23
[1] 2.785963
[1] 42.00115
[1] 3983.438
[1] 24
Iteration:  24 . Objective= 219641.8 
[1] 24
[1] 2.925261
[1] 43.86765
[1] 3991.994
[1] 25
Iteration:  25 . Objective= 225657.1 
[1] 25
[1] 3.071524
[1] 45.85884
[1] 3922.069
[1] 26
Iteration:  26 . Objective= 231583.4 
[1] 26
[1] 3.2251
[1] 47.98698
[1] 3967.931
[1] 27
Iteration:  27 . Objective= 237405.2 
[1] 27
[1] 3.386355
[1] 50.2674
[1] 3997.784
[1] 28
Iteration:  28 . Objective= 243070.2 
[1] 28
[1] 3.555673
[1] 52.71807
[1] 3935.031
[1] 29
Iteration:  29 . Objective= 248708.6 
[1] 29
[1] 3.733456
[1] 55.33864
[1] 3973.801
[1] 30
Iteration:  30 . Objective= 254365.9 
[1] 30
[1] 3.920129
[1] 58.12831
[1] 3989.746
[1] 31
Iteration:  31 . Objective= 260012.2 
[1] 31
[1] 4.116136
[1] 61.09427
[1] 3940.878
[1] 32
Iteration:  32 . Objective= 265694.8 
[1] 32
[1] 4.321942
[1] 64.23266
[1] 3993.262
[1] 33
Iteration:  33 . Objective= 271418.9 
[1] 33
[1] 4.538039
[1] 67.54802
[1] 3965.899
[1] 34
Iteration:  34 . Objective= 277171.1 
[1] 34
[1] 4.764941
[1] 71.04171
[1] 3959.756
[1] 35
Iteration:  35 . Objective= 282934 
[1] 35
[1] 5.003189
[1] 74.70985
[1] 4000.096
[1] 36
Iteration:  36 . Objective= 288709.5 
[1] 36
[1] 5.253348
[1] 78.56247
[1] 3943.18
[1] 37
Iteration:  37 . Objective= 294526.1 
[1] 37
[1] 5.516015
[1] 82.59658
[1] 4003.194
[1] 38
Iteration:  38 . Objective= 300378.1 
[1] 38
[1] 5.791816
[1] 86.82408
[1] 3946.05
[1] 39
Iteration:  39 . Objective= 306288.8 
[1] 39
[1] 6.081407
[1] 91.24077
[1] 4003.75
[1] 40
Iteration:  40 . Objective= 312245.4 
[1] 40
[1] 6.385477
[1] 95.85763
[1] 3941.839
[1] 41
Iteration:  41 . Objective= 318255.3 
[1] 41
[1] 6.704751
[1] 100.6669
[1] 4015.197
[1] 42
Iteration:  42 . Objective= 324291 
[1] 42
[1] 7.039989
[1] 105.6847
[1] 3922.434
[1] 43
Iteration:  43 . Objective= 330405.2 
[1] 43
[1] 7.391988
[1] 110.8945
[1] 4059.28
[1] 44
Iteration:  44 . Objective= 336553.5 
[1] 44
[1] 7.761588
[1] 116.333
[1] 3829.282
[1] 45
Iteration:  45 . Objective= 342778.8 
[1] 45
[1] 8.149667
[1] 121.9396
[1] 4267.999
[1] 46
Iteration:  46 . Objective= 348975.1 
[1] 46
[1] 8.55715
[1] 127.8408
[1] 3486.447
[1] 47
Iteration:  47 . Objective= 355182.2 
[1] 47
[1] 8.985008
[1] 133.7966
[1] 5377.611
[1] 48
Iteration:  48 . Objective= 361181.2 
[1] 48
[1] 9.434258
[1] 140.1079
[1] 3231.129
[1] 49
Iteration:  49 . Objective= 364789.8 
[1] 49
[1] 9.905971
[1] 146.2521
[1] 10573.25
[1] 50
Iteration:  50 . Objective= 373229.3 
[1] 50
[1] 10.40127
[1] 152.7446
[1] 3333.048
[1] 51
Iteration:  51 . Objective= 375855.1 
[1] 51
[1] 10.92133
[1] 159.1391
[1] 8407.907
[1] 52
Iteration:  52 . Objective= 378800.8 
[1] 52
[1] 11.4674
[1] 165.934
[1] 3146.868
[1] 53
[1] 54
Iteration:  54 . Objective= 378800.8 
[1] 54
[1] 6.020385
[1] 159.4559
[1] 3146.868
[1] 55
[1] 56
Iteration:  56 . Objective= 378800.8 
[1] 56
[1] 3.160702
[1] 159.2576
[1] 3146.868
[1] 57
Iteration:  57 . Objective= 385442.3 
[1] 57
[1] 3.318737
[1] 159.41
[1] 5304.672
[1] 58
[1] 59
Iteration:  59 . Objective= 385442.3 
[1] 59
[1] 1.742337
[1] 159.2306
[1] 5304.672
[1] 60
Iteration:  60 . Objective= 385884.4 
[1] 60
[1] 1.829454
[1] 159.2
[1] 4276.18
[1] 61
Iteration:  61 . Objective= 385904.6 
[1] 61
[1] 1.920927
[1] 159.202
[1] 3264.486
[1] 62
[1] 63
        1         2         3         4         5         6         7         8 
159.20198 122.15590  83.87038  69.02762  52.60065  49.73958  48.93763  40.13790 
        9        10        11        12        13        14        15        16 
 37.12741  35.90570  34.10729  32.94922  26.79562  25.17241  22.00862  21.69329 
       17        18        19        20 
 18.27297  17.48079  16.87933  13.38040 
For users of newer versions (1.0.1+): the `scores` matrix now contains factor scores, the `V` matrix is UNSCALED scores.
For users of newer versions (1.0.1+): the `scores` matrix now contains factor scores.
[1] 8.715823e-05
[1] 1
Iteration:  1 . Objective= -155794.3 
[1] 1
[1] 1
[1] 23.9689
[1] 1979.583
[1] 2
Iteration:  2 . Objective= -117018.1 
[1] 2
[1] 1
[1] 23.86024
[1] 2891.458
[1] 3
Iteration:  3 . Objective= -88750.51 
[1] 3
[1] 1.05
[1] 23.7353
[1] 3499.972
[1] 4
Iteration:  4 . Objective= -65456.41 
[1] 4
[1] 1.1025
[1] 23.59488
[1] 4201.406
[1] 5
Iteration:  5 . Objective= -45394.76 
[1] 5
[1] 1.157625
[1] 23.44509
[1] 3888.158
[1] 6
Iteration:  6 . Objective= -26086.59 
[1] 6
[1] 1.215506
[1] 23.29689
[1] 3235.279
[1] 7
Iteration:  7 . Objective= -6292.377 
[1] 7
[1] 1.276282
[1] 23.16165
[1] 2920.38
[1] 8
Iteration:  8 . Objective= 13234.18 
[1] 8
[1] 1.340096
[1] 23.05942
[1] 3073.729
[1] 9
Iteration:  9 . Objective= 31345.66 
[1] 9
[1] 1.4071
[1] 23.07258
[1] 3365.152
[1] 10
Iteration:  10 . Objective= 47530.92 
[1] 10
[1] 1.477455
[1] 23.51324
[1] 3394.795
[1] 11
Iteration:  11 . Objective= 61559.4 
[1] 11
[1] 1.551328
[1] 24.78977
[1] 3184.679
[1] 12
Iteration:  12 . Objective= 74080.24 
[1] 12
[1] 1.628895
[1] 26.53846
[1] 3078.399
[1] 13
Iteration:  13 . Objective= 85642.11 
[1] 13
[1] 1.710339
[1] 28.42042
[1] 3208.777
[1] 14
Iteration:  14 . Objective= 95893.53 
[1] 14
[1] 1.795856
[1] 30.3277
[1] 3334.162
[1] 15
Iteration:  15 . Objective= 104822.7 
[1] 15
[1] 1.885649
[1] 32.2372
[1] 3252.482
[1] 16
Iteration:  16 . Objective= 113159.3 
[1] 16
[1] 1.979932
[1] 34.15338
[1] 3132.269
[1] 17
Iteration:  17 . Objective= 121314.8 
[1] 17
[1] 2.078928
[1] 36.07603
[1] 3188.341
[1] 18
Iteration:  18 . Objective= 129054.6 
[1] 18
[1] 2.182875
[1] 38.0085
[1] 3296.658
[1] 19
Iteration:  19 . Objective= 136243.8 
[1] 19
[1] 2.292018
[1] 39.97429
[1] 3250.189
[1] 20
Iteration:  20 . Objective= 143020.5 
[1] 20
[1] 2.406619
[1] 42.00099
[1] 3162.767
[1] 21
Iteration:  21 . Objective= 149611.1 
[1] 21
[1] 2.52695
[1] 44.09762
[1] 3217.459
[1] 22
Iteration:  22 . Objective= 156022 
[1] 22
[1] 2.653298
[1] 46.27333
[1] 3282.296
[1] 23
Iteration:  23 . Objective= 162217.2 
[1] 23
[1] 2.785963
[1] 48.55538
[1] 3215.549
[1] 24
Iteration:  24 . Objective= 168267.4 
[1] 24
[1] 2.925261
[1] 50.96641
[1] 3178.893
[1] 25
Iteration:  25 . Objective= 174306.3 
[1] 25
[1] 3.071524
[1] 53.51001
[1] 3255.143
[1] 26
Iteration:  26 . Objective= 180350.6 
[1] 26
[1] 3.2251
[1] 56.19495
[1] 3257.444
[1] 27
Iteration:  27 . Objective= 186353.1 
[1] 27
[1] 3.386355
[1] 59.03566
[1] 3189.253
[1] 28
Iteration:  28 . Objective= 192368.6 
[1] 28
[1] 3.555673
[1] 62.03319
[1] 3223.791
[1] 29
Iteration:  29 . Objective= 198441.7 
[1] 29
[1] 3.733456
[1] 65.19279
[1] 3262.958
[1] 30
Iteration:  30 . Objective= 204526.8 
[1] 30
[1] 3.920129
[1] 68.53622
[1] 3208.433
[1] 31
Iteration:  31 . Objective= 210616.8 
[1] 31
[1] 4.116136
[1] 72.07619
[1] 3212.293
[1] 32
Iteration:  32 . Objective= 216722.3 
[1] 32
[1] 4.321942
[1] 75.81396
[1] 3258.528
[1] 33
Iteration:  33 . Objective= 222863.1 
[1] 33
[1] 4.538039
[1] 79.76004
[1] 3221.063
[1] 34
Iteration:  34 . Objective= 229058.8 
[1] 34
[1] 4.764941
[1] 83.91902
[1] 3209.538
[1] 35
Iteration:  35 . Objective= 235291.7 
[1] 35
[1] 5.003189
[1] 88.28586
[1] 3254.938
[1] 36
Iteration:  36 . Objective= 241558.3 
[1] 36
[1] 5.253348
[1] 92.86803
[1] 3228.665
[1] 37
Iteration:  37 . Objective= 247870.6 
[1] 37
[1] 5.516015
[1] 97.66941
[1] 3216.708
[1] 38
Iteration:  38 . Objective= 254242.1 
[1] 38
[1] 5.791816
[1] 102.6844
[1] 3247.664
[1] 39
Iteration:  39 . Objective= 260649.5 
[1] 39
[1] 6.081407
[1] 107.9174
[1] 3228.925
[1] 40
Iteration:  40 . Objective= 267089.2 
[1] 40
[1] 6.385477
[1] 113.3705
[1] 3213.621
[1] 41
Iteration:  41 . Objective= 273537.6 
[1] 41
[1] 6.704751
[1] 119.0356
[1] 3265.065
[1] 42
Iteration:  42 . Objective= 279905.7 
[1] 42
[1] 7.039989
[1] 124.9274
[1] 3176.308
[1] 43
Iteration:  43 . Objective= 285461.6 
[1] 43
[1] 7.391988
[1] 130.7663
[1] 5716.716
[1] 44
Iteration:  44 . Objective= 290449.3 
[1] 44
[1] 7.761588
[1] 136.8695
[1] 3042.446
[1] 45
[1] 46
Iteration:  46 . Objective= 290449.3 
[1] 46
[1] 4.074833
[1] 131.0199
[1] 3042.446
[1] 47
[1] 48
Iteration:  48 . Objective= 290449.3 
[1] 48
[1] 2.139288
[1] 130.8518
[1] 3042.446
[1] 49
Iteration:  49 . Objective= 292713.1 
[1] 49
[1] 2.246252
[1] 131.0124
[1] 3354.64
[1] 50
[1] 51
Iteration:  51 . Objective= 292713.1 
[1] 51
[1] 1.179282
[1] 130.8461
[1] 3354.64
[1] 52
[1] 53
        1         2         3         4         5         6         7         8 
130.84613  99.50043  66.19608  57.02796  45.84277  42.72377  42.07241  34.94900 
        9        10        11        12        13        14        15        16 
 31.09126  30.69038  29.15934  25.11965  22.43052  19.94685  18.68886  16.28453 
       17        18        19        20 
 15.36096  13.70351  13.13148  12.05848 
For users of newer versions (1.0.1+): the `scores` matrix now contains factor scores, the `V` matrix is UNSCALED scores.
For users of newer versions (1.0.1+): the `scores` matrix now contains factor scores.
[1] 9.262433e-05
[1] 1
Iteration:  1 . Objective= 73369.29 
[1] 1
[1] 1
[1] 27.99135
[1] 1974.441
[1] 2
Iteration:  2 . Objective= 126526.9 
[1] 2
[1] 1
[1] 27.95791
[1] 4600.902
[1] 3
Iteration:  3 . Objective= 151923 
[1] 3
[1] 1.05
[1] 27.91046
[1] 4813.413
[1] 4
Iteration:  4 . Objective= 174093.1 
[1] 4
[1] 1.1025
[1] 27.87969
[1] 3913.067
[1] 5
Iteration:  5 . Objective= 197944.1 
[1] 5
[1] 1.157625
[1] 27.88774
[1] 3407.011
[1] 6
Iteration:  6 . Objective= 222765.6 
[1] 6
[1] 1.215506
[1] 27.91646
[1] 4110.556
[1] 7
Iteration:  7 . Objective= 244731.8 
[1] 7
[1] 1.276282
[1] 27.97526
[1] 3914.622
[1] 8
Iteration:  8 . Objective= 264519.2 
[1] 8
[1] 1.340096
[1] 28.06173
[1] 3967.599
[1] 9
Iteration:  9 . Objective= 282690.7 
[1] 9
[1] 1.4071
[1] 28.18701
[1] 3797.069
[1] 10
Iteration:  10 . Objective= 300052.9 
[1] 10
[1] 1.477455
[1] 28.38092
[1] 3676.681
[1] 11
Iteration:  11 . Objective= 316169.8 
[1] 11
[1] 1.551328
[1] 28.6919
[1] 3755.343
[1] 12
Iteration:  12 . Objective= 331124.9 
[1] 12
[1] 1.628895
[1] 29.19659
[1] 3868.832
[1] 13
Iteration:  13 . Objective= 344891 
[1] 13
[1] 1.710339
[1] 30.01757
[1] 3838.145
[1] 14
Iteration:  14 . Objective= 357082.3 
[1] 14
[1] 1.795856
[1] 31.26082
[1] 3739.955
[1] 15
Iteration:  15 . Objective= 368159.8 
[1] 15
[1] 1.885649
[1] 32.84433
[1] 3750.402
[1] 16
Iteration:  16 . Objective= 378596.7 
[1] 16
[1] 1.979932
[1] 34.58972
[1] 3837.984
[1] 17
Iteration:  17 . Objective= 388251.5 
[1] 17
[1] 2.078928
[1] 36.41516
[1] 3834.077
[1] 18
Iteration:  18 . Objective= 397268.7 
[1] 18
[1] 2.182875
[1] 38.31741
[1] 3753.698
[1] 19
Iteration:  19 . Objective= 405716.8 
[1] 19
[1] 2.292018
[1] 40.30658
[1] 3757.639
[1] 20
Iteration:  20 . Objective= 413758.2 
[1] 20
[1] 2.406619
[1] 42.38023
[1] 3825.421
[1] 21
Iteration:  21 . Objective= 421411.1 
[1] 21
[1] 2.52695
[1] 44.5319
[1] 3807.292
[1] 22
Iteration:  22 . Objective= 428518.7 
[1] 22
[1] 2.653298
[1] 46.75292
[1] 3754.966
[1] 23
Iteration:  23 . Objective= 435330.7 
[1] 23
[1] 2.785963
[1] 49.02778
[1] 3794.924
[1] 24
Iteration:  24 . Objective= 442017 
[1] 24
[1] 2.925261
[1] 51.35023
[1] 3828.04
[1] 25
Iteration:  25 . Objective= 448567.2 
[1] 25
[1] 3.071524
[1] 53.73165
[1] 3780.245
[1] 26
Iteration:  26 . Objective= 454937.3 
[1] 26
[1] 3.2251
[1] 56.1839
[1] 3785.09
[1] 27
Iteration:  27 . Objective= 461183.1 
[1] 27
[1] 3.386355
[1] 58.71607
[1] 3830.069
[1] 28
Iteration:  28 . Objective= 467317.5 
[1] 28
[1] 3.555673
[1] 61.3449
[1] 3794.485
[1] 29
Iteration:  29 . Objective= 473368.3 
[1] 29
[1] 3.733456
[1] 64.084
[1] 3779.817
[1] 30
Iteration:  30 . Objective= 479381.5 
[1] 30
[1] 3.920129
[1] 66.94193
[1] 3814.984
[1] 31
Iteration:  31 . Objective= 485452.1 
[1] 31
[1] 4.116136
[1] 69.93526
[1] 3784.938
[1] 32
Iteration:  32 . Objective= 491589.4 
[1] 32
[1] 4.321942
[1] 73.07637
[1] 3782.52
[1] 33
Iteration:  33 . Objective= 497724.2 
[1] 33
[1] 4.538039
[1] 76.37237
[1] 3811.933
[1] 34
Iteration:  34 . Objective= 503894.2 
[1] 34
[1] 4.764941
[1] 79.83813
[1] 3779.631
[1] 35
Iteration:  35 . Objective= 510104.9 
[1] 35
[1] 5.003189
[1] 83.48381
[1] 3796.635
[1] 36
Iteration:  36 . Objective= 516346.5 
[1] 36
[1] 5.253348
[1] 87.32071
[1] 3803.261
[1] 37
Iteration:  37 . Objective= 522668.6 
[1] 37
[1] 5.516015
[1] 91.36192
[1] 3777.647
[1] 38
Iteration:  38 . Objective= 529068.8 
[1] 38
[1] 5.791816
[1] 95.60924
[1] 3809.124
[1] 39
Iteration:  39 . Objective= 535539.5 
[1] 39
[1] 6.081407
[1] 100.0711
[1] 3777.888
[1] 40
Iteration:  40 . Objective= 542076.1 
[1] 40
[1] 6.385477
[1] 104.75
[1] 3797.37
[1] 41
Iteration:  41 . Objective= 548648.8 
[1] 41
[1] 6.704751
[1] 109.6551
[1] 3786.416
[1] 42
Iteration:  42 . Objective= 555261 
[1] 42
[1] 7.039989
[1] 114.7918
[1] 3793.743
[1] 43
Iteration:  43 . Objective= 561953.5 
[1] 43
[1] 7.391988
[1] 120.1638
[1] 3798.822
[1] 44
Iteration:  44 . Objective= 568711.7 
[1] 44
[1] 7.761588
[1] 125.7771
[1] 3784.373
[1] 45
Iteration:  45 . Objective= 575521.7 
[1] 45
[1] 8.149667
[1] 131.6299
[1] 3813.854
[1] 46
Iteration:  46 . Objective= 582376.6 
[1] 46
[1] 8.55715
[1] 137.7357
[1] 3744.636
[1] 47
Iteration:  47 . Objective= 589280.4 
[1] 47
[1] 8.985008
[1] 144.0674
[1] 3909.07
[1] 48
Iteration:  48 . Objective= 596177.6 
[1] 48
[1] 9.434258
[1] 150.6946
[1] 3518.429
[1] 49
Iteration:  49 . Objective= 602963.2 
[1] 49
[1] 9.905971
[1] 157.4364
[1] 4726.15
[1] 50
Iteration:  50 . Objective= 608829.3 
[1] 50
[1] 10.40127
[1] 164.4906
[1] 3447.606
[1] 51
[1] 52
Iteration:  52 . Objective= 608829.3 
[1] 52
[1] 5.460667
[1] 157.7141
[1] 3447.606
[1] 53
[1] 54
Iteration:  54 . Objective= 608829.3 
[1] 54
[1] 2.86685
[1] 157.5345
[1] 3447.606
[1] 55
Iteration:  55 . Objective= 610058.4 
[1] 55
[1] 3.010192
[1] 157.6874
[1] 4514.132
[1] 56
[1] 57
Iteration:  57 . Objective= 610058.4 
[1] 57
[1] 1.580351
[1] 157.5183
[1] 4514.132
[1] 58
Iteration:  58 . Objective= 610207.5 
[1] 58
[1] 1.659369
[1] 157.5037
[1] 3937.606
[1] 59
[1] 60
        1         2         3         4         5         6         7         8 
157.50367 123.17799  89.52161  67.04684  56.69801  50.53072  49.77384  39.89080 
        9        10        11        12        13        14        15        16 
 39.23883  35.14835  32.56518  27.37904  26.30940  23.83286  23.00955  21.24690 
       17        18        19        20 
 20.57600  19.49501  18.41065  13.27554 
For users of newer versions (1.0.1+): the `scores` matrix now contains factor scores, the `V` matrix is UNSCALED scores.
Error in if (any(res$fitted.values < eps)) warning("fit_glm: fitted rates numerically 0 occurred",  : 
  missing value where TRUE/FALSE needed
In addition: Warning message:
fit_glm: algorithm did not converge 
Error in if (any(res$fitted.values < eps)) warning("fit_glm: fitted rates numerically 0 occurred",  : 
  missing value where TRUE/FALSE needed
In addition: Warning message:
fit_glm: algorithm did not converge 
Error in if (any(res$fitted.values < eps)) warning("fit_glm: fitted rates numerically 0 occurred",  : 
  missing value where TRUE/FALSE needed
In addition: Warning message:
fit_glm: algorithm did not converge 
Error in if (any(res$fitted.values < eps)) warning("fit_glm: fitted rates numerically 0 occurred",  : 
  missing value where TRUE/FALSE needed
In addition: Warning message:
fit_glm: algorithm did not converge 
Error in if (any(res$fitted.values < eps)) warning("fit_glm: fitted rates numerically 0 occurred",  : 
  missing value where TRUE/FALSE needed
In addition: Warning message:
fit_glm: algorithm did not converge 
Error in if (any(res$fitted.values < eps)) warning("fit_glm: fitted rates numerically 0 occurred",  : 
  missing value where TRUE/FALSE needed
In addition: Warning message:
fit_glm: algorithm did not converge 
For users of newer versions (1.0.1+): the `scores` matrix now contains factor scores.
[1] 9.011505e-05
[1] 1
Iteration:  1 . Objective= -36816.45 
[1] 1
[1] 1
[1] 26.6858
[1] 2015.986
[1] 2
Iteration:  2 . Objective= 12992.89 
[1] 2
[1] 1
[1] 26.59289
[1] 11354.6
[1] 3
Iteration:  3 . Objective= 28441.21 
[1] 3
[1] 1.05
[1] 26.47031
[1] 10613.35
[1] 4
Iteration:  4 . Objective= 41571.05 
[1] 4
[1] 1.1025
[1] 26.33556
[1] 6326.637
[1] 5
Iteration:  5 . Objective= 56941.29 
[1] 5
[1] 1.157625
[1] 26.21139
[1] 4375.802
[1] 6
Iteration:  6 . Objective= 78569.21 
[1] 6
[1] 1.215506
[1] 26.18501
[1] 4962.516
[1] 7
Iteration:  7 . Objective= 99931.41 
[1] 7
[1] 1.276282
[1] 26.31213
[1] 6330.98
[1] 8
Iteration:  8 . Objective= 117656.3 
[1] 8
[1] 1.340096
[1] 26.49723
[1] 6552.047
[1] 9
Iteration:  9 . Objective= 133366.1 
[1] 9
[1] 1.4071
[1] 26.75879
[1] 5694.312
[1] 10
Iteration:  10 . Objective= 148393.1 
[1] 10
[1] 1.477455
[1] 27.12191
[1] 5202.606
[1] 11
Iteration:  11 . Objective= 162582.3 
[1] 11
[1] 1.551328
[1] 27.57232
[1] 5637.628
[1] 12
Iteration:  12 . Objective= 175218.9 
[1] 12
[1] 1.628895
[1] 28.09552
[1] 6156.531
[1] 13
Iteration:  13 . Objective= 186563.8 
[1] 13
[1] 1.710339
[1] 28.70348
[1] 5955.482
[1] 14
Iteration:  14 . Objective= 196965 
[1] 14
[1] 1.795856
[1] 29.41534
[1] 5493.661
[1] 15
Iteration:  15 . Objective= 206518.1 
[1] 15
[1] 1.885649
[1] 30.22029
[1] 5556.136
[1] 16
Iteration:  16 . Objective= 215126.6 
[1] 16
[1] 1.979932
[1] 31.09001
[1] 5936.498
[1] 17
Iteration:  17 . Objective= 222925.2 
[1] 17
[1] 2.078928
[1] 32.01364
[1] 5910.02
[1] 18
Iteration:  18 . Objective= 230329.6 
[1] 18
[1] 2.182875
[1] 32.99643
[1] 5586.905
[1] 19
Iteration:  19 . Objective= 237671.2 
[1] 19
[1] 2.292018
[1] 34.03386
[1] 5623.983
[1] 20
Iteration:  20 . Objective= 244820.5 
[1] 20
[1] 2.406619
[1] 35.11374
[1] 5903.072
[1] 21
Iteration:  21 . Objective= 251590.4 
[1] 21
[1] 2.52695
[1] 36.23866
[1] 5825.105
[1] 22
Iteration:  22 . Objective= 258059.6 
[1] 22
[1] 2.653298
[1] 37.41869
[1] 5602.288
[1] 23
Iteration:  23 . Objective= 264361.3 
[1] 23
[1] 2.785963
[1] 38.65079
[1] 5749.868
[1] 24
Iteration:  24 . Objective= 270517.6 
[1] 24
[1] 2.925261
[1] 39.93422
[1] 5892.272
[1] 25
Iteration:  25 . Objective= 276464.3 
[1] 25
[1] 3.071524
[1] 41.28206
[1] 5694.601
[1] 26
Iteration:  26 . Objective= 282169.9 
[1] 26
[1] 3.2251
[1] 42.69877
[1] 5676.282
[1] 27
Iteration:  27 . Objective= 287736.5 
[1] 27
[1] 3.386355
[1] 44.17927
[1] 5866.805
[1] 28
Iteration:  28 . Objective= 293247.9 
[1] 28
[1] 3.555673
[1] 45.73156
[1] 5738.572
[1] 29
Iteration:  29 . Objective= 298759.7 
[1] 29
[1] 3.733456
[1] 47.36169
[1] 5675.808
[1] 30
Iteration:  30 . Objective= 304238.2 
[1] 30
[1] 3.920129
[1] 49.06626
[1] 5860.275
[1] 31
Iteration:  31 . Objective= 309693.3 
[1] 31
[1] 4.116136
[1] 50.85705
[1] 5720.994
[1] 32
Iteration:  32 . Objective= 315155.3 
[1] 32
[1] 4.321942
[1] 52.73998
[1] 5724.601
[1] 33
Iteration:  33 . Objective= 320612.2 
[1] 33
[1] 4.538039
[1] 54.71646
[1] 5851.615
[1] 34
Iteration:  34 . Objective= 326004.2 
[1] 34
[1] 4.764941
[1] 56.8064
[1] 5664.438
[1] 35
Iteration:  35 . Objective= 331463.7 
[1] 35
[1] 5.003189
[1] 59.01412
[1] 5847.118
[1] 36
Iteration:  36 . Objective= 337014.7 
[1] 36
[1] 5.253348
[1] 61.36346
[1] 5700.312
[1] 37
Iteration:  37 . Objective= 342640.8 
[1] 37
[1] 5.516015
[1] 63.8653
[1] 5801.444
[1] 38
Iteration:  38 . Objective= 348339.3 
[1] 38
[1] 5.791816
[1] 66.53929
[1] 5736.884
[1] 39
Iteration:  39 . Objective= 354133.8 
[1] 39
[1] 6.081407
[1] 69.39687
[1] 5780.623
[1] 40
Iteration:  40 . Objective= 360000.9 
[1] 40
[1] 6.385477
[1] 72.45178
[1] 5740.191
[1] 41
Iteration:  41 . Objective= 365929.6 
[1] 41
[1] 6.704751
[1] 75.70809
[1] 5794.937
[1] 42
Iteration:  42 . Objective= 371913.7 
[1] 42
[1] 7.039989
[1] 79.17817
[1] 5692.981
[1] 43
Iteration:  43 . Objective= 377940.2 
[1] 43
[1] 7.391988
[1] 82.84987
[1] 5912.056
[1] 44
Iteration:  44 . Objective= 383924.5 
[1] 44
[1] 7.761588
[1] 86.76518
[1] 5413.9
[1] 45
Iteration:  45 . Objective= 389953.7 
[1] 45
[1] 8.149667
[1] 90.82652
[1] 6808.608
[1] 46
Iteration:  46 . Objective= 395636.8 
[1] 46
[1] 8.55715
[1] 95.27653
[1] 4275.167
[1] 47
[1] 48
Iteration:  48 . Objective= 395636.8 
[1] 48
[1] 4.492504
[1] 91.05603
[1] 4275.167
[1] 49
[1] 50
Iteration:  50 . Objective= 395636.8 
[1] 50
[1] 2.358565
[1] 90.89934
[1] 4275.167
[1] 51
Iteration:  51 . Objective= 395969.3 
[1] 51
[1] 2.476493
[1] 90.97385
[1] 7329.769
[1] 52
[1] 53
Iteration:  53 . Objective= 395969.3 
[1] 53
[1] 1.300159
[1] 90.85462
[1] 7329.769
[1] 54
Iteration:  54 . Objective= 395991.9 
[1] 54
[1] 1.365167
[1] 90.78187
[1] 6153.545
[1] 55
[1] 56
        1         2         3         4         5         6         7         8 
90.781875 77.918620 66.172873 44.349378 35.092527 33.550065 31.935710 30.344429 
        9        10        11        12        13        14        15        16 
26.656736 25.486162 23.353470 19.176597 16.736911 15.002540 14.040396 13.239050 
       17        18        19        20 
11.439149  9.324220  8.596097  6.876622 
For users of newer versions (1.0.1+): the `scores` matrix now contains factor scores, the `V` matrix is UNSCALED scores.
Error in if (any(res$fitted.values < eps)) warning("fit_glm: fitted rates numerically 0 occurred",  : 
  missing value where TRUE/FALSE needed
In addition: Warning messages:
1: fit_glm: fitted rates numerically 0 occurred 
2: fit_glm: fitted rates numerically 0 occurred 
3: fit_glm: fitted rates numerically 0 occurred 
4: fit_glm: fitted rates numerically 0 occurred 
5: fit_glm: fitted rates numerically 0 occurred 
6: fit_glm: fitted rates numerically 0 occurred 
7: fit_glm: algorithm did not converge 
Error in if (any(res$fitted.values < eps)) warning("fit_glm: fitted rates numerically 0 occurred",  : 
  missing value where TRUE/FALSE needed
In addition: Warning messages:
1: fit_glm: fitted rates numerically 0 occurred 
2: fit_glm: fitted rates numerically 0 occurred 
3: fit_glm: fitted rates numerically 0 occurred 
4: fit_glm: algorithm did not converge 
Error in if (any(res$fitted.values < eps)) warning("fit_glm: fitted rates numerically 0 occurred",  : 
  missing value where TRUE/FALSE needed
In addition: Warning messages:
1: fit_glm: fitted rates numerically 0 occurred 
2: fit_glm: fitted rates numerically 0 occurred 
3: fit_glm: fitted rates numerically 0 occurred 
4: fit_glm: fitted rates numerically 0 occurred 
5: fit_glm: fitted rates numerically 0 occurred 
6: fit_glm: fitted rates numerically 0 occurred 
7: fit_glm: fitted rates numerically 0 occurred 
8: fit_glm: algorithm did not converge 
Error in if (any(res$fitted.values < eps)) warning("fit_glm: fitted rates numerically 0 occurred",  : 
  missing value where TRUE/FALSE needed
In addition: Warning message:
fit_glm: algorithm did not converge 
Error in if (any(res$fitted.values < eps)) warning("fit_glm: fitted rates numerically 0 occurred",  : 
  missing value where TRUE/FALSE needed
In addition: Warning messages:
1: fit_glm: fitted rates numerically 0 occurred 
2: fit_glm: fitted rates numerically 0 occurred 
3: fit_glm: fitted rates numerically 0 occurred 
4: fit_glm: fitted rates numerically 0 occurred 
5: fit_glm: fitted rates numerically 0 occurred 
6: fit_glm: fitted rates numerically 0 occurred 
7: fit_glm: algorithm did not converge 
Error in if (any(res$fitted.values < eps)) warning("fit_glm: fitted rates numerically 0 occurred",  : 
  missing value where TRUE/FALSE needed
In addition: Warning messages:
1: fit_glm: fitted rates numerically 0 occurred 
2: fit_glm: fitted rates numerically 0 occurred 
3: fit_glm: fitted rates numerically 0 occurred 
4: fit_glm: fitted rates numerically 0 occurred 
5: fit_glm: fitted rates numerically 0 occurred 
6: fit_glm: fitted rates numerically 0 occurred 
7: fit_glm: algorithm did not converge 
Error in if (any(res$fitted.values < eps)) warning("fit_glm: fitted rates numerically 0 occurred",  : 
  missing value where TRUE/FALSE needed
In addition: Warning messages:
1: fit_glm: fitted rates numerically 0 occurred 
2: fit_glm: fitted rates numerically 0 occurred 
3: fit_glm: fitted rates numerically 0 occurred 
4: fit_glm: algorithm did not converge 
For users of newer versions (1.0.1+): the `scores` matrix now contains factor scores.
Error in solve.default(t(out$scores) %*% out$scores + diag(0.001, 20)) : 
  Lapack routine dgesv: system is exactly singular: U[20,20] = 0
Calls: solve -> solve -> solve.default
Execution halted
