#----------------------------------
#
#Thu Aug 25 10:26:08 2022

#----------------------------------
#
#Using 1 Gaussians and w = 0.114581

#
#Initial model parameters used:

#Gaussian 0
#amp	=	1.000000
#mean	=	-0.069995	-0.015674	0.003978	-0.115771	0.142401	0.067628	0.089911	0.016293	-0.086171	0.110234
#covar	=	6.554593	6.075846	5.115927	4.366660	4.246811	3.919586	3.653315	2.461341	2.222719	2.123353	-0.001097	0.000278	-0.008103	0.009967	0.004734	0.006293	0.001140	-0.006032	0.007716	0.000062	-0.001815	0.002232	0.001060	0.001409	0.000255	-0.001351	0.001728	0.000461	-0.000567	-0.000269	-0.000358	-0.000065	0.000343	-0.000439	0.016486	0.007829	0.010409	0.001886	-0.009976	0.012762	-0.009630	-0.012803	-0.002320	0.012271	-0.015697	-0.006080	-0.001102	0.005828	-0.007455	-0.001465	0.007748	-0.009911	0.001404	-0.001796	0.009499	
#
#Initial proj_EM
-21.333284
-21.206096
-21.179176
-21.172685
-21.170998
-21.170542
-21.170417
-21.170384
-21.170377
-21.170376

Partition coefficient 	=	1.000000
AIC 			=	36496.365246
MDL 			=	21681.765687

#Final model parameters obtained:

#Gaussian 0
#amp	=	1.000000
#mean	=	-0.067825	-0.010926	-0.001284	-0.167860	0.167811	0.108293	0.068822	-0.006374	-0.084273	0.132169
#covar	=	4.334490	3.928301	3.447250	2.791869	2.968753	2.871821	2.658976	1.823103	1.677675	1.581934	0.061794	-0.076039	0.084239	0.063691	0.000088	-0.022210	0.012079	0.009586	-0.045481	0.058908	-0.133663	0.061131	-0.054651	0.023089	-0.019610	-0.050447	-0.055494	-0.052423	0.116480	-0.056821	0.024860	0.032341	-0.022399	0.042107	0.190884	0.049122	-0.072619	0.016309	0.069462	0.064048	-0.043643	-0.081014	0.010428	0.032964	-0.080905	-0.008570	-0.076386	0.010020	-0.011030	0.021157	0.115216	-0.023578	0.009243	-0.004836	0.072591	
#
#----------------------------------
#
#Thu Aug 25 10:26:12 2022

#----------------------------------
#
#Using 2 Gaussians and w = 0.114581

#
#Initial model parameters used:

#Gaussian 0
#amp	=	0.529469
#mean	=	-0.464010	-0.546047	0.021076	-0.636195	0.546579	0.252792	0.515880	-0.165953	-0.541144	0.541363
#covar	=	4.820918	4.652239	3.182067	2.138280	1.604301	2.800656	2.631805	2.095057	1.061837	1.555637	-0.262240	0.932324	-0.572929	0.458728	-0.330243	-0.043294	0.423665	-0.280677	0.265078	-0.074907	-0.353983	0.247356	0.033705	0.008501	-0.197241	-0.208679	0.202416	-0.382605	-0.036692	0.243020	0.292765	0.090310	0.045221	0.007799	0.969780	1.024490	0.239404	0.090052	0.114325	0.008880	-0.317716	0.043048	0.059992	0.006797	0.086592	-0.108248	0.071982	-0.039935	-0.044491	0.011837	0.678127	-0.336989	-0.130930	0.225864	0.387124	
#
#Gaussian 1
#amp	=	0.470531
#mean	=	0.373374	0.581133	-0.015261	0.469841	-0.312404	-0.140730	-0.389415	0.221368	0.425790	-0.374898
#covar	=	8.134155	7.005063	7.291318	6.226454	6.829646	5.096679	4.368845	2.794075	3.033978	2.317673	-0.207001	-1.032402	0.137089	-0.114157	0.556144	0.463472	-0.646035	-0.125693	0.124359	0.106108	-0.265623	0.239050	0.199182	0.533716	-0.008665	-0.345126	0.322732	0.452787	0.023558	-0.281603	-0.347613	-0.094308	-0.031554	-0.027336	-0.553186	-0.905726	0.282882	-0.324142	-0.716095	0.553702	0.158070	-0.487384	0.103717	0.458197	-0.547519	-0.079740	-0.002639	0.258790	-0.156690	0.169220	-0.283126	-0.081052	-0.047979	-0.070071	0.053664	
#
#Initial proj_EM
-20.969365
-20.842184
-20.805829
-20.788660
-20.778147
-20.770578
-20.764516
-20.759330
-20.754736
-20.750574
-20.746702
-20.742972
-20.739256
-20.735449
-20.731487
-20.727359
-20.723112
-20.718845
-20.714723
-20.710956
-20.707736
-20.705148
-20.703154
-20.701643
-20.700494
-20.699604
-20.698895
-20.698314
-20.697827
-20.697407
-20.697040
-20.696712
-20.696415
-20.696144
-20.695894
-20.695661
-20.695443
-20.695237
-20.695043
-20.694859
-20.694683
-20.694516
-20.694356
-20.694202
-20.694054
-20.693913
-20.693777
-20.693646
-20.693521
-20.693400
-20.693284
-20.693172
-20.693065
-20.692963
-20.692864
-20.692770
-20.692679
-20.692592
-20.692509
-20.692429
-20.692353
-20.692279
-20.692209
-20.692141
-20.692076
-20.692014
-20.691954
-20.691896
-20.691840
-20.691786
-20.691734
-20.691684
-20.691635
-20.691588
-20.691543
-20.691499
-20.691456
-20.691414
-20.691374
-20.691335
-20.691297
-20.691260
-20.691225
-20.691190
-20.691156
-20.691123
-20.691091
-20.691059
-20.691029
-20.690999
-20.690970
-20.690942
-20.690914
-20.690887
-20.690861
-20.690835
-20.690810
-20.690786
-20.690762
-20.690738
-20.690716
-20.690693
-20.690671
-20.690650
-20.690629
-20.690609
-20.690589
-20.690569
-20.690550
-20.690531
-20.690513
-20.690495
-20.690477
-20.690460
-20.690443
-20.690426
-20.690410
-20.690394
-20.690378
-20.690363
-20.690348
-20.690333
-20.690319
-20.690304
-20.690291
-20.690277
-20.690264
-20.690250
-20.690238
-20.690225
-20.690212
-20.690200
-20.690188
-20.690177
-20.690165
-20.690154
-20.690143
-20.690132
-20.690121
-20.690110
-20.690100
-20.690090
-20.690080
-20.690070
-20.690060
-20.690051
-20.690042
-20.690032
-20.690023
-20.690015
-20.690006
-20.689997
-20.689989
-20.689981
-20.689973
-20.689965
-20.689957
-20.689949
-20.689941
-20.689934
-20.689927
-20.689919
-20.689912
-20.689905
-20.689898
-20.689892
-20.689885
-20.689878
-20.689872
-20.689866
-20.689859
-20.689853
-20.689847
-20.689841
-20.689835
-20.689830
-20.689824
-20.689818
-20.689813
-20.689807
-20.689802
-20.689797
-20.689792
-20.689787
-20.689782
-20.689777
-20.689772
-20.689767
-20.689762
-20.689758
-20.689753
-20.689749
-20.689744
-20.689740
-20.689736
-20.689731
-20.689727
-20.689723
-20.689719
-20.689715
-20.689711
-20.689707
-20.689704
-20.689700
-20.689696
-20.689693
-20.689689
-20.689685
-20.689682
-20.689679
-20.689675
-20.689672
-20.689669
-20.689665
-20.689662
-20.689659
-20.689656
-20.689653
-20.689650
-20.689647
-20.689644
-20.689641
-20.689638
-20.689636
-20.689633
-20.689630
-20.689628
-20.689625
-20.689622
-20.689620
-20.689617
-20.689615
-20.689612
-20.689610
-20.689608
-20.689605
-20.689603
-20.689601
-20.689599
-20.689596
-20.689594
-20.689592
-20.689590
-20.689588
-20.689586
-20.689584
-20.689582
-20.689580
-20.689578
-20.689576
-20.689574
-20.689572
-20.689570
-20.689569
-20.689567
-20.689565
-20.689563
-20.689562
-20.689560
-20.689558
-20.689557
-20.689555
-20.689553
-20.689552
-20.689550
-20.689549
-20.689547
-20.689546
-20.689544
-20.689543
-20.689542
-20.689540
-20.689539
-20.689537
-20.689536
-20.689535
-20.689533
-20.689532
-20.689531
-20.689530
-20.689528
-20.689527
-20.689526
-20.689525
-20.689524
-20.689522
-20.689521
-20.689520
-20.689519
-20.689518
-20.689517
-20.689516
-20.689515
-20.689514
-20.689513
-20.689512
-20.689511

Partition coefficient 	=	0.888253
AIC 			=	35839.200556
MDL 			=	21387.521533

#Final model parameters obtained:

#Gaussian 0
#amp	=	0.742898
#mean	=	-0.411457	-0.470560	0.155519	-0.670283	0.476479	0.267508	0.195155	-0.098864	0.000055	0.274069
#covar	=	2.625831	2.442635	1.502430	1.249887	0.857068	1.787550	1.963197	1.321341	1.317773	1.212191	-0.207798	0.654069	-0.442124	0.353388	-0.063148	-0.329321	0.253689	-0.297727	0.107804	0.214136	-0.202067	0.189484	-0.073206	0.149479	-0.084397	0.039163	0.210705	-0.486040	-0.106671	-0.001346	0.207373	0.066008	0.043597	0.019044	0.638340	0.798362	0.230283	-0.004189	0.085965	-0.056088	-0.087647	0.047304	-0.064454	-0.024403	-0.030852	-0.088508	0.030388	0.098485	0.053702	-0.040203	0.069271	-0.090691	0.074862	-0.014009	-0.109535	
#
#Gaussian 1
#amp	=	0.257102
#mean	=	0.857819	1.246211	-0.430039	0.957444	-0.532903	-0.242524	-0.239809	0.238322	-0.277127	-0.208257
#covar	=	8.074531	5.959051	8.530036	5.269276	7.794171	5.600079	4.247199	3.105629	2.519354	2.310881	-0.726168	-1.691413	0.225097	0.123777	0.614526	1.159397	-0.962713	1.064393	-0.065204	0.366454	-1.777234	0.662630	0.620576	0.289258	-0.215082	0.075945	-0.126447	1.666831	0.285642	-0.424408	-0.652102	0.129473	-0.385771	-0.112450	-0.210331	-1.382063	-0.354436	-0.275605	0.272142	0.832498	-0.142685	-0.615712	0.365697	-0.070256	-0.609835	0.063120	-0.228530	-0.248813	-0.291838	0.261799	0.128891	-0.017911	-0.123130	0.130684	0.410960	
#
#----------------------------------
#
#Thu Aug 25 10:26:25 2022

#----------------------------------
#
#Using 3 Gaussians and w = 0.114581

#
#Initial model parameters used:

#Gaussian 0
#amp	=	0.431932
#mean	=	-0.405726	-0.636486	0.023799	-0.618963	0.503578	0.264027	0.542211	-0.145902	-0.543977	0.668533
#covar	=	4.549404	4.328829	2.844029	2.030673	1.338774	2.629338	2.361600	1.961795	0.846869	1.388400	-0.448750	1.063015	-0.652081	0.344978	-0.463182	-0.034044	0.624054	-0.235044	0.316083	-0.028548	-0.395231	0.150822	0.064627	0.115155	-0.279307	-0.067399	0.336054	-0.399386	-0.001675	0.139495	0.238103	0.135275	-0.077295	-0.074595	0.758663	1.030766	0.152900	0.225529	0.068169	-0.067334	-0.252434	0.051299	0.101784	0.023883	0.074742	-0.084823	0.085647	-0.044849	-0.087997	0.012503	0.679529	-0.335124	-0.183174	0.228242	0.321443	
#
#Gaussian 1
#amp	=	0.424212
#mean	=	-0.075892	0.385495	-0.151107	-0.674860	0.773213	0.377985	-0.265140	0.190318	0.424029	-0.436537
#covar	=	7.857299	6.996551	6.981923	3.284982	3.958120	4.415594	4.573405	2.694174	3.296671	2.259343	-0.104246	-0.960328	-0.362745	0.772894	0.936532	0.078169	-0.649678	0.017708	0.025674	-0.026689	-0.362660	0.364981	0.191918	0.166073	0.363597	-0.582921	0.210002	-0.130749	0.241015	0.098020	-0.139813	-0.085845	0.185912	-0.063269	2.390135	0.629195	0.229108	-0.153860	0.080348	0.228905	-1.119844	-0.266951	-0.167806	-0.207465	0.212338	-0.124644	0.055705	-0.120544	0.016060	0.042844	-0.113437	-0.151845	0.066681	-0.070121	0.240472	
#
#Gaussian 2
#amp	=	0.143856
#mean	=	0.955441	0.665346	0.401793	3.043766	-2.802225	-1.437270	-0.221138	-0.009886	-0.216107	0.046275
#covar	=	7.343682	6.510719	6.204442	2.905582	3.593679	3.666367	3.735775	3.105670	1.773038	2.107495	0.329998	-0.748573	-0.785613	0.148893	0.408468	0.684179	-0.083631	0.292206	-0.352256	0.114344	-0.184748	0.418724	0.271188	0.649256	-0.722169	0.543503	0.114789	0.105283	0.728779	0.019161	-0.370660	-0.053819	-0.001500	0.149663	1.677839	0.667287	0.018420	-0.085761	0.049052	-0.239990	-1.228394	-0.201781	-0.051814	-0.209831	-0.736380	0.170105	-0.532104	0.138128	0.239961	0.220264	-0.536455	0.034535	-0.125061	0.059793	-0.026491	
#
#Initial proj_EM
-20.790651
-20.656383
-20.613813
-20.592528
-20.579473
-20.570535
-20.563968
-20.558906
-20.554872
-20.551581
-20.548849
-20.546548
-20.544586
-20.542895
-20.541424
-20.540134
-20.538995
-20.537983
-20.537079
-20.536267
-20.535534
-20.534869
-20.534263
-20.533709
-20.533201
-20.532732
-20.532300
-20.531898
-20.531525
-20.531178
-20.530853
-20.530549
-20.530263
-20.529995
-20.529742
-20.529504
-20.529279
-20.529066
-20.528864
-20.528672
-20.528490
-20.528317
-20.528152
-20.527995
-20.527845
-20.527701
-20.527564
-20.527433
-20.527308
-20.527187
-20.527072
-20.526961
-20.526855
-20.526753
-20.526654
-20.526560
-20.526469
-20.526381
-20.526296
-20.526215
-20.526136
-20.526060
-20.525987
-20.525916
-20.525848
-20.525782
-20.525718
-20.525656
-20.525596
-20.525538
-20.525482
-20.525427
-20.525374
-20.525323
-20.525273
-20.525225
-20.525179
-20.525133
-20.525089
-20.525046
-20.525005
-20.524964
-20.524925
-20.524887
-20.524850
-20.524814
-20.524779
-20.524745
-20.524711
-20.524679
-20.524648
-20.524617
-20.524587
-20.524558
-20.524530
-20.524502
-20.524475
-20.524449
-20.524423
-20.524398
-20.524374
-20.524350
-20.524327
-20.524304
-20.524282
-20.524261
-20.524240
-20.524219
-20.524199
-20.524180
-20.524161
-20.524142
-20.524124
-20.524106
-20.524089
-20.524072
-20.524055
-20.524039
-20.524023
-20.524008
-20.523992
-20.523978
-20.523963
-20.523949
-20.523935
-20.523921
-20.523908
-20.523895
-20.523882
-20.523870
-20.523858
-20.523846
-20.523834
-20.523823
-20.523812
-20.523801
-20.523790
-20.523780
-20.523769
-20.523759
-20.523749
-20.523740
-20.523730
-20.523721
-20.523712
-20.523703
-20.523695
-20.523686
-20.523678
-20.523669
-20.523661
-20.523654
-20.523646
-20.523638
-20.523631
-20.523624
-20.523617
-20.523610
-20.523603
-20.523596
-20.523589
-20.523583
-20.523577
-20.523571
-20.523564
-20.523559
-20.523553
-20.523547
-20.523541
-20.523536
-20.523530
-20.523525
-20.523520
-20.523515
-20.523510
-20.523505
-20.523500
-20.523495
-20.523491
-20.523486
-20.523482
-20.523477
-20.523473
-20.523469
-20.523465
-20.523460
-20.523456
-20.523453
-20.523449
-20.523445
-20.523441
-20.523438
-20.523434
-20.523430
-20.523427
-20.523424
-20.523420
-20.523417
-20.523414
-20.523411
-20.523408
-20.523405
-20.523402
-20.523399
-20.523396
-20.523393
-20.523390
-20.523387
-20.523385
-20.523382
-20.523380
-20.523377
-20.523375
-20.523372
-20.523370
-20.523367
-20.523365
-20.523363
-20.523360
-20.523358
-20.523356
-20.523354
-20.523352
-20.523350
-20.523348
-20.523346
-20.523344
-20.523342
-20.523340
-20.523338
-20.523337
-20.523335
-20.523333
-20.523331
-20.523330
-20.523328
-20.523326
-20.523325
-20.523323
-20.523322
-20.523320
-20.523319
-20.523317
-20.523316
-20.523314
-20.523313
-20.523312
-20.523310
-20.523309
-20.523308
-20.523306
-20.523305
-20.523304
-20.523303
-20.523301
-20.523300
-20.523299
-20.523298
-20.523297
-20.523296
-20.523295
-20.523294
-20.523293
-20.523292
-20.523291

Partition coefficient 	=	0.808916
AIC 			=	35721.966726
MDL 			=	21412.642079

#Final model parameters obtained:

#Gaussian 0
#amp	=	0.543083
#mean	=	-0.413252	-0.561213	0.164027	-0.705901	0.413287	0.236085	0.467215	-0.147400	-0.457598	0.515228
#covar	=	2.099812	2.157684	1.107884	1.190987	0.577893	1.486321	1.377568	1.278836	0.472227	0.911225	-0.340047	0.895071	-0.484432	0.134595	-0.120394	-0.227052	0.483264	-0.246592	0.283295	0.086893	-0.165088	0.060962	-0.006629	0.093241	-0.140855	0.021571	0.359593	-0.486648	-0.123000	0.056527	0.112022	0.132044	-0.065643	-0.093132	0.502979	0.836442	0.208731	0.175722	0.079560	-0.076486	0.035575	0.123716	0.039336	-0.016794	-0.040436	-0.045118	0.047668	0.058676	-0.006628	0.076747	0.455304	-0.178045	-0.127860	0.138278	0.142901	
#
#Gaussian 1
#amp	=	0.338241
#mean	=	-0.012339	0.578498	-0.358957	-0.539828	0.842806	0.497264	-0.303088	0.210564	0.332808	-0.342323
#covar	=	6.769852	5.442630	6.123215	2.355458	3.382694	4.003821	3.923078	2.358703	3.025644	2.141356	-0.234416	-1.405319	-0.208750	0.970575	0.739807	0.228966	-0.695973	0.182231	-0.231243	0.203766	-0.820576	0.122214	0.012405	0.259425	0.244877	-0.737389	-0.197668	0.160257	0.581438	0.051331	-0.126232	-0.010760	0.224349	0.010677	2.069041	0.386291	0.126603	-0.284342	0.129025	0.285678	-1.311698	-0.345684	-0.154094	-0.118215	0.186593	-0.198658	-0.223406	-0.105607	-0.051758	0.115635	0.155661	-0.158923	0.068235	-0.078269	0.358754	
#
#Gaussian 2
#amp	=	0.118677
#mean	=	1.253979	0.669145	0.327973	2.916376	-2.713343	-1.441085	-0.326487	-0.085399	-0.154756	0.149404
#covar	=	5.054772	4.700930	5.101381	1.755170	2.721190	2.599355	2.722538	2.370237	1.170011	1.274081	0.875268	-0.719891	-0.565158	0.318162	0.304557	1.077125	-0.043291	0.184309	-0.281609	0.251003	-0.140662	0.662966	0.162318	0.794910	-0.804770	0.463529	0.236730	0.166527	1.061893	-0.187286	-0.451435	0.128513	0.080364	-0.004814	1.387811	0.405380	-0.414704	0.328085	-0.127065	-0.002454	-1.067161	-0.704294	-0.056263	-0.076206	-0.620491	0.432324	-0.353752	-0.110498	0.556309	-0.110217	-0.375282	-0.051540	-0.150099	0.075888	0.035022	
#
#----------------------------------
#
#Thu Aug 25 10:27:10 2022

#----------------------------------
#
#Using 2 Gaussians and w = 0.114581

#
#Initial model parameters used:

#Gaussian 0
#amp	=	0.529469
#mean	=	-0.464010	-0.546047	0.021076	-0.636195	0.546579	0.252792	0.515880	-0.165953	-0.541144	0.541363
#covar	=	4.820918	4.652239	3.182067	2.138280	1.604301	2.800656	2.631805	2.095057	1.061837	1.555637	-0.262240	0.932324	-0.572929	0.458728	-0.330243	-0.043294	0.423665	-0.280677	0.265078	-0.074907	-0.353983	0.247356	0.033705	0.008501	-0.197241	-0.208679	0.202416	-0.382605	-0.036692	0.243020	0.292765	0.090310	0.045221	0.007799	0.969780	1.024490	0.239404	0.090052	0.114325	0.008880	-0.317716	0.043048	0.059992	0.006797	0.086592	-0.108248	0.071982	-0.039935	-0.044491	0.011837	0.678127	-0.336989	-0.130930	0.225864	0.387124	
#
#Gaussian 1
#amp	=	0.470531
#mean	=	0.373374	0.581133	-0.015261	0.469841	-0.312404	-0.140730	-0.389415	0.221368	0.425790	-0.374898
#covar	=	8.134155	7.005063	7.291318	6.226454	6.829646	5.096679	4.368845	2.794075	3.033978	2.317673	-0.207001	-1.032402	0.137089	-0.114157	0.556144	0.463472	-0.646035	-0.125693	0.124359	0.106108	-0.265623	0.239050	0.199182	0.533716	-0.008665	-0.345126	0.322732	0.452787	0.023558	-0.281603	-0.347613	-0.094308	-0.031554	-0.027336	-0.553186	-0.905726	0.282882	-0.324142	-0.716095	0.553702	0.158070	-0.487384	0.103717	0.458197	-0.547519	-0.079740	-0.002639	0.258790	-0.156690	0.169220	-0.283126	-0.081052	-0.047979	-0.070071	0.053664	
#
#Initial proj_EM
-20.969365
-20.842184
-20.805829
-20.788660
-20.778147
-20.770578
-20.764516
-20.759330
-20.754736
-20.750574
-20.746702
-20.742972
-20.739256
-20.735449
-20.731487
-20.727359
-20.723112
-20.718845
-20.714723
-20.710956
-20.707736
-20.705148
-20.703154
-20.701643
-20.700494
-20.699604
-20.698895
-20.698314
-20.697827
-20.697407
-20.697040
-20.696712
-20.696415
-20.696144
-20.695894
-20.695661
-20.695443
-20.695237
-20.695043
-20.694859
-20.694683
-20.694516
-20.694356
-20.694202
-20.694054
-20.693913
-20.693777
-20.693646
-20.693521
-20.693400
-20.693284
-20.693172
-20.693065
-20.692963
-20.692864
-20.692770
-20.692679
-20.692592
-20.692509
-20.692429
-20.692353
-20.692279
-20.692209
-20.692141
-20.692076
-20.692014
-20.691954
-20.691896
-20.691840
-20.691786
-20.691734
-20.691684
-20.691635
-20.691588
-20.691543
-20.691499
-20.691456
-20.691414
-20.691374
-20.691335
-20.691297
-20.691260
-20.691225
-20.691190
-20.691156
-20.691123
-20.691091
-20.691059
-20.691029
-20.690999
-20.690970
-20.690942
-20.690914
-20.690887
-20.690861
-20.690835
-20.690810
-20.690786
-20.690762
-20.690738
-20.690716
-20.690693
-20.690671
-20.690650
-20.690629
-20.690609
-20.690589
-20.690569
-20.690550
-20.690531
-20.690513
-20.690495
-20.690477
-20.690460
-20.690443
-20.690426
-20.690410
-20.690394
-20.690378
-20.690363
-20.690348
-20.690333
-20.690319
-20.690304
-20.690291
-20.690277
-20.690264
-20.690250
-20.690238
-20.690225
-20.690212
-20.690200
-20.690188
-20.690177
-20.690165
-20.690154
-20.690143
-20.690132
-20.690121
-20.690110
-20.690100
-20.690090
-20.690080
-20.690070
-20.690060
-20.690051
-20.690042
-20.690032
-20.690023
-20.690015
-20.690006
-20.689997
-20.689989
-20.689981
-20.689973
-20.689965
-20.689957
-20.689949
-20.689941
-20.689934
-20.689927
-20.689919
-20.689912
-20.689905
-20.689898
-20.689892
-20.689885
-20.689878
-20.689872
-20.689866
-20.689859
-20.689853
-20.689847
-20.689841
-20.689835
-20.689830
-20.689824
-20.689818
-20.689813
-20.689807
-20.689802
-20.689797
-20.689792
-20.689787
-20.689782
-20.689777
-20.689772
-20.689767
-20.689762
-20.689758
-20.689753
-20.689749
-20.689744
-20.689740
-20.689736
-20.689731
-20.689727
-20.689723
-20.689719
-20.689715
-20.689711
-20.689707
-20.689704
-20.689700
-20.689696
-20.689693
-20.689689
-20.689685
-20.689682
-20.689679
-20.689675
-20.689672
-20.689669
-20.689665
-20.689662
-20.689659
-20.689656
-20.689653
-20.689650
-20.689647
-20.689644
-20.689641
-20.689638
-20.689636
-20.689633
-20.689630
-20.689628
-20.689625
-20.689622
-20.689620
-20.689617
-20.689615
-20.689612
-20.689610
-20.689608
-20.689605
-20.689603
-20.689601
-20.689599
-20.689596
-20.689594
-20.689592
-20.689590
-20.689588
-20.689586
-20.689584
-20.689582
-20.689580
-20.689578
-20.689576
-20.689574
-20.689572
-20.689570
-20.689569
-20.689567
-20.689565
-20.689563
-20.689562
-20.689560
-20.689558
-20.689557
-20.689555
-20.689553
-20.689552
-20.689550
-20.689549
-20.689547
-20.689546
-20.689544
-20.689543
-20.689542
-20.689540
-20.689539
-20.689537
-20.689536
-20.689535
-20.689533
-20.689532
-20.689531
-20.689530
-20.689528
-20.689527
-20.689526
-20.689525
-20.689524
-20.689522
-20.689521
-20.689520
-20.689519
-20.689518
-20.689517
-20.689516
-20.689515
-20.689514
-20.689513
-20.689512
-20.689511

Partition coefficient 	=	0.888253
AIC 			=	35839.200556
MDL 			=	21387.521533

#Final model parameters obtained:

#Gaussian 0
#amp	=	0.742898
#mean	=	-0.411457	-0.470560	0.155519	-0.670283	0.476479	0.267508	0.195155	-0.098864	0.000055	0.274069
#covar	=	2.625831	2.442635	1.502430	1.249887	0.857068	1.787550	1.963197	1.321341	1.317773	1.212191	-0.207798	0.654069	-0.442124	0.353388	-0.063148	-0.329321	0.253689	-0.297727	0.107804	0.214136	-0.202067	0.189484	-0.073206	0.149479	-0.084397	0.039163	0.210705	-0.486040	-0.106671	-0.001346	0.207373	0.066008	0.043597	0.019044	0.638340	0.798362	0.230283	-0.004189	0.085965	-0.056088	-0.087647	0.047304	-0.064454	-0.024403	-0.030852	-0.088508	0.030388	0.098485	0.053702	-0.040203	0.069271	-0.090691	0.074862	-0.014009	-0.109535	
#
#Gaussian 1
#amp	=	0.257102
#mean	=	0.857819	1.246211	-0.430039	0.957444	-0.532903	-0.242524	-0.239809	0.238322	-0.277127	-0.208257
#covar	=	8.074531	5.959051	8.530036	5.269276	7.794171	5.600079	4.247199	3.105629	2.519354	2.310881	-0.726168	-1.691413	0.225097	0.123777	0.614526	1.159397	-0.962713	1.064393	-0.065204	0.366454	-1.777234	0.662630	0.620576	0.289258	-0.215082	0.075945	-0.126447	1.666831	0.285642	-0.424408	-0.652102	0.129473	-0.385771	-0.112450	-0.210331	-1.382063	-0.354436	-0.275605	0.272142	0.832498	-0.142685	-0.615712	0.365697	-0.070256	-0.609835	0.063120	-0.228530	-0.248813	-0.291838	0.261799	0.128891	-0.017911	-0.123130	0.130684	0.410960	
#
#----------------------------------
#
#Thu Aug 25 10:32:50 2022

#----------------------------------
#
#Using 1 Gaussians and w = 0.114581

#
#Initial model parameters used:

#Gaussian 0
#amp	=	1.000000
#mean	=	-0.069995	-0.015674	0.003978	-0.115771	0.142401	0.067628	0.089911	0.016293	-0.086171	0.110234
#covar	=	6.554593	6.075846	5.115927	4.366660	4.246811	3.919586	3.653315	2.461341	2.222719	2.123353	-0.001097	0.000278	-0.008103	0.009967	0.004734	0.006293	0.001140	-0.006032	0.007716	0.000062	-0.001815	0.002232	0.001060	0.001409	0.000255	-0.001351	0.001728	0.000461	-0.000567	-0.000269	-0.000358	-0.000065	0.000343	-0.000439	0.016486	0.007829	0.010409	0.001886	-0.009976	0.012762	-0.009630	-0.012803	-0.002320	0.012271	-0.015697	-0.006080	-0.001102	0.005828	-0.007455	-0.001465	0.007748	-0.009911	0.001404	-0.001796	0.009499	
#
#Initial proj_EM
-21.333284
-21.206096
-21.179176
-21.172685
-21.170998
-21.170542
-21.170417
-21.170384
-21.170377
-21.170376

Partition coefficient 	=	1.000000
AIC 			=	36496.365246
MDL 			=	21681.765687

#Final model parameters obtained:

#Gaussian 0
#amp	=	1.000000
#mean	=	-0.067825	-0.010926	-0.001284	-0.167860	0.167811	0.108293	0.068822	-0.006374	-0.084273	0.132169
#covar	=	4.334490	3.928301	3.447250	2.791869	2.968753	2.871821	2.658976	1.823103	1.677675	1.581934	0.061794	-0.076039	0.084239	0.063691	0.000088	-0.022210	0.012079	0.009586	-0.045481	0.058908	-0.133663	0.061131	-0.054651	0.023089	-0.019610	-0.050447	-0.055494	-0.052423	0.116480	-0.056821	0.024860	0.032341	-0.022399	0.042107	0.190884	0.049122	-0.072619	0.016309	0.069462	0.064048	-0.043643	-0.081014	0.010428	0.032964	-0.080905	-0.008570	-0.076386	0.010020	-0.011030	0.021157	0.115216	-0.023578	0.009243	-0.004836	0.072591	
#
#----------------------------------
#
#Thu Aug 25 10:34:54 2022

#----------------------------------
#
#Using 1 Gaussians and w = 0.114581

#
#Initial model parameters used:

#Gaussian 0
#amp	=	1.000000
#mean	=	-0.057633	-0.011536	0.002873	-0.078441	0.096725	0.044790	0.063326	0.010328	-0.056042	0.069882
#covar	=	4.443808	3.291283	2.668642	2.004632	1.959363	1.719270	1.812274	0.988887	0.940129	0.853340	-0.000665	0.000166	-0.004521	0.005575	0.002581	0.003650	0.000595	-0.003230	0.004027	0.000033	-0.000905	0.001116	0.000517	0.000731	0.000119	-0.000646	0.000806	0.000225	-0.000278	-0.000129	-0.000182	-0.000030	0.000161	-0.000201	0.007587	0.003513	0.004967	0.000810	-0.004396	0.005482	-0.004332	-0.006125	-0.000999	0.005421	-0.006759	-0.002836	-0.000463	0.002510	-0.003130	-0.000654	0.003549	-0.004425	0.000579	-0.000722	0.003916	
#
#Initial proj_EM
-18.271612
-18.082106
-18.010845
-17.980354
-17.966129
-17.959050
-17.955342
-17.953317
-17.952170
-17.951502
-17.951102
-17.950859
-17.950707
-17.950612
-17.950551
-17.950512
-17.950487
-17.950471
-17.950461
-17.950454
-17.950450
-17.950448
-17.950446
-17.950445

Partition coefficient 	=	1.000000
AIC 			=	30970.964434
MDL 			=	18413.536185

#Final model parameters obtained:

#Gaussian 0
#amp	=	1.000000
#mean	=	-0.057407	-0.006450	-0.006185	-0.127319	0.123530	0.088639	0.042454	-0.017294	-0.055385	0.090177
#covar	=	2.326823	1.307736	1.166565	0.961292	1.150376	0.971770	1.085208	0.500097	0.593163	0.522660	0.068006	-0.064925	0.043721	0.041651	-0.002249	-0.015243	0.011733	0.011920	-0.038660	0.056081	-0.089470	0.039944	-0.044165	0.014336	-0.018317	-0.024696	-0.046227	-0.027522	0.070141	-0.036477	0.014324	0.016179	-0.005637	0.028133	0.100073	0.030760	-0.047078	0.009929	0.033811	0.029630	-0.028227	-0.049440	0.014618	0.021810	-0.043395	-0.010929	-0.042882	0.000941	-0.015361	0.012752	0.057274	-0.012730	0.012687	-0.005801	0.036218	
#
#----------------------------------
#
#Thu Aug 25 10:34:58 2022

#----------------------------------
#
#Using 2 Gaussians and w = 0.114581

#
#Initial model parameters used:

#Gaussian 0
#amp	=	0.529469
#mean	=	-0.382061	-0.401892	0.015222	-0.431055	0.371261	0.167423	0.363344	-0.105190	-0.351936	0.343193
#covar	=	3.268431	2.520115	1.659875	0.981635	0.740181	1.228467	1.305541	0.841726	0.449119	0.625185	-0.158922	0.554440	-0.319631	0.256558	-0.180090	-0.025107	0.221114	-0.150301	0.138366	-0.039818	-0.176524	0.123660	0.016430	0.004407	-0.092016	-0.099887	0.094444	-0.187230	-0.018000	0.116246	0.148926	0.041344	0.021241	0.003571	0.446316	0.459730	0.114247	0.038674	0.050377	0.003814	-0.142928	0.020595	0.025829	0.003003	0.037287	-0.050494	0.030218	-0.017201	-0.018680	0.005284	0.310621	-0.150464	-0.053973	0.090758	0.159607	
#
#Gaussian 1
#amp	=	0.470531
#mean	=	0.307432	0.427715	-0.011022	0.318342	-0.212198	-0.093205	-0.274272	0.140314	0.276915	-0.237664
#covar	=	5.514701	3.794639	3.803400	2.858421	3.151012	2.235585	2.167222	1.122569	1.283262	0.931434	-0.125446	-0.613955	0.076481	-0.063846	0.303280	0.268780	-0.337170	-0.067308	0.064913	0.056404	-0.132461	0.119507	0.097091	0.276667	-0.004043	-0.165199	0.150581	0.221574	0.011557	-0.134701	-0.176826	-0.043174	-0.014821	-0.012516	-0.254589	-0.406435	0.134994	-0.139209	-0.315547	0.237831	0.071110	-0.233166	0.044655	0.202409	-0.235763	-0.037196	-0.001108	0.111468	-0.065787	0.075545	-0.129688	-0.036189	-0.019778	-0.028156	0.022125	
#
#Initial proj_EM
-18.001161
-17.818682
-17.751477
-17.717041
-17.695947
-17.681503
-17.670761
-17.662216
-17.655035
-17.648752
-17.643117
-17.638008
-17.633363
-17.629125
-17.625228
-17.621612
-17.618224
-17.615027
-17.611998
-17.609128
-17.606423
-17.603897
-17.601568
-17.599454
-17.597565
-17.595897
-17.594439
-17.593173
-17.592076
-17.591125
-17.590298
-17.589575
-17.588939
-17.588374
-17.587869
-17.587413
-17.586999
-17.586620
-17.586270
-17.585945
-17.585643
-17.585360
-17.585094
-17.584843
-17.584605
-17.584380
-17.584165
-17.583961
-17.583766
-17.583580
-17.583402
-17.583231
-17.583067
-17.582909
-17.582757
-17.582611
-17.582471
-17.582335
-17.582205
-17.582078
-17.581956
-17.581839
-17.581725
-17.581614
-17.581507
-17.581404
-17.581304
-17.581206
-17.581112
-17.581021
-17.580932
-17.580845
-17.580762
-17.580680
-17.580601
-17.580524
-17.580449
-17.580376
-17.580305
-17.580236
-17.580169
-17.580103
-17.580039
-17.579977
-17.579916
-17.579857
-17.579800
-17.579743
-17.579688
-17.579635
-17.579582
-17.579531
-17.579481
-17.579433
-17.579385
-17.579338
-17.579293
-17.579249
-17.579205
-17.579163
-17.579121
-17.579080
-17.579041
-17.579002
-17.578964
-17.578926
-17.578890
-17.578854
-17.578819
-17.578785
-17.578751
-17.578719
-17.578686
-17.578655
-17.578624
-17.578594
-17.578564
-17.578535
-17.578506
-17.578478
-17.578451
-17.578424
-17.578398
-17.578372
-17.578346
-17.578321
-17.578297
-17.578273
-17.578250
-17.578226
-17.578204
-17.578181
-17.578160
-17.578138
-17.578117
-17.578096
-17.578076
-17.578056
-17.578036
-17.578017
-17.577998
-17.577980
-17.577961
-17.577943
-17.577926
-17.577908
-17.577891
-17.577875
-17.577858
-17.577842
-17.577826
-17.577810
-17.577795
-17.577780
-17.577765
-17.577750
-17.577736
-17.577722
-17.577708
-17.577694
-17.577681
-17.577667
-17.577654
-17.577641
-17.577629
-17.577616
-17.577604
-17.577592
-17.577580
-17.577568
-17.577557
-17.577546
-17.577534
-17.577523
-17.577513
-17.577502
-17.577491
-17.577481
-17.577471
-17.577461
-17.577451
-17.577441
-17.577432
-17.577422
-17.577413
-17.577404
-17.577395
-17.577386
-17.577377
-17.577368
-17.577360
-17.577352
-17.577343
-17.577335
-17.577327
-17.577319
-17.577311
-17.577304
-17.577296
-17.577289
-17.577281
-17.577274
-17.577267
-17.577260
-17.577253
-17.577246
-17.577239
-17.577232
-17.577226
-17.577219
-17.577213
-17.577206
-17.577200
-17.577194
-17.577188
-17.577182
-17.577176
-17.577170
-17.577164
-17.577159
-17.577153
-17.577147
-17.577142
-17.577137
-17.577131
-17.577126
-17.577121
-17.577116
-17.577111
-17.577106
-17.577101
-17.577096
-17.577091
-17.577086
-17.577081
-17.577077
-17.577072
-17.577068
-17.577063
-17.577059
-17.577055
-17.577050
-17.577046
-17.577042
-17.577038
-17.577034
-17.577029
-17.577025
-17.577022
-17.577018
-17.577014
-17.577010
-17.577006
-17.577002
-17.576999
-17.576995
-17.576992
-17.576988
-17.576984
-17.576981
-17.576978
-17.576974
-17.576971
-17.576968
-17.576964
-17.576961
-17.576958
-17.576955
-17.576952
-17.576948
-17.576945
-17.576942
-17.576939
-17.576936
-17.576934
-17.576931
-17.576928
-17.576925
-17.576922
-17.576919
-17.576917
-17.576914
-17.576911
-17.576909
-17.576906
-17.576903
-17.576901
-17.576898
-17.576896
-17.576893
-17.576891
-17.576888
-17.576886
-17.576884
-17.576881
-17.576879
-17.576877
-17.576874
-17.576872
-17.576870
-17.576868
-17.576865
-17.576863
-17.576861
-17.576859
-17.576857
-17.576855
-17.576853
-17.576851
-17.576849
-17.576847
-17.576845
-17.576843
-17.576841
-17.576839
-17.576837
-17.576835
-17.576833
-17.576832
-17.576830
-17.576828
-17.576826
-17.576824
-17.576823
-17.576821
-17.576819
-17.576817
-17.576816
-17.576814
-17.576812
-17.576811
-17.576809
-17.576807
-17.576806
-17.576804
-17.576803
-17.576801
-17.576800
-17.576798
-17.576797
-17.576795
-17.576794
-17.576792
-17.576791
-17.576789
-17.576788
-17.576786
-17.576785
-17.576784
-17.576782
-17.576781
-17.576780
-17.576778
-17.576777
-17.576776
-17.576774
-17.576773
-17.576772
-17.576770
-17.576769
-17.576768
-17.576767
-17.576765
-17.576764
-17.576763
-17.576762
-17.576761
-17.576760
-17.576758
-17.576757
-17.576756
-17.576755
-17.576754
-17.576753
-17.576752
-17.576751
-17.576749
-17.576748
-17.576747
-17.576746
-17.576745
-17.576744
-17.576743
-17.576742
-17.576741
-17.576740
-17.576739

Partition coefficient 	=	0.874043
AIC 			=	30497.684222
MDL 			=	18228.058201

#Final model parameters obtained:

#Gaussian 0
#amp	=	0.762865
#mean	=	-0.287083	-0.300852	0.114443	-0.430916	0.320430	0.195899	0.125068	-0.064906	-0.025993	0.190051
#covar	=	1.115850	0.611811	0.275205	0.397751	0.201622	0.537676	0.719311	0.290469	0.425273	0.351496	-0.064666	0.353920	-0.204744	0.080679	-0.015556	-0.192712	0.111812	-0.138490	0.059152	0.136536	-0.078674	0.033600	-0.045604	0.103124	-0.043717	0.002203	0.076157	-0.156632	-0.022541	-0.038890	0.082682	0.046690	-0.027588	0.015836	0.166701	0.282262	0.106796	-0.005699	0.054525	-0.042885	0.013362	0.053655	-0.013533	-0.003131	-0.026373	-0.056983	0.005416	0.047520	0.004840	-0.017652	0.024961	-0.033858	0.039418	-0.003410	-0.027222	
#
#Gaussian 1
#amp	=	0.237135
#mean	=	0.615588	0.849806	-0.365382	0.532351	-0.298352	-0.137233	-0.152398	0.103487	-0.115157	-0.139620
#covar	=	5.472684	2.434983	3.807444	2.109918	3.333629	2.090770	1.943458	1.039938	0.999058	0.857527	-0.168821	-1.151467	0.319223	0.109805	0.192108	0.632728	-0.401084	0.486715	-0.117158	0.205560	-0.785037	0.303866	0.234328	0.063394	-0.055530	0.007116	-0.079954	0.675793	0.139768	-0.165800	-0.290858	0.022697	-0.042844	-0.059490	0.040995	-0.513182	-0.261783	-0.069693	0.042446	0.414888	-0.152187	-0.376775	0.153206	0.016170	-0.248112	0.067989	-0.122970	-0.122682	-0.138873	0.102045	0.125317	-0.032311	-0.048847	0.029922	0.168608	
#
#----------------------------------
#
#Thu Aug 25 10:35:11 2022

#----------------------------------
#
#Using 3 Gaussians and w = 0.114581

#
#Initial model parameters used:

#Gaussian 0
#amp	=	0.431932
#mean	=	-0.334070	-0.468456	0.017189	-0.419380	0.342052	0.174864	0.381888	-0.092480	-0.353779	0.423812
#covar	=	3.084353	2.344924	1.483542	0.932235	0.617674	1.153321	1.171502	0.788186	0.358195	0.557975	-0.271950	0.632160	-0.363788	0.192940	-0.252586	-0.019743	0.325698	-0.125865	0.164989	-0.015175	-0.197094	0.075400	0.031502	0.059694	-0.130301	-0.032261	0.156797	-0.195442	-0.000822	0.066726	0.121120	0.061928	-0.036307	-0.034154	0.349155	0.462546	0.072966	0.096858	0.030039	-0.028922	-0.113560	0.024542	0.043822	0.010550	0.032184	-0.039567	0.035954	-0.019318	-0.036946	0.005582	0.311263	-0.149632	-0.075510	0.091714	0.132527	
#
#Gaussian 1
#amp	=	0.424212
#mean	=	-0.062489	0.283725	-0.109136	-0.457253	0.525200	0.250338	-0.186743	0.120633	0.275770	-0.276740
#covar	=	5.327002	3.790028	3.642009	1.508059	1.826169	1.936837	2.268697	1.082432	1.394372	0.907992	-0.063175	-0.571094	-0.202371	0.432266	0.510716	0.045332	-0.339071	0.009482	0.013402	-0.014187	-0.180851	0.182463	0.093551	0.086089	0.169624	-0.279023	0.097984	-0.063983	0.118237	0.046887	-0.071121	-0.039299	0.087325	-0.028969	1.099996	0.282345	0.109333	-0.066078	0.035406	0.098322	-0.503774	-0.127710	-0.072247	-0.091648	0.091433	-0.058142	0.023385	-0.051922	0.006743	0.019127	-0.051961	-0.067798	0.027488	-0.028177	0.099144	
#
#Gaussian 2
#amp	=	0.143856
#mean	=	0.786699	0.489696	0.290192	2.062310	-1.903395	-0.951897	-0.155751	-0.006266	-0.140546	0.029336
#covar	=	4.978785	3.526853	3.236448	1.333886	1.658025	1.608199	1.853179	1.247758	0.749931	0.846967	0.199984	-0.445166	-0.438284	0.083273	0.222748	0.396774	-0.043647	0.156475	-0.183871	0.060782	-0.092130	0.209331	0.132191	0.336561	-0.336904	0.260156	0.053558	0.051521	0.357524	0.009165	-0.188550	-0.024638	-0.000705	0.068525	0.772181	0.299438	0.008790	-0.036832	0.021615	-0.103083	-0.552606	-0.096533	-0.022308	-0.092693	-0.317087	0.079348	-0.223376	0.059496	0.100749	0.098333	-0.245727	0.015420	-0.051554	0.024026	-0.010922	
#
#Initial proj_EM
-17.881338
-17.696233
-17.625413
-17.588083
-17.564569
-17.548147
-17.535917
-17.526410
-17.518787
-17.512523
-17.507271
-17.502791
-17.498914
-17.495517
-17.492513
-17.489835
-17.487433
-17.485270
-17.483312
-17.481533
-17.479914
-17.478433
-17.477076
-17.475828
-17.474677
-17.473613
-17.472626
-17.471708
-17.470853
-17.470054
-17.469306
-17.468604
-17.467943
-17.467320
-17.466731
-17.466174
-17.465645
-17.465142
-17.464662
-17.464204
-17.463764
-17.463342
-17.462935
-17.462541
-17.462157
-17.461781
-17.461410
-17.461040
-17.460669
-17.460294
-17.459913
-17.459529
-17.459147
-17.458773
-17.458414
-17.458072
-17.457750
-17.457447
-17.457162
-17.456893
-17.456639
-17.456398
-17.456168
-17.455949
-17.455740
-17.455538
-17.455345
-17.455158
-17.454978
-17.454803
-17.454633
-17.454469
-17.454309
-17.454153
-17.454001
-17.453852
-17.453707
-17.453564
-17.453425
-17.453288
-17.453153
-17.453020
-17.452889
-17.452760
-17.452632
-17.452506
-17.452381
-17.452257
-17.452134
-17.452011
-17.451889
-17.451768
-17.451646
-17.451525
-17.451404
-17.451282
-17.451161
-17.451038
-17.450916
-17.450792
-17.450668
-17.450542
-17.450416
-17.450288
-17.450159
-17.450029
-17.449897
-17.449763
-17.449628
-17.449491
-17.449352
-17.449211
-17.449067
-17.448922
-17.448775
-17.448626
-17.448475
-17.448321
-17.448166
-17.448008
-17.447849
-17.447688
-17.447525
-17.447360
-17.447194
-17.447026
-17.446857
-17.446686
-17.446515
-17.446343
-17.446170
-17.445997
-17.445824
-17.445650
-17.445477
-17.445304
-17.445131
-17.444960
-17.444789
-17.444620
-17.444452
-17.444285
-17.444121
-17.443959
-17.443799
-17.443641
-17.443487
-17.443335
-17.443186
-17.443040
-17.442898
-17.442759
-17.442624
-17.442493
-17.442366
-17.442242
-17.442123
-17.442008
-17.441897
-17.441790
-17.441687
-17.441589
-17.441494
-17.441404
-17.441318
-17.441235
-17.441157
-17.441082
-17.441010
-17.440942
-17.440877
-17.440816
-17.440757
-17.440701
-17.440648
-17.440598
-17.440550
-17.440504
-17.440460
-17.440419
-17.440379
-17.440341
-17.440305
-17.440271
-17.440238
-17.440206
-17.440176
-17.440147
-17.440120
-17.440093
-17.440068
-17.440043
-17.440020
-17.439997
-17.439976
-17.439955
-17.439935
-17.439916
-17.439897
-17.439879
-17.439862
-17.439845
-17.439829
-17.439813
-17.439798
-17.439784
-17.439769
-17.439756
-17.439742
-17.439730
-17.439717
-17.439705
-17.439693
-17.439682
-17.439671
-17.439660
-17.439650
-17.439640
-17.439630
-17.439620
-17.439611
-17.439602
-17.439593
-17.439584
-17.439576
-17.439567
-17.439559
-17.439551
-17.439544
-17.439536
-17.439529
-17.439522
-17.439515
-17.439508
-17.439501
-17.439495
-17.439488
-17.439482
-17.439476
-17.439470
-17.439464
-17.439459
-17.439453
-17.439447
-17.439442
-17.439437
-17.439431
-17.439426
-17.439421
-17.439416
-17.439412
-17.439407
-17.439402
-17.439398
-17.439393
-17.439389
-17.439385
-17.439380
-17.439376
-17.439372
-17.439368
-17.439364
-17.439360
-17.439356
-17.439353
-17.439349
-17.439345
-17.439342
-17.439338
-17.439335
-17.439331
-17.439328
-17.439324
-17.439321
-17.439318
-17.439315
-17.439312
-17.439309
-17.439306
-17.439303
-17.439300
-17.439297
-17.439294
-17.439291
-17.439288
-17.439286
-17.439283
-17.439280
-17.439278
-17.439275
-17.439273
-17.439270
-17.439268
-17.439265
-17.439263
-17.439261
-17.439258
-17.439256
-17.439254
-17.439251
-17.439249
-17.439247
-17.439245
-17.439243
-17.439241
-17.439239
-17.439237
-17.439235
-17.439233
-17.439231
-17.439229
-17.439227
-17.439225
-17.439223
-17.439221
-17.439220
-17.439218
-17.439216
-17.439214
-17.439213
-17.439211
-17.439209
-17.439208
-17.439206
-17.439204
-17.439203
-17.439201
-17.439200
-17.439198
-17.439197
-17.439195
-17.439194
-17.439192
-17.439191
-17.439189
-17.439188
-17.439187
-17.439185
-17.439184
-17.439183
-17.439181
-17.439180
-17.439179
-17.439178
-17.439176
-17.439175
-17.439174
-17.439173
-17.439171
-17.439170
-17.439169
-17.439168
-17.439167
-17.439166
-17.439165
-17.439163
-17.439162
-17.439161
-17.439160
-17.439159
-17.439158
-17.439157
-17.439156
-17.439155
-17.439154

Partition coefficient 	=	0.836592
AIC 			=	30429.588416
MDL 			=	18282.243487

#Final model parameters obtained:

#Gaussian 0
#amp	=	0.709773
#mean	=	-0.308210	-0.264377	0.116256	-0.463534	0.292770	0.184708	0.141339	-0.059775	-0.040860	0.195994
#covar	=	1.051693	0.353721	0.232351	0.371557	0.164570	0.483339	0.576494	0.254568	0.361255	0.293293	-0.009874	0.352750	-0.236472	0.053223	-0.020766	-0.222816	0.127743	-0.142673	0.077498	0.044816	-0.009553	0.039804	0.002014	0.124563	-0.046001	0.044403	0.105060	-0.160094	-0.033969	-0.034052	0.014949	0.038308	-0.029549	-0.001284	0.143114	0.274399	0.095251	0.000497	0.040590	-0.057930	0.032656	0.040033	-0.001091	-0.018447	-0.032214	-0.023427	-0.013417	0.039544	-0.014895	-0.007931	0.039722	-0.009055	0.031171	-0.008285	-0.040829	
#
#Gaussian 1
#amp	=	0.193215
#mean	=	0.198758	0.624172	-0.482014	-0.275411	0.655993	0.362403	-0.087845	0.123367	-0.065886	-0.190106
#covar	=	5.589736	3.558227	3.797798	1.258683	2.004254	1.955131	2.325800	1.064639	1.293389	1.053049	-0.483164	-1.435941	0.113994	0.624573	0.419006	0.508717	-0.406263	0.451336	-0.247186	0.218296	-0.774875	-0.255351	-0.108766	-0.203663	0.152835	-0.290669	-0.307349	0.350005	0.457475	0.107822	-0.023508	0.041967	-0.027141	-0.031894	1.222479	0.096593	-0.014741	-0.066983	0.092480	0.264151	-0.838062	-0.302135	-0.005816	0.083132	0.129771	-0.153068	-0.117889	-0.065406	-0.062111	0.116259	0.187548	-0.080662	-0.005025	0.041410	0.247019	
#
#Gaussian 2
#amp	=	0.097011
#mean	=	1.127439	0.438439	0.151060	1.929011	-1.862418	-0.932295	-0.253512	-0.060113	-0.096556	0.134785
#covar	=	2.882271	1.842576	2.193692	0.639738	1.165366	0.839059	1.170034	0.790030	0.394228	0.392383	0.788370	-0.328856	-0.244429	0.199400	0.050977	0.624730	-0.035149	0.113463	-0.078558	0.341423	-0.010930	0.359111	0.045442	0.425462	-0.310830	0.218912	0.112369	0.147638	0.564506	-0.181757	-0.166128	0.110267	0.079116	0.069220	0.557363	0.090131	-0.301913	0.175983	-0.065931	0.012624	-0.459390	-0.410683	0.022795	-0.002189	-0.223000	0.198452	-0.066042	-0.075215	0.281844	-0.081118	-0.127871	-0.009071	-0.061384	-0.000101	0.015341	
#
#----------------------------------
#
#Fri Aug 26 08:58:43 2022

#----------------------------------
#
#Using 1 Gaussians and w = 0.698335

#
#Initial model parameters used:

#Gaussian 0
#amp	=	1.000000
#mean	=	0.009089	0.173975	0.092746	-0.073153	0.018243	-0.065941	-0.155917	0.091766	0.128194	-0.009500
#covar	=	20.512622	13.406248	8.782560	6.181239	5.586373	4.819464	4.318621	4.006656	3.139998	2.499400	-0.001581	-0.000843	0.000665	-0.000166	0.000599	0.001417	-0.000834	-0.001165	0.000086	-0.016135	0.012727	-0.003174	0.011472	0.027126	-0.015965	-0.022303	0.001653	0.006785	-0.001692	0.006116	0.014461	-0.008511	-0.011889	0.000881	0.001335	-0.004824	-0.011406	0.006713	0.009378	-0.000695	0.001203	0.002844	-0.001674	-0.002339	0.000173	-0.010281	0.006051	0.008453	-0.000626	0.014308	0.019988	-0.001481	-0.011764	0.000872	0.001218	
#
#Initial proj_EM
-24.304284
-24.079156
-23.980637
-23.929302
-23.899255
-23.880151
-23.867243
-23.858110
-23.851412
-23.846358
-23.842453
-23.839379
-23.836918
-23.834921
-23.833280
-23.831917
-23.830775
-23.829810
-23.828988
-23.828284
-23.827676
-23.827148
-23.826688
-23.826285
-23.825929
-23.825615
-23.825336
-23.825087
-23.824865
-23.824665
-23.824485
-23.824323
-23.824176
-23.824043
-23.823921
-23.823810
-23.823709
-23.823616
-23.823530
-23.823452
-23.823379
-23.823312
-23.823250
-23.823193
-23.823139
-23.823090
-23.823044
-23.823001
-23.822960
-23.822923
-23.822888
-23.822855
-23.822824
-23.822795
-23.822767
-23.822742
-23.822717
-23.822695
-23.822673
-23.822653
-23.822634
-23.822615
-23.822598
-23.822582
-23.822567
-23.822552
-23.822538
-23.822525
-23.822512
-23.822500
-23.822489
-23.822478
-23.822468
-23.822458
-23.822449
-23.822440
-23.822432
-23.822423
-23.822416
-23.822408
-23.822401
-23.822394
-23.822388
-23.822382
-23.822376
-23.822370
-23.822365
-23.822360
-23.822355
-23.822350
-23.822345
-23.822341
-23.822336
-23.822332
-23.822328
-23.822325
-23.822321
-23.822318
-23.822314
-23.822311
-23.822308
-23.822305
-23.822302
-23.822299
-23.822296
-23.822294
-23.822291
-23.822289
-23.822287
-23.822284
-23.822282
-23.822280
-23.822278
-23.822276
-23.822274
-23.822272
-23.822271
-23.822269
-23.822267
-23.822266
-23.822264
-23.822263
-23.822261
-23.822260
-23.822258
-23.822257
-23.822256
-23.822255
-23.822253
-23.822252
-23.822251
-23.822250
-23.822249
-23.822248
-23.822247
-23.822246

Partition coefficient 	=	1.000000
AIC 			=	41046.974103
MDL 			=	24373.413700

#Final model parameters obtained:

#Gaussian 0
#amp	=	1.000000
#mean	=	-0.016754	-0.102750	0.041769	0.037543	-0.007173	-0.016543	0.686778	-0.031431	-0.102631	0.143435
#covar	=	11.802509	6.228905	4.987623	2.072638	2.871864	1.261225	3.364248	1.012256	0.827514	0.721127	0.330672	0.210234	0.115877	0.298246	0.019105	-0.271120	-0.320557	-0.095992	0.155248	0.021265	-0.531043	0.176864	0.611012	0.161581	0.197517	0.108540	0.243720	-0.087127	0.096905	0.230397	-0.018705	0.124067	-0.081909	-0.163793	-0.004671	0.036446	0.929532	-0.219698	-0.108756	-0.033525	-0.024895	-0.178256	0.141363	0.130328	0.037266	0.946479	-0.167925	-0.019878	-0.049225	-0.853755	0.023682	-0.114447	-0.186559	-0.116486	-0.095864	
#
#----------------------------------
#
#Fri Aug 26 08:58:48 2022

#----------------------------------
#
#Using 2 Gaussians and w = 0.698335

#
#Initial model parameters used:

#Gaussian 0
#amp	=	0.719838
#mean	=	0.292037	0.126554	0.124728	-0.619585	-0.125677	-0.092556	-0.830553	0.332720	0.228717	-0.057003
#covar	=	17.014797	9.873212	7.128562	3.770706	3.939212	2.904210	1.192122	2.087313	2.342361	1.993414	0.241790	-0.621181	-0.993834	0.128155	-0.019718	0.363208	0.740104	0.028769	-0.102897	0.261767	0.810065	-0.595649	-0.580425	0.091422	-0.015276	-0.113011	-0.141001	0.086108	-0.194758	-0.470608	0.201870	0.110336	0.032746	0.042190	-0.134341	0.374751	-0.901238	0.437272	0.017899	0.017884	0.129876	0.150481	0.209195	-0.108301	-0.122757	-0.983077	0.192667	0.144605	0.055094	0.672779	-0.023359	0.065019	0.316555	-0.024768	-0.006781	
#
#Gaussian 1
#amp	=	0.280162
#mean	=	-0.717907	0.295818	0.010570	1.330832	0.388026	0.002443	1.577467	-0.527332	-0.130086	0.112554
#covar	=	28.765586	22.463284	13.022903	9.636422	9.628573	9.733955	8.177717	8.405695	5.096747	3.778769	-0.503836	1.510039	3.973843	0.043591	0.121865	0.822467	-2.529829	-0.338926	0.387957	-0.716260	-2.273570	1.456520	1.520696	-0.431473	0.087054	0.254477	0.347522	-0.036749	0.536579	1.238801	-0.269183	-0.384547	-0.156060	-0.091322	-0.371296	-1.113466	-1.105924	0.107949	0.491236	-0.286488	-0.364534	-1.266934	-0.225441	0.402596	0.253327	2.324519	-0.414621	-0.316834	-0.155388	-0.186744	0.753304	-0.466251	-1.077469	0.171723	0.065562	
#
#Initial proj_EM
-24.070855
-23.861001
-23.764226
-23.706705
-23.668179
-23.640408
-23.619353
-23.602791
-23.589392
-23.578308
-23.568972
-23.560989
-23.554075
-23.548021
-23.542668
-23.537896
-23.533609
-23.529733
-23.526208
-23.522985
-23.520023
-23.517290
-23.514758
-23.512405
-23.510209
-23.508154
-23.506226
-23.504413
-23.502703
-23.501087
-23.499556
-23.498103
-23.496722
-23.495408
-23.494153
-23.492955
-23.491809
-23.490711
-23.489658
-23.488647
-23.487675
-23.486739
-23.485838
-23.484969
-23.484130
-23.483319
-23.482535
-23.481776
-23.481041
-23.480328
-23.479637
-23.478965
-23.478312
-23.477678
-23.477060
-23.476459
-23.475872
-23.475300
-23.474741
-23.474196
-23.473662
-23.473140
-23.472629
-23.472128
-23.471637
-23.471154
-23.470680
-23.470215
-23.469756
-23.469305
-23.468860
-23.468421
-23.467988
-23.467560
-23.467136
-23.466717
-23.466301
-23.465889
-23.465480
-23.465073
-23.464668
-23.464264
-23.463862
-23.463461
-23.463059
-23.462658
-23.462255
-23.461852
-23.461447
-23.461039
-23.460629
-23.460216
-23.459799
-23.459377
-23.458950
-23.458518
-23.458080
-23.457634
-23.457181
-23.456720
-23.456250
-23.455770
-23.455279
-23.454778
-23.454265
-23.453738
-23.453199
-23.452645
-23.452076
-23.451492
-23.450891
-23.450274
-23.449639
-23.448986
-23.448314
-23.447624
-23.446915
-23.446186
-23.445438
-23.444670
-23.443883
-23.443077
-23.442251
-23.441407
-23.440543
-23.439660
-23.438759
-23.437839
-23.436899
-23.435941
-23.434962
-23.433963
-23.432941
-23.431897
-23.430827
-23.429729
-23.428601
-23.427440
-23.426243
-23.425007
-23.423732
-23.422420
-23.421073
-23.419702
-23.418319
-23.416944
-23.415598
-23.414305
-23.413086
-23.411958
-23.410932
-23.410013
-23.409199
-23.408485
-23.407861
-23.407318
-23.406844
-23.406429
-23.406064
-23.405739
-23.405450
-23.405188
-23.404951
-23.404734
-23.404533
-23.404347
-23.404174
-23.404011
-23.403859
-23.403714
-23.403578
-23.403448
-23.403325
-23.403207
-23.403095
-23.402987
-23.402884
-23.402786
-23.402691
-23.402600
-23.402512
-23.402428
-23.402347
-23.402268
-23.402193
-23.402120
-23.402049
-23.401981
-23.401915
-23.401851
-23.401789
-23.401729
-23.401671
-23.401614
-23.401559
-23.401506
-23.401454
-23.401404
-23.401355
-23.401308
-23.401262
-23.401217
-23.401173
-23.401130
-23.401089
-23.401049
-23.401009
-23.400971
-23.400934
-23.400897
-23.400862
-23.400827
-23.400794
-23.400761
-23.400729
-23.400698
-23.400667
-23.400638
-23.400609
-23.400581
-23.400553
-23.400526
-23.400500
-23.400475
-23.400450
-23.400425
-23.400402
-23.400379
-23.400356
-23.400334
-23.400312
-23.400292
-23.400271
-23.400251
-23.400232
-23.400213
-23.400194
-23.400176
-23.400158
-23.400141
-23.400124
-23.400108
-23.400092
-23.400076
-23.400061
-23.400046
-23.400031
-23.400017
-23.400003
-23.399989
-23.399976
-23.399963
-23.399950
-23.399938
-23.399925
-23.399914
-23.399902
-23.399891
-23.399879
-23.399869
-23.399858
-23.399848
-23.399837
-23.399827
-23.399818
-23.399808
-23.399799
-23.399790
-23.399781
-23.399772
-23.399764
-23.399755
-23.399747
-23.399739
-23.399731
-23.399723
-23.399716
-23.399708
-23.399701
-23.399694
-23.399687
-23.399680
-23.399673
-23.399667
-23.399660
-23.399654
-23.399648
-23.399642
-23.399636
-23.399630
-23.399624
-23.399619
-23.399613
-23.399608
-23.399602
-23.399597
-23.399592
-23.399587
-23.399582
-23.399577
-23.399572
-23.399568
-23.399563
-23.399558
-23.399554
-23.399550
-23.399545
-23.399541
-23.399537
-23.399533
-23.399529
-23.399525
-23.399521
-23.399517
-23.399514
-23.399510
-23.399506
-23.399503
-23.399499
-23.399496
-23.399492
-23.399489
-23.399486
-23.399483
-23.399480
-23.399476
-23.399473
-23.399470
-23.399467
-23.399464
-23.399462
-23.399459
-23.399456
-23.399453
-23.399451
-23.399448
-23.399445
-23.399443
-23.399440
-23.399438
-23.399435
-23.399433
-23.399431
-23.399428
-23.399426
-23.399424
-23.399421
-23.399419
-23.399417
-23.399415
-23.399413
-23.399411
-23.399409
-23.399407
-23.399405
-23.399403
-23.399401
-23.399399
-23.399397
-23.399395
-23.399393
-23.399392
-23.399390
-23.399388
-23.399386
-23.399385
-23.399383
-23.399381
-23.399380
-23.399378
-23.399377
-23.399375
-23.399374
-23.399372
-23.399371
-23.399369
-23.399368
-23.399366
-23.399365
-23.399363
-23.399362
-23.399361
-23.399359
-23.399358
-23.399357
-23.399356
-23.399354
-23.399353
-23.399352
-23.399351
-23.399349
-23.399348
-23.399347
-23.399346
-23.399345
-23.399344
-23.399343
-23.399341
-23.399340
-23.399339
-23.399338
-23.399337
-23.399336
-23.399335
-23.399334

Partition coefficient 	=	0.943395
AIC 			=	40489.257607
MDL 			=	24137.992342

#Final model parameters obtained:

#Gaussian 0
#amp	=	0.875189
#mean	=	0.047392	0.096711	0.101833	-0.306013	-0.085898	0.239763	0.519075	0.016856	-0.009495	0.064448
#covar	=	9.259218	1.018631	3.274380	0.547003	1.188327	0.711625	2.541988	0.346006	0.128716	0.306789	0.072858	-0.113201	-0.447488	-0.325488	-0.194377	0.464184	0.145994	0.213682	-0.148433	0.392764	0.417263	-0.502348	0.193082	0.705408	-0.249681	-0.018037	-0.037746	0.172569	-0.302478	-0.271132	0.598862	-0.172487	-0.035841	-0.067178	-0.168212	0.423938	0.821895	-0.271257	0.011173	-0.023410	0.140876	0.102146	0.040620	0.064050	-0.008320	1.028306	-0.334371	0.042045	0.001779	-0.753269	0.066611	-0.127592	0.000201	0.031398	-0.030082	
#
#Gaussian 1
#amp	=	0.124811
#mean	=	-0.406993	-1.365987	-0.346801	2.161950	0.457242	-1.482314	1.798090	-0.336809	-0.736107	0.721787
#covar	=	26.910197	29.205300	15.577635	9.307388	13.085684	4.942333	6.766107	9.196430	5.242805	2.558047	0.733816	1.964706	4.650437	3.991232	0.509058	-3.288700	-3.046117	-2.278405	2.110561	-3.116895	-2.669117	4.750051	1.548908	-0.661060	1.880883	-0.346764	2.780971	-0.412125	2.604800	2.064700	-1.745570	1.219825	-0.632785	-0.263996	0.653622	-1.289383	-1.482309	-0.596199	1.188003	-1.456570	-0.768323	-2.339247	-0.381627	1.170618	-0.150136	2.284066	1.127287	-1.980398	0.399070	0.862067	0.742779	-0.548392	-2.104711	-0.745662	0.004564	
#
#----------------------------------
#
#Fri Aug 26 08:59:11 2022

#----------------------------------
#
#Using 3 Gaussians and w = 0.698335

#
#Initial model parameters used:

#Gaussian 0
#amp	=	0.745572
#mean	=	0.195518	0.170021	0.112717	-0.590625	-0.111620	-0.110071	-0.818449	0.360574	0.218563	-0.060050
#covar	=	17.648855	9.954661	7.184391	3.873267	3.986192	2.987193	1.234925	2.163033	2.366603	2.000306	0.147524	-0.390298	-0.945230	0.111937	-0.094481	0.326751	0.554980	0.070454	-0.098745	0.194434	0.753155	-0.584017	-0.539003	0.101707	0.001363	-0.118197	-0.121945	0.092969	-0.249659	-0.405468	0.147204	0.047361	0.015609	0.065748	-0.174230	0.339943	-0.945259	0.421055	-0.019070	-0.004971	0.163163	0.145594	0.207944	-0.096815	-0.115746	-0.977219	0.235352	0.155645	0.066201	0.690314	-0.032570	0.067671	0.294510	-0.021095	0.001087	
#
#Gaussian 1
#amp	=	0.114931
#mean	=	0.226155	0.754618	0.477924	1.245385	0.024242	2.099978	3.814632	-1.427971	0.290557	-0.140708
#covar	=	13.443895	8.711493	5.875096	4.242013	4.645052	3.193467	1.891398	2.417973	2.436620	2.481561	-0.395146	0.531447	-0.795515	-2.150842	-0.189774	1.293787	-0.285895	-0.323882	0.307812	-0.425190	-0.366582	0.086346	-1.208914	0.170065	-0.085265	0.030223	-0.436723	-0.029566	-1.202488	-0.562196	0.874227	-0.622570	0.297981	0.222416	0.092376	0.593729	-0.386118	0.723796	-0.348739	0.094581	-0.082949	0.188733	0.320045	0.297755	-0.191111	-0.899822	-0.107732	0.123052	-0.030153	0.102562	-0.358772	0.360126	-0.003226	-0.126787	0.070542	
#
#Gaussian 2
#amp	=	0.139497
#mean	=	-1.166156	-0.283277	-0.331341	1.606250	0.707376	-1.614566	0.113806	-0.092829	-0.488570	0.368779
#covar	=	40.036714	35.235003	19.415526	14.430420	14.349347	9.678360	7.392128	12.846043	7.407310	5.010672	-1.111533	1.054938	7.965675	2.110832	-1.497768	-2.535121	-2.949634	-0.961995	0.793182	-1.182307	-3.505929	3.336997	2.213876	-2.279387	0.596814	0.089171	1.258089	-0.074878	2.617160	1.334750	-2.478301	0.574092	-0.736893	-0.320876	-0.658350	-2.214843	-1.310225	-0.094217	1.565826	-0.688892	0.230781	-1.578610	-1.065787	0.742316	0.482205	-0.933361	1.363736	-2.096219	0.474555	2.301731	0.568165	-0.520814	-1.696130	0.201621	0.220076	
#
#Initial proj_EM
-23.922763
-23.712332
-23.614856
-23.556451
-23.517131
-23.488735
-23.467219
-23.450327
-23.436691
-23.425437
-23.415977
-23.407903
-23.400922
-23.394817
-23.389426
-23.384624
-23.380313
-23.376415
-23.372867
-23.369618
-23.366627
-23.363858
-23.361284
-23.358880
-23.356626
-23.354507
-23.352509
-23.350622
-23.348837
-23.347147
-23.345545
-23.344026
-23.342583
-23.341211
-23.339908
-23.338669
-23.337491
-23.336371
-23.335308
-23.334297
-23.333337
-23.332424
-23.331557
-23.330732
-23.329946
-23.329198
-23.328484
-23.327804
-23.327154
-23.326532
-23.325938
-23.325369
-23.324824
-23.324301
-23.323800
-23.323318
-23.322855
-23.322410
-23.321983
-23.321571
-23.321174
-23.320791
-23.320423
-23.320067
-23.319724
-23.319392
-23.319072
-23.318762
-23.318463
-23.318173
-23.317893
-23.317621
-23.317358
-23.317104
-23.316857
-23.316618
-23.316385
-23.316160
-23.315942
-23.315729
-23.315523
-23.315323
-23.315129
-23.314940
-23.314756
-23.314577
-23.314403
-23.314234
-23.314069
-23.313909
-23.313753
-23.313601
-23.313453
-23.313309
-23.313168
-23.313032
-23.312898
-23.312768
-23.312641
-23.312517
-23.312396
-23.312278
-23.312163
-23.312051
-23.311941
-23.311834
-23.311730
-23.311628
-23.311528
-23.311431
-23.311335
-23.311242
-23.311151
-23.311062
-23.310975
-23.310890
-23.310807
-23.310726
-23.310646
-23.310569
-23.310492
-23.310418
-23.310345
-23.310274
-23.310204
-23.310135
-23.310068
-23.310003
-23.309939
-23.309876
-23.309814
-23.309754
-23.309695
-23.309637
-23.309580
-23.309524
-23.309470
-23.309416
-23.309364
-23.309313
-23.309262
-23.309213
-23.309165
-23.309117
-23.309071
-23.309025
-23.308980
-23.308936
-23.308893
-23.308851
-23.308810
-23.308769
-23.308729
-23.308690
-23.308651
-23.308614
-23.308577
-23.308540
-23.308505
-23.308470
-23.308435
-23.308401
-23.308368
-23.308336
-23.308304
-23.308272
-23.308242
-23.308211
-23.308182
-23.308152
-23.308124
-23.308095
-23.308068
-23.308040
-23.308014
-23.307987
-23.307962
-23.307936
-23.307911
-23.307887
-23.307863
-23.307839
-23.307816
-23.307793
-23.307770
-23.307748
-23.307727
-23.307705
-23.307684
-23.307664
-23.307643
-23.307623
-23.307604
-23.307584
-23.307565
-23.307547
-23.307528
-23.307510
-23.307493
-23.307475
-23.307458
-23.307441
-23.307424
-23.307408
-23.307392
-23.307376
-23.307361
-23.307345
-23.307330
-23.307315
-23.307301
-23.307286
-23.307272
-23.307258
-23.307244
-23.307231
-23.307218
-23.307205
-23.307192
-23.307179
-23.307167
-23.307154
-23.307142
-23.307130
-23.307119
-23.307107
-23.307096
-23.307085
-23.307074
-23.307063
-23.307052
-23.307041
-23.307031
-23.307021
-23.307011
-23.307001
-23.306991
-23.306982
-23.306972
-23.306963
-23.306954
-23.306945
-23.306936
-23.306927
-23.306918
-23.306910
-23.306901
-23.306893
-23.306885
-23.306877
-23.306869
-23.306861
-23.306853
-23.306846
-23.306838
-23.306831
-23.306823
-23.306816
-23.306809
-23.306802
-23.306795
-23.306788
-23.306782
-23.306775
-23.306768
-23.306762
-23.306756
-23.306749
-23.306743
-23.306737
-23.306731
-23.306725
-23.306719
-23.306713
-23.306708
-23.306702
-23.306696
-23.306691
-23.306685
-23.306680
-23.306675
-23.306669
-23.306664
-23.306659
-23.306654
-23.306649
-23.306644
-23.306639
-23.306634
-23.306629
-23.306625
-23.306620
-23.306615
-23.306611
-23.306606
-23.306602
-23.306597
-23.306593
-23.306588
-23.306584
-23.306580
-23.306575
-23.306571
-23.306567
-23.306563
-23.306559
-23.306555
-23.306551
-23.306547
-23.306543
-23.306539
-23.306535
-23.306531
-23.306527
-23.306523
-23.306519
-23.306516
-23.306512
-23.306508
-23.306504
-23.306501
-23.306497
-23.306493
-23.306490
-23.306486
-23.306482
-23.306479
-23.306475
-23.306472
-23.306468
-23.306465
-23.306461
-23.306458
-23.306454
-23.306451
-23.306447
-23.306444
-23.306440
-23.306437
-23.306433
-23.306430
-23.306426
-23.306423
-23.306420
-23.306416
-23.306413
-23.306409
-23.306406
-23.306403
-23.306399
-23.306396
-23.306392
-23.306389
-23.306386
-23.306382
-23.306379
-23.306376
-23.306372
-23.306369
-23.306366
-23.306362
-23.306359
-23.306356
-23.306352
-23.306349
-23.306346
-23.306342
-23.306339
-23.306336
-23.306333
-23.306329
-23.306326
-23.306323
-23.306320
-23.306317
-23.306314
-23.306310
-23.306307
-23.306304
-23.306301
-23.306298
-23.306295
-23.306292
-23.306289
-23.306286
-23.306283
-23.306280
-23.306277
-23.306274
-23.306271
-23.306268
-23.306265
-23.306262
-23.306259
-23.306257
-23.306254
-23.306251
-23.306248
-23.306246
-23.306243
-23.306240
-23.306238
-23.306235
-23.306232
-23.306230
-23.306227
-23.306225
-23.306222
-23.306220
-23.306217
-23.306215
-23.306212
-23.306210
-23.306207
-23.306205
-23.306203
-23.306200
-23.306198
-23.306196
-23.306194
-23.306191
-23.306189
-23.306187
-23.306185
-23.306183
-23.306181
-23.306178
-23.306176
-23.306174
-23.306172
-23.306170
-23.306168
-23.306166
-23.306164
-23.306162
-23.306161
-23.306159
-23.306157
-23.306155
-23.306153
-23.306151
-23.306149
-23.306148
-23.306146
-23.306144
-23.306142
-23.306141
-23.306139
-23.306137
-23.306136
-23.306134
-23.306132
-23.306131
-23.306129
-23.306128
-23.306126
-23.306125
-23.306123
-23.306121
-23.306120
-23.306118
-23.306117
-23.306116
-23.306114
-23.306113
-23.306111
-23.306110
-23.306109
-23.306107
-23.306106
-23.306104
-23.306103
-23.306102
-23.306101
-23.306099
-23.306098
-23.306097
-23.306095
-23.306094
-23.306093
-23.306092
-23.306091
-23.306089
-23.306088
-23.306087
-23.306086
-23.306085
-23.306084
-23.306082
-23.306081
-23.306080
-23.306079
-23.306078
-23.306077
-23.306076
-23.306075
-23.306074
-23.306073
-23.306072
-23.306071
-23.306070
-23.306069

Partition coefficient 	=	0.885160
AIC 			=	40497.214041
MDL 			=	24237.161907

#Final model parameters obtained:

#Gaussian 0
#amp	=	0.751624
#mean	=	-0.034957	-0.101177	-0.002457	-0.598288	-0.059327	-0.131610	-0.557686	0.321147	-0.036223	0.114263
#covar	=	9.702564	1.145880	3.481800	0.215014	1.049311	0.144876	0.144621	0.101417	0.138014	0.275911	-0.070577	-0.420572	-0.557375	0.329580	-0.005604	0.273505	0.203315	0.214602	-0.115390	0.068487	0.214386	-0.359366	-0.050087	-0.059569	-0.001344	-0.030185	0.051879	0.024496	-0.073720	-0.295076	0.025472	-0.060152	-0.057007	-0.026051	-0.164455	0.008770	-0.043893	-0.003865	-0.018180	0.029882	0.029851	0.067460	0.064259	0.069479	-0.108031	-0.010855	0.008518	0.005023	0.029624	0.007432	0.008114	-0.020115	0.019662	-0.011320	-0.042050	
#
#Gaussian 1
#amp	=	0.140504
#mean	=	0.479267	1.003791	0.879667	1.324346	-0.355366	1.841882	3.776164	-1.268783	0.085968	-0.082998
#covar	=	8.527478	1.169377	2.974830	1.339503	3.060940	1.259374	0.781388	0.753616	0.368391	0.769807	0.618275	2.398774	0.004344	-4.373858	-1.537370	0.609827	0.129345	-0.080806	-0.218895	0.342363	-0.301224	-0.542730	-0.778549	-0.033956	0.059627	-0.161999	-0.442827	-0.017158	-1.773673	-1.207591	0.745232	-0.068586	-0.138338	0.281338	0.061528	0.153905	0.050532	0.664966	-0.091459	0.170760	1.039669	-0.170436	-0.080039	0.015801	0.203933	-0.292153	-0.117639	0.200037	0.242050	-0.144512	-0.235326	0.257372	-0.040829	-0.107818	0.001785	
#
#Gaussian 2
#amp	=	0.107872
#mean	=	-0.492253	-1.413346	-0.694090	2.199488	0.708432	-1.775116	1.586125	-0.256558	-0.778023	0.666115
#covar	=	27.638473	32.316815	15.284436	9.695262	13.137938	4.416227	6.619057	10.200697	5.805194	2.766890	0.690702	0.916919	4.768040	6.041274	0.104843	-4.574463	-3.013307	-2.486563	2.418198	-3.083219	-3.367817	5.360289	1.616716	-1.504602	2.126286	-0.015457	3.248519	-0.318666	4.073857	1.362931	-4.180425	2.085162	-0.964851	-0.695911	0.381097	-1.883396	-2.100164	-0.908353	1.509597	-1.693626	-0.283191	-1.948287	-0.785270	1.467351	-0.018093	1.010652	1.787441	-2.288777	0.140095	1.493414	1.483913	-1.285311	-2.295506	-0.607689	-0.016361	
#
#----------------------------------
#
#Fri Aug 26 08:59:34 2022

#----------------------------------
#
#Using 2 Gaussians and w = 0.698335

#
#Initial model parameters used:

#Gaussian 0
#amp	=	0.719838
#mean	=	0.292037	0.126554	0.124728	-0.619585	-0.125677	-0.092556	-0.830553	0.332720	0.228717	-0.057003
#covar	=	17.014797	9.873212	7.128562	3.770706	3.939212	2.904210	1.192122	2.087313	2.342361	1.993414	0.241790	-0.621181	-0.993834	0.128155	-0.019718	0.363208	0.740104	0.028769	-0.102897	0.261767	0.810065	-0.595649	-0.580425	0.091422	-0.015276	-0.113011	-0.141001	0.086108	-0.194758	-0.470608	0.201870	0.110336	0.032746	0.042190	-0.134341	0.374751	-0.901238	0.437272	0.017899	0.017884	0.129876	0.150481	0.209195	-0.108301	-0.122757	-0.983077	0.192667	0.144605	0.055094	0.672779	-0.023359	0.065019	0.316555	-0.024768	-0.006781	
#
#Gaussian 1
#amp	=	0.280162
#mean	=	-0.717907	0.295818	0.010570	1.330832	0.388026	0.002443	1.577467	-0.527332	-0.130086	0.112554
#covar	=	28.765586	22.463284	13.022903	9.636422	9.628573	9.733955	8.177717	8.405695	5.096747	3.778769	-0.503836	1.510039	3.973843	0.043591	0.121865	0.822467	-2.529829	-0.338926	0.387957	-0.716260	-2.273570	1.456520	1.520696	-0.431473	0.087054	0.254477	0.347522	-0.036749	0.536579	1.238801	-0.269183	-0.384547	-0.156060	-0.091322	-0.371296	-1.113466	-1.105924	0.107949	0.491236	-0.286488	-0.364534	-1.266934	-0.225441	0.402596	0.253327	2.324519	-0.414621	-0.316834	-0.155388	-0.186744	0.753304	-0.466251	-1.077469	0.171723	0.065562	
#
#Initial proj_EM
-24.070855
-23.861001
-23.764226
-23.706705
-23.668179
-23.640408
-23.619353
-23.602791
-23.589392
-23.578308
-23.568972
-23.560989
-23.554075
-23.548021
-23.542668
-23.537896
-23.533609
-23.529733
-23.526208
-23.522985
-23.520023
-23.517290
-23.514758
-23.512405
-23.510209
-23.508154
-23.506226
-23.504413
-23.502703
-23.501087
-23.499556
-23.498103
-23.496722
-23.495408
-23.494153
-23.492955
-23.491809
-23.490711
-23.489658
-23.488647
-23.487675
-23.486739
-23.485838
-23.484969
-23.484130
-23.483319
-23.482535
-23.481776
-23.481041
-23.480328
-23.479637
-23.478965
-23.478312
-23.477678
-23.477060
-23.476459
-23.475872
-23.475300
-23.474741
-23.474196
-23.473662
-23.473140
-23.472629
-23.472128
-23.471637
-23.471154
-23.470680
-23.470215
-23.469756
-23.469305
-23.468860
-23.468421
-23.467988
-23.467560
-23.467136
-23.466717
-23.466301
-23.465889
-23.465480
-23.465073
-23.464668
-23.464264
-23.463862
-23.463461
-23.463059
-23.462658
-23.462255
-23.461852
-23.461447
-23.461039
-23.460629
-23.460216
-23.459799
-23.459377
-23.458950
-23.458518
-23.458080
-23.457634
-23.457181
-23.456720
-23.456250
-23.455770
-23.455279
-23.454778
-23.454265
-23.453738
-23.453199
-23.452645
-23.452076
-23.451492
-23.450891
-23.450274
-23.449639
-23.448986
-23.448314
-23.447624
-23.446915
-23.446186
-23.445438
-23.444670
-23.443883
-23.443077
-23.442251
-23.441407
-23.440543
-23.439660
-23.438759
-23.437839
-23.436899
-23.435941
-23.434962
-23.433963
-23.432941
-23.431897
-23.430827
-23.429729
-23.428601
-23.427440
-23.426243
-23.425007
-23.423732
-23.422420
-23.421073
-23.419702
-23.418319
-23.416944
-23.415598
-23.414305
-23.413086
-23.411958
-23.410932
-23.410013
-23.409199
-23.408485
-23.407861
-23.407318
-23.406844
-23.406429
-23.406064
-23.405739
-23.405450
-23.405188
-23.404951
-23.404734
-23.404533
-23.404347
-23.404174
-23.404011
-23.403859
-23.403714
-23.403578
-23.403448
-23.403325
-23.403207
-23.403095
-23.402987
-23.402884
-23.402786
-23.402691
-23.402600
-23.402512
-23.402428
-23.402347
-23.402268
-23.402193
-23.402120
-23.402049
-23.401981
-23.401915
-23.401851
-23.401789
-23.401729
-23.401671
-23.401614
-23.401559
-23.401506
-23.401454
-23.401404
-23.401355
-23.401308
-23.401262
-23.401217
-23.401173
-23.401130
-23.401089
-23.401049
-23.401009
-23.400971
-23.400934
-23.400897
-23.400862
-23.400827
-23.400794
-23.400761
-23.400729
-23.400698
-23.400667
-23.400638
-23.400609
-23.400581
-23.400553
-23.400526
-23.400500
-23.400475
-23.400450
-23.400425
-23.400402
-23.400379
-23.400356
-23.400334
-23.400312
-23.400292
-23.400271
-23.400251
-23.400232
-23.400213
-23.400194
-23.400176
-23.400158
-23.400141
-23.400124
-23.400108
-23.400092
-23.400076
-23.400061
-23.400046
-23.400031
-23.400017
-23.400003
-23.399989
-23.399976
-23.399963
-23.399950
-23.399938
-23.399925
-23.399914
-23.399902
-23.399891
-23.399879
-23.399869
-23.399858
-23.399848
-23.399837
-23.399827
-23.399818
-23.399808
-23.399799
-23.399790
-23.399781
-23.399772
-23.399764
-23.399755
-23.399747
-23.399739
-23.399731
-23.399723
-23.399716
-23.399708
-23.399701
-23.399694
-23.399687
-23.399680
-23.399673
-23.399667
-23.399660
-23.399654
-23.399648
-23.399642
-23.399636
-23.399630
-23.399624
-23.399619
-23.399613
-23.399608
-23.399602
-23.399597
-23.399592
-23.399587
-23.399582
-23.399577
-23.399572
-23.399568
-23.399563
-23.399558
-23.399554
-23.399550
-23.399545
-23.399541
-23.399537
-23.399533
-23.399529
-23.399525
-23.399521
-23.399517
-23.399514
-23.399510
-23.399506
-23.399503
-23.399499
-23.399496
-23.399492
-23.399489
-23.399486
-23.399483
-23.399480
-23.399476
-23.399473
-23.399470
-23.399467
-23.399464
-23.399462
-23.399459
-23.399456
-23.399453
-23.399451
-23.399448
-23.399445
-23.399443
-23.399440
-23.399438
-23.399435
-23.399433
-23.399431
-23.399428
-23.399426
-23.399424
-23.399421
-23.399419
-23.399417
-23.399415
-23.399413
-23.399411
-23.399409
-23.399407
-23.399405
-23.399403
-23.399401
-23.399399
-23.399397
-23.399395
-23.399393
-23.399392
-23.399390
-23.399388
-23.399386
-23.399385
-23.399383
-23.399381
-23.399380
-23.399378
-23.399377
-23.399375
-23.399374
-23.399372
-23.399371
-23.399369
-23.399368
-23.399366
-23.399365
-23.399363
-23.399362
-23.399361
-23.399359
-23.399358
-23.399357
-23.399356
-23.399354
-23.399353
-23.399352
-23.399351
-23.399349
-23.399348
-23.399347
-23.399346
-23.399345
-23.399344
-23.399343
-23.399341
-23.399340
-23.399339
-23.399338
-23.399337
-23.399336
-23.399335
-23.399334

Partition coefficient 	=	0.943395
AIC 			=	40489.257607
MDL 			=	24137.992342

#Final model parameters obtained:

#Gaussian 0
#amp	=	0.875189
#mean	=	0.047392	0.096711	0.101833	-0.306013	-0.085898	0.239763	0.519075	0.016856	-0.009495	0.064448
#covar	=	9.259218	1.018631	3.274380	0.547003	1.188327	0.711625	2.541988	0.346006	0.128716	0.306789	0.072858	-0.113201	-0.447488	-0.325488	-0.194377	0.464184	0.145994	0.213682	-0.148433	0.392764	0.417263	-0.502348	0.193082	0.705408	-0.249681	-0.018037	-0.037746	0.172569	-0.302478	-0.271132	0.598862	-0.172487	-0.035841	-0.067178	-0.168212	0.423938	0.821895	-0.271257	0.011173	-0.023410	0.140876	0.102146	0.040620	0.064050	-0.008320	1.028306	-0.334371	0.042045	0.001779	-0.753269	0.066611	-0.127592	0.000201	0.031398	-0.030082	
#
#Gaussian 1
#amp	=	0.124811
#mean	=	-0.406993	-1.365987	-0.346801	2.161950	0.457242	-1.482314	1.798090	-0.336809	-0.736107	0.721787
#covar	=	26.910197	29.205300	15.577635	9.307388	13.085684	4.942333	6.766107	9.196430	5.242805	2.558047	0.733816	1.964706	4.650437	3.991232	0.509058	-3.288700	-3.046117	-2.278405	2.110561	-3.116895	-2.669117	4.750051	1.548908	-0.661060	1.880883	-0.346764	2.780971	-0.412125	2.604800	2.064700	-1.745570	1.219825	-0.632785	-0.263996	0.653622	-1.289383	-1.482309	-0.596199	1.188003	-1.456570	-0.768323	-2.339247	-0.381627	1.170618	-0.150136	2.284066	1.127287	-1.980398	0.399070	0.862067	0.742779	-0.548392	-2.104711	-0.745662	0.004564	
#
#----------------------------------
#
#Fri Aug 26 09:05:49 2022

#----------------------------------
#
#Using 1 Gaussians and w = 0.135923

#
#Initial model parameters used:

#Gaussian 0
#amp	=	1.000000
#mean	=	0.009089	0.173975	0.092746	-0.073153	0.018243	-0.065941	-0.155917	0.091766	0.128194	-0.009500
#covar	=	20.512622	13.406248	8.782560	6.181239	5.586373	4.819464	4.318621	4.006656	3.139998	2.499400	-0.001581	-0.000843	0.000665	-0.000166	0.000599	0.001417	-0.000834	-0.001165	0.000086	-0.016135	0.012727	-0.003174	0.011472	0.027126	-0.015965	-0.022303	0.001653	0.006785	-0.001692	0.006116	0.014461	-0.008511	-0.011889	0.000881	0.001335	-0.004824	-0.011406	0.006713	0.009378	-0.000695	0.001203	0.002844	-0.001674	-0.002339	0.000173	-0.010281	0.006051	0.008453	-0.000626	0.014308	0.019988	-0.001481	-0.011764	0.000872	0.001218	
#
#Initial proj_EM
-23.480970
-23.354783
-23.328677
-23.322458
-23.320858
-23.320429
-23.320314
-23.320284
-23.320277
-23.320276

Partition coefficient 	=	1.000000
AIC 			=	40185.593970
MDL 			=	23863.914379

#Final model parameters obtained:

#Gaussian 0
#amp	=	1.000000
#mean	=	0.015219	0.201031	0.096181	-0.051495	0.007605	-0.082624	-0.252353	0.089164	0.140566	-0.032227
#covar	=	16.124250	9.040181	6.380355	4.033463	3.983221	3.283460	2.661266	2.829070	2.331453	1.887596	0.133240	0.125304	0.087477	-0.074610	-0.139658	-0.119686	-0.120929	-0.003785	0.003648	0.036728	-0.082090	-0.097790	0.095216	0.004148	0.042757	-0.008194	-0.103718	-0.010693	-0.092849	-0.042111	-0.082611	-0.020461	0.050402	-0.034651	-0.069739	-0.098031	-0.069124	0.101021	0.031674	-0.034188	0.000625	-0.135152	-0.023356	-0.027158	-0.048158	-0.053590	0.140651	-0.000569	0.042602	0.089466	0.065160	0.093489	-0.064336	0.048720	0.056417	
#
#----------------------------------
#
#Fri Aug 26 09:05:53 2022

#----------------------------------
#
#Using 2 Gaussians and w = 0.135923

#
#Initial model parameters used:

#Gaussian 0
#amp	=	0.719838
#mean	=	0.292037	0.126554	0.124728	-0.619585	-0.125677	-0.092556	-0.830553	0.332720	0.228717	-0.057003
#covar	=	17.014797	9.873212	7.128562	3.770706	3.939212	2.904210	1.192122	2.087313	2.342361	1.993414	0.241790	-0.621181	-0.993834	0.128155	-0.019718	0.363208	0.740104	0.028769	-0.102897	0.261767	0.810065	-0.595649	-0.580425	0.091422	-0.015276	-0.113011	-0.141001	0.086108	-0.194758	-0.470608	0.201870	0.110336	0.032746	0.042190	-0.134341	0.374751	-0.901238	0.437272	0.017899	0.017884	0.129876	0.150481	0.209195	-0.108301	-0.122757	-0.983077	0.192667	0.144605	0.055094	0.672779	-0.023359	0.065019	0.316555	-0.024768	-0.006781	
#
#Gaussian 1
#amp	=	0.280162
#mean	=	-0.717907	0.295818	0.010570	1.330832	0.388026	0.002443	1.577467	-0.527332	-0.130086	0.112554
#covar	=	28.765586	22.463284	13.022903	9.636422	9.628573	9.733955	8.177717	8.405695	5.096747	3.778769	-0.503836	1.510039	3.973843	0.043591	0.121865	0.822467	-2.529829	-0.338926	0.387957	-0.716260	-2.273570	1.456520	1.520696	-0.431473	0.087054	0.254477	0.347522	-0.036749	0.536579	1.238801	-0.269183	-0.384547	-0.156060	-0.091322	-0.371296	-1.113466	-1.105924	0.107949	0.491236	-0.286488	-0.364534	-1.266934	-0.225441	0.402596	0.253327	2.324519	-0.414621	-0.316834	-0.155388	-0.186744	0.753304	-0.466251	-1.077469	0.171723	0.065562	
#
#Initial proj_EM
-22.919325
-22.797363
-22.761193
-22.744539
-22.735300
-22.729472
-22.725415
-22.722392
-22.720029
-22.718108
-22.716498
-22.715116
-22.713909
-22.712840
-22.711885
-22.711026
-22.710249
-22.709542
-22.708897
-22.708306
-22.707763
-22.707261
-22.706797
-22.706367
-22.705966
-22.705593
-22.705244
-22.704917
-22.704610
-22.704322
-22.704051
-22.703795
-22.703553
-22.703324
-22.703107
-22.702901
-22.702706
-22.702520
-22.702343
-22.702174
-22.702013
-22.701859
-22.701712
-22.701572
-22.701437
-22.701308
-22.701184
-22.701065
-22.700950
-22.700840
-22.700735
-22.700633
-22.700535
-22.700440
-22.700349
-22.700261
-22.700176
-22.700094
-22.700014
-22.699938
-22.699864
-22.699792
-22.699722
-22.699655
-22.699590
-22.699526
-22.699465
-22.699406
-22.699348
-22.699292
-22.699238
-22.699185
-22.699134
-22.699084
-22.699036
-22.698989
-22.698943
-22.698899
-22.698855
-22.698813
-22.698772
-22.698732
-22.698694
-22.698656
-22.698619
-22.698583
-22.698548
-22.698514
-22.698481
-22.698449
-22.698417
-22.698386
-22.698356
-22.698327
-22.698298
-22.698271
-22.698243
-22.698217
-22.698191
-22.698166
-22.698141
-22.698117
-22.698093
-22.698070
-22.698048
-22.698026
-22.698004
-22.697983
-22.697963
-22.697943
-22.697923
-22.697904
-22.697885
-22.697867
-22.697849
-22.697832
-22.697814
-22.697798
-22.697781
-22.697765
-22.697750
-22.697734
-22.697719
-22.697705
-22.697690
-22.697676
-22.697662
-22.697649
-22.697636
-22.697623
-22.697610
-22.697598
-22.697585
-22.697574
-22.697562
-22.697551
-22.697539
-22.697528
-22.697518
-22.697507
-22.697497
-22.697487
-22.697477
-22.697467
-22.697458
-22.697449
-22.697439
-22.697430
-22.697422
-22.697413
-22.697405
-22.697397
-22.697388
-22.697381
-22.697373
-22.697365
-22.697358
-22.697350
-22.697343
-22.697336
-22.697329
-22.697323
-22.697316
-22.697309
-22.697303
-22.697297
-22.697291
-22.697285
-22.697279
-22.697273
-22.697267
-22.697262
-22.697256
-22.697251
-22.697246
-22.697241
-22.697236
-22.697231
-22.697226
-22.697221
-22.697216
-22.697212
-22.697207
-22.697203
-22.697198
-22.697194
-22.697190
-22.697186
-22.697182
-22.697178
-22.697174
-22.697170
-22.697167
-22.697163
-22.697159
-22.697156
-22.697152
-22.697149
-22.697146
-22.697142
-22.697139
-22.697136
-22.697133
-22.697130
-22.697127
-22.697124
-22.697121
-22.697118
-22.697116
-22.697113
-22.697110
-22.697108
-22.697105
-22.697102
-22.697100
-22.697098
-22.697095
-22.697093
-22.697090
-22.697088
-22.697086
-22.697084
-22.697082
-22.697080
-22.697078
-22.697076
-22.697074
-22.697072
-22.697070
-22.697068
-22.697066
-22.697064
-22.697062
-22.697061
-22.697059
-22.697057
-22.697056
-22.697054
-22.697052
-22.697051
-22.697049
-22.697048
-22.697046
-22.697045
-22.697043
-22.697042
-22.697041
-22.697039
-22.697038
-22.697037
-22.697035
-22.697034
-22.697033
-22.697032
-22.697030
-22.697029
-22.697028
-22.697027
-22.697026
-22.697025
-22.697024
-22.697023
-22.697022
-22.697021
-22.697020

Partition coefficient 	=	0.913924
AIC 			=	39284.085610
MDL 			=	23425.142938

#Final model parameters obtained:

#Gaussian 0
#amp	=	0.777974
#mean	=	0.229350	0.127913	0.141179	-0.544167	-0.076383	0.012932	-0.852679	0.284341	0.238241	-0.057647
#covar	=	12.885129	5.414109	4.427231	1.831664	2.246654	1.612805	0.703224	1.129170	1.558945	1.364078	0.586867	-0.490143	-0.984082	0.343059	-0.011348	0.462196	0.789918	-0.168128	0.077951	0.214146	0.549679	-0.300141	-0.424457	0.073832	-0.068383	0.087110	-0.199563	0.196854	-0.357435	-0.465480	0.141692	0.092925	0.024347	-0.069163	-0.080686	0.407417	-0.646988	0.287379	-0.038448	-0.041169	0.090636	0.158860	0.246655	-0.197540	-0.118123	-0.740506	0.044933	0.129780	0.069942	0.363368	-0.045964	0.047380	0.174964	-0.032061	-0.005825	
#
#Gaussian 1
#amp	=	0.222026
#mean	=	-0.679520	0.404529	-0.044076	1.480133	0.284650	-0.434203	1.201720	-0.456342	-0.158552	0.063200
#covar	=	25.954607	20.390689	12.789966	8.441605	9.699438	8.525420	5.942205	7.848232	4.595756	3.513263	-0.903987	2.011017	4.746095	-1.145204	-0.567007	-0.789861	-3.337103	0.194749	-0.130101	-0.567752	-2.822446	0.852208	1.696380	-0.961522	0.311510	-0.129116	0.278331	-0.237108	0.824046	1.311303	-0.324714	-0.364757	-0.016039	0.116178	-0.417461	-1.027662	-0.821431	0.120198	0.930553	-0.145251	-0.168984	-1.600170	-0.598775	0.554790	0.199868	2.665444	0.118225	-0.637009	0.024046	0.010214	0.907876	0.098956	-1.077563	0.195095	0.237779	
#
#----------------------------------
#
#Fri Aug 26 09:06:07 2022

#----------------------------------
#
#Using 3 Gaussians and w = 0.135923

#
#Initial model parameters used:

#Gaussian 0
#amp	=	0.745572
#mean	=	0.195518	0.170021	0.112717	-0.590625	-0.111620	-0.110071	-0.818449	0.360574	0.218563	-0.060050
#covar	=	17.648855	9.954661	7.184391	3.873267	3.986192	2.987193	1.234925	2.163033	2.366603	2.000306	0.147524	-0.390298	-0.945230	0.111937	-0.094481	0.326751	0.554980	0.070454	-0.098745	0.194434	0.753155	-0.584017	-0.539003	0.101707	0.001363	-0.118197	-0.121945	0.092969	-0.249659	-0.405468	0.147204	0.047361	0.015609	0.065748	-0.174230	0.339943	-0.945259	0.421055	-0.019070	-0.004971	0.163163	0.145594	0.207944	-0.096815	-0.115746	-0.977219	0.235352	0.155645	0.066201	0.690314	-0.032570	0.067671	0.294510	-0.021095	0.001087	
#
#Gaussian 1
#amp	=	0.114931
#mean	=	0.226155	0.754618	0.477924	1.245385	0.024242	2.099978	3.814632	-1.427971	0.290557	-0.140708
#covar	=	13.443895	8.711493	5.875096	4.242013	4.645052	3.193467	1.891398	2.417973	2.436620	2.481561	-0.395146	0.531447	-0.795515	-2.150842	-0.189774	1.293787	-0.285895	-0.323882	0.307812	-0.425190	-0.366582	0.086346	-1.208914	0.170065	-0.085265	0.030223	-0.436723	-0.029566	-1.202488	-0.562196	0.874227	-0.622570	0.297981	0.222416	0.092376	0.593729	-0.386118	0.723796	-0.348739	0.094581	-0.082949	0.188733	0.320045	0.297755	-0.191111	-0.899822	-0.107732	0.123052	-0.030153	0.102562	-0.358772	0.360126	-0.003226	-0.126787	0.070542	
#
#Gaussian 2
#amp	=	0.139497
#mean	=	-1.166156	-0.283277	-0.331341	1.606250	0.707376	-1.614566	0.113806	-0.092829	-0.488570	0.368779
#covar	=	40.036714	35.235003	19.415526	14.430420	14.349347	9.678360	7.392128	12.846043	7.407310	5.010672	-1.111533	1.054938	7.965675	2.110832	-1.497768	-2.535121	-2.949634	-0.961995	0.793182	-1.182307	-3.505929	3.336997	2.213876	-2.279387	0.596814	0.089171	1.258089	-0.074878	2.617160	1.334750	-2.478301	0.574092	-0.736893	-0.320876	-0.658350	-2.214843	-1.310225	-0.094217	1.565826	-0.688892	0.230781	-1.578610	-1.065787	0.742316	0.482205	-0.933361	1.363736	-2.096219	0.474555	2.301731	0.568165	-0.520814	-1.696130	0.201621	0.220076	
#
#Initial proj_EM
-22.776344
-22.647661
-22.605851
-22.585601
-22.573706
-22.565841
-22.560207
-22.555915
-22.552486
-22.549643
-22.547208
-22.545056
-22.543063
-22.541160
-22.539438
-22.537981
-22.536756
-22.535706
-22.534789
-22.533977
-22.533250
-22.532594
-22.531996
-22.531450
-22.530947
-22.530483
-22.530052
-22.529652
-22.529278
-22.528928
-22.528600
-22.528292
-22.528002
-22.527728
-22.527470
-22.527225
-22.526993
-22.526772
-22.526563
-22.526364
-22.526174
-22.525993
-22.525820
-22.525655
-22.525497
-22.525346
-22.525202
-22.525063
-22.524930
-22.524802
-22.524679
-22.524561
-22.524448
-22.524339
-22.524234
-22.524133
-22.524035
-22.523941
-22.523850
-22.523763
-22.523678
-22.523596
-22.523518
-22.523441
-22.523367
-22.523296
-22.523227
-22.523160
-22.523095
-22.523032
-22.522971
-22.522912
-22.522855
-22.522800
-22.522746
-22.522694
-22.522643
-22.522594
-22.522546
-22.522499
-22.522454
-22.522410
-22.522368
-22.522326
-22.522286
-22.522247
-22.522208
-22.522171
-22.522135
-22.522100
-22.522066
-22.522032
-22.522000
-22.521968
-22.521937
-22.521907
-22.521878
-22.521849
-22.521821
-22.521794
-22.521768
-22.521742
-22.521717
-22.521692
-22.521668
-22.521645
-22.521622
-22.521600
-22.521578
-22.521557
-22.521536
-22.521516
-22.521496
-22.521477
-22.521458
-22.521440
-22.521422
-22.521404
-22.521387
-22.521370
-22.521354
-22.521338
-22.521322
-22.521307
-22.521292
-22.521277
-22.521263
-22.521249
-22.521235
-22.521222
-22.521209
-22.521196
-22.521184
-22.521171
-22.521159
-22.521148
-22.521136
-22.521125
-22.521114
-22.521103
-22.521093
-22.521082
-22.521072
-22.521062
-22.521053
-22.521043
-22.521034
-22.521025
-22.521016
-22.521007
-22.520999
-22.520991
-22.520982
-22.520974
-22.520967
-22.520959
-22.520951
-22.520944
-22.520937
-22.520930
-22.520923
-22.520916
-22.520910
-22.520903
-22.520897
-22.520890
-22.520884
-22.520878
-22.520872
-22.520867
-22.520861
-22.520855
-22.520850
-22.520845
-22.520840
-22.520834
-22.520829
-22.520825
-22.520820
-22.520815
-22.520810
-22.520806
-22.520801
-22.520797
-22.520793
-22.520789
-22.520785
-22.520781
-22.520777
-22.520773
-22.520769
-22.520765
-22.520762
-22.520758
-22.520754
-22.520751
-22.520748
-22.520744
-22.520741
-22.520738
-22.520735
-22.520732
-22.520729
-22.520726
-22.520723
-22.520720
-22.520717
-22.520715
-22.520712
-22.520709
-22.520707
-22.520704
-22.520702
-22.520699
-22.520697
-22.520695
-22.520692
-22.520690
-22.520688
-22.520686
-22.520684
-22.520682
-22.520679
-22.520677
-22.520675
-22.520674
-22.520672
-22.520670
-22.520668
-22.520666
-22.520664
-22.520663
-22.520661
-22.520659
-22.520658
-22.520656
-22.520655
-22.520653
-22.520652
-22.520650
-22.520649
-22.520647
-22.520646
-22.520644
-22.520643
-22.520642
-22.520640
-22.520639
-22.520638
-22.520637
-22.520636
-22.520634
-22.520633
-22.520632
-22.520631
-22.520630
-22.520629
-22.520628
-22.520627
-22.520626
-22.520625

Partition coefficient 	=	0.921039
AIC 			=	39149.391919
MDL 			=	23439.936118

#Final model parameters obtained:

#Gaussian 0
#amp	=	0.781183
#mean	=	0.232778	0.177558	0.117428	-0.566745	-0.069016	-0.070029	-0.821045	0.322507	0.219960	-0.073392
#covar	=	13.391368	5.455184	4.612621	1.918494	2.435485	1.645995	0.745585	1.211159	1.547395	1.409296	0.375928	-0.304465	-0.786257	0.045928	0.005583	0.275847	0.537174	-0.064893	0.070208	0.248075	0.472588	-0.406666	-0.370195	0.085409	-0.102860	0.161354	-0.178458	0.160594	-0.442613	-0.420517	0.082311	0.024232	0.017074	-0.029919	-0.143577	0.312458	-0.672363	0.269676	-0.031680	-0.040409	0.202177	0.156319	0.229922	-0.133107	-0.086249	-0.696958	0.129451	0.074047	0.074320	0.403612	-0.031970	0.042790	0.197585	-0.039261	-0.015737	
#
#Gaussian 1
#amp	=	0.091517
#mean	=	0.145253	0.724874	0.700902	1.594645	-0.272481	2.166811	3.602390	-1.386959	0.372094	-0.177991
#covar	=	9.456750	3.346775	3.663815	2.117658	3.843584	1.538085	0.803517	1.286551	1.722570	2.033647	0.282483	1.105549	-0.224611	-3.669169	-0.651607	0.597989	-1.299739	-0.378298	-0.553311	0.179367	0.325260	-0.474541	-1.129860	-0.411481	-0.236666	0.038613	-0.255695	-0.134380	-1.283543	-1.414753	0.819262	-0.935063	0.398314	0.700829	0.347979	0.118144	-0.076256	1.109504	-0.297897	0.168883	0.667066	-0.199405	0.400940	0.599424	-0.127865	-0.424511	0.392153	0.113921	0.366911	-0.255911	-0.424007	0.468386	-0.126394	-0.219529	-0.055849	
#
#Gaussian 2
#amp	=	0.127300
#mean	=	-1.335494	-0.034059	-0.421756	1.677348	0.622122	-1.736860	-0.041884	-0.125866	-0.409543	0.302732
#covar	=	33.425083	32.401464	17.900388	11.952588	12.928628	8.059463	5.143464	11.288444	6.641617	4.324374	-1.157785	0.929529	7.619202	2.643714	-2.529874	-2.540095	-3.237507	-0.452100	0.457050	-1.559523	-4.076791	2.927050	2.391085	-1.994718	0.921510	-0.772488	0.864276	-0.443674	3.241496	1.350952	-2.522429	1.061949	-0.441759	-0.197687	-0.739806	-2.105536	-1.427822	0.075221	1.781606	-0.662152	-0.168832	-1.751534	-1.556470	0.499021	0.137757	-0.672082	1.769774	-1.870290	0.463346	2.084242	0.706003	-0.020488	-1.690407	0.408397	0.603823	
#
#----------------------------------
#
#Mon Sep  5 10:32:59 2022

#----------------------------------
#
#Using 2 Gaussians and w = 0.651418

#
#Initial model parameters used:

#Gaussian 0
#amp	=	0.791471
#mean	=	0.790732	-0.128225	-2.833071	-1.128286	-1.834625	-0.660139	1.357502	-1.835933	-0.928570	-1.755650	-0.387503	-0.099990	0.173005	-0.024901	-1.184862	-0.570845	-1.120816	-2.059138	-0.632318	0.377571
#covar	=	157.342553	139.943029	113.256061	108.956179	98.946952	81.226131	92.869001	86.452799	70.227899	57.809799	68.877030	59.565476	56.902809	27.564372	28.870184	15.365098	0.923764	2.871967	1.207939	1.822724	-7.036899	8.958258	8.363164	5.021202	-0.579467	-10.400957	-0.813360	-2.880147	10.763634	-3.630564	-6.134711	5.622449	-1.119702	0.383185	-1.294682	-0.552241	-1.155500	-2.230918	0.264669	1.941835	5.246301	5.724420	6.444520	0.668746	-6.512621	4.745138	4.165526	-1.438008	-3.463225	2.451890	-1.547975	0.847313	-2.575619	0.060794	3.328333	-5.319689	9.134121	4.002551	-1.549968	3.393477	2.706200	-8.750341	-4.126829	-4.788870	-1.907305	1.073563	3.464722	2.226903	-3.095673	0.439238	-0.156064	-3.171496	-1.192838	0.382215	-1.648226	-5.013445	-1.936436	2.241946	0.390338	-6.623712	-4.910272	0.702193	2.011932	-0.500244	-2.479864	-1.578438	-1.711730	-0.246373	-1.101757	1.213452	-9.104765	2.508688	-1.969119	2.095105	-1.954956	0.866636	1.308450	-1.411770	3.167866	-2.662284	0.299418	-0.000479	-2.603510	-0.242943	-2.010816	-6.976737	3.914903	2.331823	-0.513405	-1.305241	3.473448	-0.723329	0.857891	0.308160	1.433530	-0.562411	-1.182750	-2.313156	2.139702	0.199605	-1.590752	1.109482	-1.661012	-2.233891	0.334297	1.412614	1.085397	0.715146	-1.937549	4.171954	-0.493419	-0.069936	-2.803217	-2.739186	-3.865973	-0.684924	0.956230	2.105740	-3.222295	0.828626	-1.898451	-2.174170	-0.650272	1.275293	-6.232116	-1.418740	-2.344884	-1.757011	0.244138	-0.946925	0.253858	0.393408	-1.310783	-0.820214	-0.926258	-2.785187	4.299338	-1.761471	1.563740	-0.508598	-1.358219	-1.163168	-2.274435	1.782194	-1.020967	0.234982	0.796240	2.035831	-0.985768	1.045371	-0.427624	1.618176	0.169035	-0.039847	0.295914	0.077778	0.211738	0.521654	-1.716711	-0.801602	-1.604140	0.571121	-1.200411	0.125480	-1.449891	-1.338108	1.613954	0.547381	-0.748479	-0.568867	-6.942630	-0.483457	-0.578617	-0.839292	0.023942	-4.724171	1.896451	-1.099006	-0.560564	0.160878	-1.204996	0.164228	0.666649	-0.287581	0.089261	0.008335	-0.007140	0.299662	0.501893	-0.617627	
#
#Gaussian 1
#amp	=	0.208529
#mean	=	-7.861066	-0.752579	0.002170	1.353328	-0.779573	-2.013278	-0.911069	-1.255220	-2.226401	2.389832	-1.257759	-1.800404	1.041432	1.914844	-0.359480	2.480457	3.087449	0.598525	-1.261266	-0.873340
#covar	=	386.721264	317.497373	200.207545	219.566842	179.315317	210.752749	143.038012	119.780000	137.912732	143.919603	70.849769	78.897561	77.478805	78.476364	62.478339	98.857055	96.681705	44.836054	57.679279	50.108568	21.177298	-25.481323	-17.717542	-19.680129	-11.645924	28.240676	-1.270225	-3.783446	-16.797632	5.055459	9.431284	-13.672456	19.377277	-0.724239	26.126234	29.730486	15.270671	0.450276	-9.003107	-8.747397	-19.442956	-23.206593	-26.296594	-2.563208	22.880478	-20.137625	-14.866149	4.322804	11.741057	-8.438189	7.304291	-4.063159	11.364681	1.547327	-13.184386	18.933933	-35.142042	-27.326976	-13.842969	-19.973988	4.327703	13.473003	5.683364	-0.707397	3.075113	-5.145979	-11.292304	-8.724125	-0.990319	-7.810754	-11.466402	-10.105634	-2.269112	2.611189	-0.545751	18.926163	14.396092	-14.672791	-2.444995	14.387655	18.679642	-0.656833	-8.304809	-0.799376	4.824752	0.189500	-2.481251	-8.692962	3.180779	-1.806825	28.390867	-0.779253	-6.288925	-16.153538	-2.942062	-6.968139	-7.066025	7.374928	-10.704267	1.573886	-3.177711	-5.395884	-3.990215	-4.464189	9.580362	28.047260	-21.986149	-15.659383	2.361143	1.450910	-17.058710	5.275560	0.536597	-4.862094	-1.877393	5.542252	0.534835	4.655992	-8.933486	7.558259	8.793657	7.012072	7.155033	7.353625	-1.211395	-3.488717	1.657745	2.486750	15.941735	-4.679851	3.981623	-2.475625	1.374445	1.162479	10.394299	-0.357031	-1.116598	-5.762301	3.522540	-4.009333	3.270834	-5.345311	-3.521230	-3.305586	22.787118	1.218839	4.539181	9.597110	3.248822	-1.382208	2.547097	1.430528	-0.949570	-1.923499	2.901911	10.994852	-12.681755	5.349641	-10.677261	-5.105928	-4.576619	-10.432316	-6.518969	-7.963594	8.478185	-3.303409	-1.457809	-5.355206	1.546685	-1.687469	3.857851	-8.417499	-3.157932	-0.391894	0.817514	3.142837	-1.900526	2.269247	11.649064	3.338602	3.577752	-3.596760	2.578328	0.676141	3.294672	2.599391	-5.396974	-0.348856	3.502445	2.735496	21.547100	-4.182956	0.855441	5.540897	1.617124	16.255090	-11.128570	-4.873803	-1.169406	0.773430	-5.513127	-6.569351	-0.771752	4.075855	-10.946393	1.172541	4.329701	-5.324323	1.568672	2.148845	
#
#Initial proj_EM
-68.687388
-68.477300
-68.423007
-68.395061
-68.376611
-68.363074
-68.352526
-68.343978
-68.336860
-68.330812
-68.325593
-68.321028
-68.316992
-68.313388
-68.310143
-68.307201
-68.304515
-68.302050
-68.299778
-68.297674
-68.295718
-68.293894
-68.292188
-68.290588
-68.289083
-68.287666
-68.286327
-68.285060
-68.283860
-68.282721
-68.281637
-68.280606
-68.279623
-68.278685
-68.277788
-68.276930
-68.276109
-68.275322
-68.274567
-68.273841
-68.273144
-68.272473
-68.271828
-68.271206
-68.270607
-68.270028
-68.269470
-68.268931
-68.268410
-68.267905
-68.267418
-68.266946
-68.266488
-68.266045
-68.265615
-68.265199
-68.264794
-68.264401
-68.264020
-68.263649
-68.263288
-68.262938
-68.262597
-68.262265
-68.261942
-68.261627
-68.261321
-68.261022
-68.260731
-68.260447
-68.260169
-68.259899
-68.259635
-68.259378
-68.259126
-68.258880
-68.258640
-68.258405
-68.258176
-68.257951
-68.257732
-68.257517
-68.257307
-68.257102
-68.256901
-68.256703
-68.256510
-68.256321
-68.256136
-68.255955
-68.255777
-68.255603
-68.255432
-68.255264
-68.255100
-68.254938
-68.254780
-68.254625
-68.254472
-68.254323

Partition coefficient 	=	0.982503
AIC 			=	352502.745116
MDL 			=	198594.817388

#Final model parameters obtained:

#Gaussian 0
#amp	=	0.868963
#mean	=	0.869405	-0.234574	-1.791044	-1.109412	-1.720624	-0.841831	1.123845	-1.838270	-0.904792	-1.417036	-0.594711	-0.139174	0.259121	0.322923	-0.948384	-0.666195	-0.901830	-1.662686	-0.595209	0.271828
#covar	=	137.622562	103.964202	64.045760	93.786908	78.486364	67.625419	82.564901	80.086238	65.033584	29.781399	60.786889	51.084672	48.541262	8.766303	7.816419	3.801563	0.397522	0.754900	0.434894	0.589205	-9.286937	3.249956	13.943939	5.988649	-3.730292	-8.518869	1.348670	-3.478269	9.337437	-2.061188	-5.889975	5.314539	-2.853273	-0.629915	0.257213	-0.608458	-1.387228	-1.776381	0.264488	3.630376	9.112971	2.879688	10.438325	3.623836	-6.565220	2.897745	2.775464	-0.270865	-2.122328	1.228733	-3.199423	-0.401322	-2.090616	-0.215883	1.614640	-3.044605	5.297796	1.652527	0.064931	2.894533	5.125844	-9.583600	-4.154858	-6.087339	-3.066557	0.218240	3.684142	2.978853	-4.038421	0.846678	0.047998	-0.994405	-0.803045	-0.002610	-2.541732	-6.065375	-2.315637	0.939581	1.122915	-6.874035	-3.701488	0.465696	2.268997	2.317452	-1.287528	-1.803395	-1.708486	0.212364	-0.983145	1.226753	-9.373937	1.237122	-0.803691	4.203592	-1.167098	0.526782	1.249014	-2.132693	3.794531	-2.816537	0.014765	-0.114096	-1.911201	-0.197848	-1.459500	-6.410956	4.872762	3.230736	-2.441332	-0.835179	4.495746	-0.325457	-1.632471	-1.133502	2.358768	-0.506866	-1.911600	-1.885725	1.640083	0.947064	-0.662374	1.781635	-1.654938	-1.448281	1.618724	1.251347	2.491822	0.582696	-1.754308	3.298709	-0.565971	-0.378462	-3.919541	-3.053195	-4.402902	-1.391079	0.404035	3.647037	-4.088379	0.516133	-1.816780	-1.332124	-0.491630	1.162646	-6.232295	-1.643202	-2.361081	-1.440031	1.086095	-1.566457	-0.203449	0.169584	-1.611957	-0.959833	-1.225821	-3.496992	3.629219	-0.697708	0.114444	-0.007818	-0.496002	-0.489643	-0.926716	0.849486	-0.528634	1.266941	0.065997	1.689336	-0.563516	0.963169	-0.401485	0.837667	-0.029851	0.017525	-0.697164	0.001687	0.203903	0.456627	-1.114674	-0.623102	-1.244618	0.571589	-1.228684	0.450605	-1.061784	-1.314918	1.446192	0.474585	-0.547429	2.760625	-4.141941	0.042095	-0.511323	-0.272698	-0.214149	-3.702628	0.468087	-0.138372	-0.231407	0.037519	-0.240921	0.167047	0.225195	-0.083060	-0.044443	0.043655	-0.033136	0.080743	0.099753	-0.239082	
#
#Gaussian 1
#amp	=	0.131037
#mean	=	-13.276126	-0.382868	1.693666	3.640525	-0.151416	-1.795009	-1.905074	-0.492600	-2.958382	5.021005	-0.968531	-2.291974	1.027849	2.058369	1.432450	4.028337	4.374208	0.696727	-1.646321	-1.162336
#covar	=	454.983355	311.228221	201.423337	256.379682	226.054111	253.072802	162.599520	123.996802	163.817663	167.142853	72.136047	80.593294	85.379373	84.330675	66.995874	118.072837	141.885965	58.778734	80.812658	73.747241	50.452509	-47.809780	-43.893801	-28.614284	5.214514	30.069484	-8.736604	-13.976803	-6.172522	5.456227	7.895382	-23.365467	42.107803	2.113641	62.730891	64.420628	24.437756	-1.903875	-20.767177	-39.057655	-40.576457	-28.082306	-63.241374	-17.290333	34.682918	-19.080894	-29.381607	-1.663647	19.558691	-2.348964	14.495305	8.410803	20.537950	0.328890	-17.419110	26.245665	-54.746341	-37.143314	-23.062315	-20.155126	15.673549	20.712634	22.373190	-2.172808	2.451886	-10.265297	-23.796704	-21.066629	6.588443	-14.165342	-19.981669	-16.729108	-2.951390	6.335138	2.091890	33.586843	33.083617	-20.848600	-8.523400	23.916455	26.981093	3.400143	-15.261296	-13.544746	-4.470163	-6.735759	-9.929185	-18.374975	7.978451	-1.777886	41.914192	6.906618	-9.176627	-30.954537	-12.343000	-5.778647	-6.537470	12.492086	-23.950303	7.730255	-7.403545	-11.057581	-5.714727	-6.600531	15.605976	42.814251	-35.764717	-32.624067	10.444923	4.957091	-28.964714	2.814551	13.698825	-5.933875	-9.666011	2.699575	4.096417	7.742240	-12.092135	13.858830	10.033396	16.701951	11.218709	7.211893	-7.267224	-3.037807	6.200266	3.128423	26.319231	-9.617735	6.403985	-1.847726	17.049440	-3.382861	22.026542	5.380823	4.444684	-15.678549	1.679852	-8.314743	3.919426	-10.904480	-6.447781	-5.294466	43.719037	4.998937	12.887845	14.515560	3.993548	0.556362	5.374960	2.698973	-1.024432	-1.732515	7.738481	22.619984	-25.567240	7.328529	-14.723908	-19.450041	-12.975065	-23.672049	-8.988425	-11.040650	17.702766	-6.262852	1.044837	-10.592813	-1.505808	-3.769026	3.383593	-13.943864	-3.598345	0.244357	6.022273	1.005299	0.273970	7.523935	16.581366	3.083266	5.730141	-7.733178	7.086126	-1.894554	6.773769	5.369257	-7.586641	-0.615287	6.979157	-2.214653	39.291431	-3.710834	2.663359	10.196965	1.063418	18.934978	-21.113573	-8.715980	1.205086	2.395564	-10.903586	-8.777147	-0.249446	6.705845	-15.072587	3.096476	4.285084	-11.312030	2.573416	-2.693513	
#
#----------------------------------
#
#Mon Sep  5 10:35:19 2022

#----------------------------------
#
#Using 3 Gaussians and w = 0.651418

#
#Initial model parameters used:

#Gaussian 0
#amp	=	0.482717
#mean	=	3.870336	0.098788	-3.474245	-1.620028	-1.344638	-0.185549	1.920242	-1.038022	-0.489618	-2.670727	-0.622321	0.112870	0.155671	-0.626530	-2.531090	0.086917	-1.317109	-2.178441	-0.735876	0.466315
#covar	=	109.596515	92.394413	92.530010	77.168501	84.380716	70.781434	65.497533	75.911946	64.863232	45.209983	65.274905	58.601643	50.321403	14.262527	13.243857	8.625162	0.678339	1.873076	0.898545	1.776114	-5.731628	7.794191	23.505325	-0.076961	-4.232973	-14.360268	0.669747	-4.684181	11.652350	-5.240087	-6.379696	11.777472	-2.246335	5.381862	-2.033602	-0.124904	-1.292944	-1.277277	-0.812914	1.923482	4.597454	0.817490	6.515986	0.613875	-6.347076	4.671889	4.241728	-4.055489	-4.638063	-0.273576	1.182575	-0.752612	-1.756693	0.250003	4.351497	-5.054983	10.746953	3.112943	-2.295519	2.706906	0.413934	-6.141377	-3.386794	-5.512438	-2.150877	0.685781	4.808305	-0.769122	-3.144371	2.409048	-0.029700	-1.702770	-0.525637	0.537336	0.331074	-1.246329	-3.536004	1.945167	0.845719	-5.564389	-2.810438	-0.508642	5.199891	-1.105955	-0.766078	-0.290939	-1.317352	0.241931	-1.481796	1.730829	-5.312154	-2.796473	-3.132153	-1.192105	-4.743868	2.183006	-2.759022	-3.760551	0.672051	-4.700946	3.417175	-0.052867	-2.002452	0.352910	-1.628849	-9.573580	6.717776	6.757953	-2.946087	-0.321662	4.653615	4.103402	2.318600	2.087492	1.247632	-0.299849	-0.494326	-2.453384	2.221292	-3.872220	-10.053392	0.927144	0.545622	-1.513918	-2.422627	-0.046429	-2.248186	2.203191	-1.420483	4.009185	0.083601	0.408206	-4.795289	-2.805591	-3.170532	0.362310	-3.286050	2.185150	-2.042840	0.685020	-1.571288	-2.129974	-0.741228	1.446898	-7.081290	1.811368	-5.679159	-6.633791	-1.538862	-2.615241	0.745487	0.508230	-1.721524	-0.549511	-0.604776	-6.066070	8.835434	-1.207312	1.440997	-0.108361	-1.271773	-1.195203	-1.550588	1.231852	-0.236860	4.000484	3.750149	2.414691	-1.976203	2.609931	-0.744978	1.828703	-0.174600	-0.214223	0.268816	0.425669	-0.796773	0.109258	-2.063280	-0.904362	-1.211443	0.542570	-0.666431	1.713564	-1.971216	-1.136110	1.408829	0.471533	-0.725480	-4.085779	-0.084496	-0.692398	-0.213840	-0.529421	0.279477	0.771570	0.696528	-0.524690	-0.012948	-0.132261	-0.682229	-0.168569	0.307902	-0.314773	0.043905	0.019362	-0.021461	-0.012793	0.573073	-0.711390	
#
#Gaussian 1
#amp	=	0.395752
#mean	=	-4.998093	-0.832905	-1.306624	0.081034	-2.335576	-2.129582	0.135372	-2.562826	-1.844418	-0.085609	-0.450003	-0.647004	0.259823	0.923226	0.561389	-1.416427	-0.747574	-1.271927	-0.265881	0.177036
#covar	=	226.004936	237.839509	154.680671	171.674114	125.608323	129.336305	137.214254	107.158705	86.211040	81.652456	72.981216	62.034373	67.921181	49.577308	47.904550	25.915739	1.416617	10.361465	2.643853	2.310793	-3.857947	14.313757	-18.625262	2.384069	-1.169447	-3.426123	-12.094009	-6.568382	19.949874	2.319559	-8.552590	-4.891472	9.205753	7.902094	-7.426760	0.823366	3.735645	-1.484921	1.743598	4.771703	-2.314008	4.180414	-9.640045	2.208822	0.985182	-2.687740	4.392320	4.354663	1.343865	0.884299	-4.291904	0.577182	-5.275747	-0.727476	0.852777	-4.438260	4.035372	-0.920364	-1.592467	1.356920	7.735172	-3.630421	-5.720799	-5.391437	-2.388748	-0.314078	-0.793301	5.685804	-5.639160	0.711223	-1.410629	-5.838537	-2.284167	-0.083716	-1.597105	0.203142	0.351447	-3.052007	0.513737	-8.877385	-5.921921	1.712444	-2.923276	0.839539	-6.300954	-4.377786	-2.097552	-1.043531	-0.383047	0.656242	-7.325968	7.759372	-1.360248	9.712304	6.794185	-1.422826	4.372064	3.925230	6.089957	2.485886	-4.753708	0.511218	-2.639684	-0.134077	-2.576841	-0.906674	-11.216500	1.707922	6.697183	1.834267	-1.032132	-6.852594	-2.322666	0.117784	-0.825208	0.335754	-2.449855	-1.659925	0.834801	4.301163	9.782228	6.302791	-0.946239	-0.247427	2.756786	1.548506	10.913587	-2.899998	-2.127206	4.084438	-1.146564	-1.770958	-4.091875	3.518331	-3.409946	-2.777713	5.354543	3.443919	-0.067768	-1.102085	-1.764275	-1.118306	0.507362	0.185398	-2.375281	-4.245387	2.520609	9.108817	3.927750	4.395818	-1.307444	0.802075	-0.990224	-1.416955	-1.869093	2.556557	-2.537554	-1.824443	-3.643345	-3.855867	1.384729	-1.795895	-4.074021	2.421770	-1.870499	-4.480954	-3.272950	-0.155482	1.501299	-0.802177	-0.351265	-1.173337	-0.219870	0.222299	-0.365009	1.488251	2.570056	0.704990	-0.856906	0.972437	-1.557071	0.513431	-2.797766	-1.424332	-0.829571	-1.420828	1.087071	0.474376	-0.522398	-0.300121	-15.685018	-0.714765	-0.145042	-1.350717	0.377108	-9.523709	2.508646	-4.673957	-2.438544	1.163224	-1.794684	0.613285	1.223461	-0.488093	0.243695	-0.021821	0.093683	2.876225	0.522954	-0.330255	
#
#Gaussian 2
#amp	=	0.121531
#mean	=	-7.435898	0.193501	-0.392200	1.144965	-0.339232	-0.081898	-0.790485	-1.641745	-1.916605	3.553740	-0.744521	-2.081828	1.449231	2.605593	-0.107926	4.805684	5.664199	0.411420	-2.493439	-1.468276
#covar	=	430.944034	313.416207	208.495309	220.449825	205.787049	183.176457	141.359857	114.370309	154.043288	166.855851	74.144962	88.404310	82.108765	91.245275	69.501409	134.060386	148.344113	58.396198	91.392648	82.385532	21.692932	-48.343142	2.025867	-27.322627	-11.795708	35.001143	-1.239754	3.250566	-45.158916	9.966646	25.444750	-18.239244	22.977519	0.135700	43.606881	48.013749	8.817411	-1.647027	-17.654138	-25.283386	-10.091754	-22.601603	-0.176881	-9.864444	15.776205	-14.243869	-31.023091	1.095525	12.649822	-1.429789	11.524677	3.646503	19.351736	-1.230899	-22.735672	34.581113	-55.246135	-30.929405	-14.322696	-26.824206	-0.068350	10.342773	16.725440	3.626438	5.527445	-3.713006	-12.693072	-19.156041	-1.729055	-14.827240	-14.423419	-9.536256	-2.738055	4.750706	-3.761861	3.750645	26.126053	-1.910976	-5.501520	29.778240	27.413868	-0.275447	-11.860684	-5.599519	7.249843	10.842124	-2.700313	-11.715873	5.322925	-4.376788	27.740577	-3.142882	-8.722257	-44.185111	-16.991605	-11.036392	-8.302634	5.453864	-17.941359	1.291863	-6.771254	-12.253500	-4.619376	-7.763385	18.199871	43.267794	-8.829551	-45.712542	-12.377851	-8.335757	-19.697165	8.051384	4.508097	-6.656166	-11.633320	-5.593427	-0.451174	12.559794	-10.090244	9.123223	11.109444	-0.990013	5.270513	4.597654	0.489160	1.573207	-7.636994	4.452812	27.421977	-11.723711	7.160430	-0.649792	11.813547	-6.204866	16.153747	-0.745842	0.805071	-10.494744	2.407042	-2.704897	9.616095	-6.819378	-8.054569	-5.361233	36.964624	1.289956	6.692844	1.328226	2.642497	-5.684255	2.168841	-0.826021	-1.024978	-1.010138	7.644735	11.687893	-18.415627	7.310141	-9.507928	-13.323298	-16.008775	-23.714015	-5.500187	-11.798446	17.245817	-3.517147	-2.392964	-7.340667	-2.553554	-6.037219	3.968834	-10.385039	-2.655516	0.445916	3.615566	1.113344	-3.111515	4.251671	21.793037	-0.421224	4.461079	-6.719770	7.587853	-0.921595	4.711177	2.377567	-7.308874	0.875860	6.272477	9.500618	43.365247	-10.711062	-1.347589	11.966278	2.115855	31.930173	-22.199259	-2.226879	0.811172	0.943381	-21.659790	-8.419338	5.803308	10.551349	-17.791281	9.620472	10.967294	-15.758051	1.393058	1.756274	
#
#Initial proj_EM
-68.308591
-68.082045
-68.010115
-67.973596
-67.950648
-67.934141
-67.921338
-67.910966
-67.902309
-67.894915
-67.888489
-67.882817
-67.877736
-67.873145
-67.869025
-67.865321
-67.861952
-67.858862
-67.856011
-67.853362
-67.850869
-67.848445
-67.846082
-67.843976
-67.842052
-67.840226
-67.838434
-67.836674
-67.835080
-67.833627
-67.832260
-67.830965
-67.829732
-67.828557
-67.827434
-67.826360
-67.825331
-67.824344
-67.823397
-67.822487
-67.821611
-67.820768
-67.819955
-67.819171
-67.818414
-67.817682
-67.816973
-67.816287
-67.815622
-67.814977
-67.814350
-67.813740
-67.813146
-67.812567
-67.812001
-67.811448
-67.810906
-67.810375
-67.809852
-67.809337
-67.808830
-67.808328
-67.807833
-67.807344
-67.806861
-67.806384
-67.805913
-67.805450
-67.804994
-67.804547
-67.804107
-67.803677
-67.803254
-67.802840
-67.802435
-67.802038
-67.801649
-67.801269
-67.800897
-67.800533
-67.800177
-67.799829
-67.799488
-67.799154
-67.798828
-67.798508
-67.798196
-67.797890
-67.797590
-67.797297
-67.797009
-67.796728
-67.796451
-67.796181
-67.795915
-67.795654
-67.795397
-67.795145
-67.794897
-67.794653

Partition coefficient 	=	0.899480
AIC 			=	350770.285743
MDL 			=	198109.218869

#Final model parameters obtained:

#Gaussian 0
#amp	=	0.595899
#mean	=	4.186265	0.019397	-3.290745	-1.552522	-0.996800	-0.429386	2.508909	-0.691718	-0.034295	-1.987303	-1.497712	-0.151665	0.256682	0.066687	-1.867084	-0.105903	-1.061721	-1.713673	-0.697494	0.338995
#covar	=	85.484391	75.873023	23.263859	61.437169	63.282118	51.105313	47.921477	63.345804	57.374899	16.542131	59.104383	50.576803	40.177912	1.936507	2.008135	1.145573	0.318013	0.605209	0.406209	0.847826	-8.886490	14.034459	23.872228	-2.914876	-5.040276	-17.295805	4.529262	-7.366582	8.579805	-1.978866	-4.720531	12.512762	-0.655250	2.297340	-1.299145	-0.526094	-2.294637	-1.103496	-0.919873	1.417712	13.083750	1.550841	9.401162	2.595642	-7.161865	4.082547	4.499087	-6.303129	-3.909025	-1.763204	-1.233381	-0.816453	-0.880713	-0.155243	2.350035	-3.191425	6.670580	4.090076	-0.909305	3.519746	-2.495737	0.016982	-2.025512	-3.862483	-2.682241	1.462322	4.530083	-0.460630	-0.856088	0.938552	-0.008777	-0.596137	-0.671694	0.311670	2.529270	-4.157905	-1.110065	0.236474	-1.103882	-2.945540	-2.061656	-1.717325	3.956805	-0.760799	-1.185485	0.711186	-1.369503	0.113609	-1.638675	1.440864	-2.667141	-3.762880	-3.255777	-0.220607	-6.046885	5.621390	-2.239789	-3.918384	2.373983	-4.031008	1.043187	0.036472	-1.085430	0.177591	-1.142976	-7.108077	8.107767	6.889614	-2.709162	-1.085696	3.329563	2.962252	1.819824	0.654384	1.151450	-0.224660	-0.913414	-1.643030	1.871637	-8.717456	-13.028491	0.263463	6.596461	2.083366	-4.619139	-0.871932	1.410134	1.182712	-0.706153	3.094513	-0.117466	0.540394	-6.427631	-0.380565	-1.889278	1.590250	-4.412364	3.166759	-2.237297	-0.568265	-0.899462	-1.941122	-0.607384	1.103025	-8.666140	4.100067	-5.391624	-8.368634	-0.400803	-2.945751	-0.080287	0.857530	-1.085027	-0.459892	-0.638347	-6.403049	7.890596	0.219566	0.119843	0.879196	-1.265872	-0.446444	-0.322523	0.132547	0.367248	5.207204	3.609266	2.409011	-3.530552	3.270988	-1.027958	1.387870	-0.267043	-0.445067	1.081272	0.084873	-2.099792	0.330403	-1.575887	-0.567251	-0.926141	0.561632	-2.071243	1.093617	-0.612214	-0.863741	0.854792	0.459737	-0.564944	-0.200751	-0.157492	-0.044250	-0.237593	-0.063870	-0.023441	-0.480322	0.152506	0.080054	0.065709	-0.047877	-0.100433	0.090762	-0.017111	-0.031294	-0.029621	0.064749	-0.069082	-0.009078	0.199068	-0.357541	
#
#Gaussian 1
#amp	=	0.327520
#mean	=	-8.664648	-0.813113	1.703988	0.795761	-3.055639	-2.293352	-1.904222	-3.538078	-2.871408	0.657172	1.162825	-0.493222	0.398923	0.655268	1.029546	-1.554059	-0.600575	-1.689562	-0.353451	0.082759
#covar	=	241.692738	197.910108	133.084051	202.223198	126.292374	138.774978	154.812709	117.782714	86.408050	87.032405	60.724579	57.093156	71.789716	32.741229	34.309500	10.544127	0.531027	3.029381	0.577451	0.523555	-8.807613	9.502223	-19.140674	0.980042	-6.707257	-12.103088	-40.382855	-20.792651	24.088444	20.236160	-8.658260	-15.222863	9.884055	10.819007	-12.494322	1.650309	3.889075	-0.302328	5.234223	2.421933	-16.426489	-1.400167	-15.195794	0.265377	4.221065	-4.272128	-10.182948	13.020080	6.745030	7.077487	-7.742677	1.227182	-5.155626	-0.110743	-0.876122	-0.822636	-1.575919	-16.949906	4.450654	4.838197	31.517209	-6.731283	-0.855508	-12.592872	-10.520575	-5.892456	-4.130774	5.663156	-9.858802	3.510930	-0.735858	-3.416249	-2.774979	-0.397947	-6.947268	6.553500	6.762745	-0.034312	3.211835	-4.865288	-6.222660	3.902201	-5.111550	0.914305	-2.308917	-5.954978	-2.349709	0.061667	2.491525	2.310659	-16.635127	9.156971	1.309817	16.116260	15.687938	-5.405229	8.136751	5.304656	3.851363	7.522903	-3.691892	-0.031940	-5.828556	-1.479654	-2.068373	-0.319157	-17.023318	-0.914702	8.337614	5.502163	2.676436	-8.330919	-4.838443	-0.804242	0.650052	0.026909	-4.439347	-1.651787	0.603556	11.455044	18.260298	17.824187	-6.111620	-5.526378	10.366242	3.651935	15.983163	-5.440385	-3.222295	3.150269	0.622383	-2.646517	-5.359912	0.137580	1.033716	-8.356079	11.412357	0.992230	3.081893	-0.330114	-2.805537	-2.115518	0.560048	-0.261968	8.984740	-7.765462	4.707364	19.553376	5.668551	5.478784	-3.273327	-0.248771	-3.489649	-1.563540	-2.566180	3.759328	-12.416092	0.175895	-3.936369	-7.016320	3.678269	-1.255675	-4.451074	2.057640	-0.904716	-9.881748	-5.344795	-3.191405	-0.223866	-0.757703	0.026189	-1.834931	0.116041	1.193792	-2.583906	0.670651	3.249915	1.070750	-0.256720	1.409733	-0.825399	-0.446209	-0.282697	-1.940505	-1.299156	-1.792681	2.069860	0.597100	-0.836124	-0.069033	-13.765733	-0.173690	1.444980	-1.235786	0.503040	-9.831165	1.605409	-1.594289	-1.239492	0.495032	-0.400357	-0.358215	0.768379	-0.550450	-0.059597	-0.110846	0.084136	0.612555	0.205177	0.018221	
#
#Gaussian 2
#amp	=	0.076582
#mean	=	-8.253114	-0.038119	-0.011147	2.249985	1.256069	0.493319	-1.626072	-1.116032	-2.668557	4.818873	-1.772168	-2.229171	1.116056	3.896517	0.847524	6.985790	7.490897	2.537377	-2.506784	-1.715680
#covar	=	427.864544	260.653644	205.533205	170.794630	227.074724	190.381823	127.766805	103.193485	184.150858	152.339911	73.135426	84.005847	75.641041	97.534406	57.117897	161.097521	212.299902	79.415289	133.059207	117.957730	66.531862	-72.755800	-14.983854	-46.721533	-1.678968	27.027781	12.230820	13.365995	-71.242846	7.920695	40.356866	-18.896534	26.700404	-3.822740	72.338082	66.516962	7.247830	5.942583	-37.198620	-46.075363	1.131037	-23.282139	-1.534861	-19.841973	18.665932	-17.119524	-14.027863	-7.687106	12.167845	-6.403469	32.983294	10.195201	27.448603	-5.534298	-29.104047	37.688734	-71.055856	-18.326455	-19.664051	-26.867666	10.139591	16.623472	42.307321	6.994844	2.823344	-7.099724	-16.288164	-32.177788	-0.594837	-15.314996	-21.498514	-15.146894	-4.111866	7.060723	1.842431	-3.870722	25.065755	-0.712462	0.770527	29.791351	31.216170	-0.199507	-6.973701	-5.682790	-7.262759	13.612001	-2.600064	-22.802988	2.108781	-9.586855	38.309673	-9.931134	-16.849798	-88.736080	-40.074597	-8.662409	-15.787625	4.312821	-33.538452	-0.569057	-16.820979	-27.837809	-5.634616	-4.768465	26.747717	39.893279	-14.229752	-79.816128	-19.619264	-0.655538	-31.739231	11.827952	14.352120	-9.390996	-21.396994	-13.147397	1.207995	16.529552	-17.177063	11.142578	2.667958	-9.023084	7.348935	6.461682	-6.317972	7.810314	-9.764523	6.995962	43.851663	-18.181562	8.082706	-0.977527	32.004524	-5.514947	19.871575	10.781121	-0.546828	-8.927890	-3.795012	-11.948860	12.853887	-7.181115	-11.977021	-6.898999	46.417096	9.835003	19.785535	-10.666686	2.452250	3.547826	11.471699	2.001870	0.121122	-1.350587	12.520835	16.683607	-20.257452	7.454405	-20.360481	-15.663648	-17.424717	-34.197041	-5.805939	-19.701167	21.863755	5.936276	-3.041862	-8.291848	-2.022706	-0.488591	12.526438	-15.238451	-8.495529	-0.807352	4.335129	1.690775	0.184641	10.422811	27.652005	-1.578845	6.862773	-10.058516	10.215892	5.146774	10.868873	7.811562	-12.225754	-1.505692	12.039806	8.109221	61.475041	-19.262701	-8.922945	22.481556	1.292582	47.717996	-33.809089	-9.366737	0.953649	2.253339	-38.765136	-26.467007	6.545103	15.160950	-39.666516	11.830286	11.772434	-18.021022	4.938833	-3.500184	
#
