Loading required package: SummarizedExperiment
Loading required package: MatrixGenerics
Loading required package: matrixStats

Attaching package: ‘MatrixGenerics’

The following objects are masked from ‘package:matrixStats’:

    colAlls, colAnyNAs, colAnys, colAvgsPerRowSet, colCollapse,
    colCounts, colCummaxs, colCummins, colCumprods, colCumsums,
    colDiffs, colIQRDiffs, colIQRs, colLogSumExps, colMadDiffs,
    colMads, colMaxs, colMeans2, colMedians, colMins, colOrderStats,
    colProds, colQuantiles, colRanges, colRanks, colSdDiffs, colSds,
    colSums2, colTabulates, colVarDiffs, colVars, colWeightedMads,
    colWeightedMeans, colWeightedMedians, colWeightedSds,
    colWeightedVars, rowAlls, rowAnyNAs, rowAnys, rowAvgsPerColSet,
    rowCollapse, rowCounts, rowCummaxs, rowCummins, rowCumprods,
    rowCumsums, rowDiffs, rowIQRDiffs, rowIQRs, rowLogSumExps,
    rowMadDiffs, rowMads, rowMaxs, rowMeans2, rowMedians, rowMins,
    rowOrderStats, rowProds, rowQuantiles, rowRanges, rowRanks,
    rowSdDiffs, rowSds, rowSums2, rowTabulates, rowVarDiffs, rowVars,
    rowWeightedMads, rowWeightedMeans, rowWeightedMedians,
    rowWeightedSds, rowWeightedVars

Loading required package: GenomicRanges
Loading required package: stats4
Loading required package: BiocGenerics

Attaching package: ‘BiocGenerics’

The following objects are masked from ‘package:stats’:

    IQR, mad, sd, var, xtabs

The following objects are masked from ‘package:base’:

    anyDuplicated, aperm, append, as.data.frame, basename, cbind,
    colnames, dirname, do.call, duplicated, eval, evalq, Filter, Find,
    get, grep, grepl, intersect, is.unsorted, lapply, Map, mapply,
    match, mget, order, paste, pmax, pmax.int, pmin, pmin.int,
    Position, rank, rbind, Reduce, rownames, sapply, setdiff, sort,
    table, tapply, union, unique, unsplit, which.max, which.min

Loading required package: S4Vectors

Attaching package: ‘S4Vectors’

The following object is masked from ‘package:utils’:

    findMatches

The following objects are masked from ‘package:base’:

    expand.grid, I, unname

Loading required package: IRanges
Loading required package: GenomeInfoDb
Loading required package: Biobase
Welcome to Bioconductor

    Vignettes contain introductory material; view with
    'browseVignettes()'. To cite Bioconductor, see
    'citation("Biobase")', and for packages 'citation("pkgname")'.


Attaching package: ‘Biobase’

The following object is masked from ‘package:MatrixGenerics’:

    rowMedians

The following objects are masked from ‘package:matrixStats’:

    anyMissing, rowMedians

               _                           
platform       x86_64-pc-linux-gnu         
arch           x86_64                      
os             linux-gnu                   
system         x86_64, linux-gnu           
status                                     
major          4                           
minor          3.2                         
year           2023                        
month          10                          
day            31                          
svn rev        85441                       
language       R                           
version.string R version 4.3.2 (2023-10-31)
nickname       Eye Holes                   
Loading required package: bigmemory
[1] 1
[1] 250598199
Iteration:  1 . Objective= 250731292 
[1] 1
[1] 1
[1] 23.43591
[1] 1571.505
[1] 2
[1] 250962071
Iteration:  2 . Objective= 251100765 
[1] 2
[1] 1
[1] 23.9721
[1] 1939.011
[1] 3
[1] 251324939
Iteration:  3 . Objective= 251469813 
[1] 3
[1] 1.05
[1] 26.13505
[1] 3501.727
[1] 4
[1] 251607273
Iteration:  4 . Objective= 251757343 
[1] 4
[1] 1.1025
[1] 32.00604
[1] 4375.996
[1] 5
[1] 251854478
Iteration:  5 . Objective= 252009391 
[1] 5
[1] 1.157625
[1] 37.98818
[1] 4358.605
[1] 6
[1] 252101023
Iteration:  6 . Objective= 252261045 
[1] 6
[1] 1.215506
[1] 44.70691
[1] 3846.771
[1] 7
[1] 252373049
Iteration:  7 . Objective= 252539025 
[1] 7
[1] 1.276282
[1] 52.70586
[1] 3292.468
[1] 8
[1] 252688784
Iteration:  8 . Objective= 252862075 
[1] 8
[1] 1.340096
[1] 62.23728
[1] 2963.056
[1] 9
[1] 253052048
Iteration:  9 . Objective= 253234270 
[1] 9
[1] 1.4071
[1] 73.13664
[1] 2925.322
[1] 10
[1] 253449857
Iteration:  10 . Objective= 253642471 
[1] 10
[1] 1.477455
[1] 85.00932
[1] 3100.938
[1] 11
[1] 253862890
Iteration:  11 . Objective= 254066956 
[1] 11
[1] 1.551328
[1] 97.53141
[1] 3329.563
[1] 12
[1] 254277628
Iteration:  12 . Objective= 254493856 
[1] 12
[1] 1.628895
[1] 110.5822
[1] 3457.771
[1] 13
[1] 254689614
Iteration:  13 . Objective= 254918554 
[1] 13
[1] 1.710339
[1] 124.2207
[1] 3428.151
[1] 14
[1] 255100738
Iteration:  14 . Objective= 255342945 
[1] 14
[1] 1.795856
[1] 138.5979
[1] 3295.262
[1] 15
[1] 255515116
Iteration:  15 . Objective= 255771229 
[1] 15
[1] 1.885649
[1] 153.8513
[1] 3161.773
[1] 16
[1] 255935374
Iteration:  16 . Objective= 256206087 
[1] 16
[1] 1.979932
[1] 170.0241
[1] 3103.124
[1] 17
[1] 256360585
Iteration:  17 . Objective= 256646552 
[1] 17
[1] 2.078928
[1] 187.057
[1] 3133.165
[1] 18
[1] 256786914
Iteration:  18 . Objective= 257088653 
[1] 18
[1] 2.182875
[1] 204.8463
[1] 3213.199
[1] 19
[1] 257210000
Iteration:  19 . Objective= 257527868 
[1] 19
[1] 2.292018
[1] 223.3111
[1] 3285.484
[1] 20
[1] 257626922
Iteration:  20 . Objective= 257961148 
[1] 20
[1] 2.406619
[1] 242.4262
[1] 3309.477
[1] 21
[1] 258036690
Iteration:  21 . Objective= 258387435 
[1] 21
[1] 2.52695
[1] 262.2164
[1] 3280.42
[1] 22
[1] 258439667
Iteration:  22 . Objective= 258807067 
[1] 22
[1] 2.653298
[1] 282.7295
[1] 3222.678
[1] 23
[1] 258836593
Iteration:  23 . Objective= 259220782 
[1] 23
[1] 2.785963
[1] 304.0039
[1] 3168.536
[1] 24
[1] 259227771
Iteration:  24 . Objective= 259628874 
[1] 24
[1] 2.925261
[1] 326.0485
[1] 3139.243
[1] 25
[1] 259612721
Iteration:  25 . Objective= 260030840 
[1] 25
[1] 3.071524
[1] 348.8415
[1] 3137.543
[1] 26
[1] 259990365
Iteration:  26 . Objective= 260425561 
[1] 26
[1] 3.2251
[1] 372.3456
[1] 3151.422
[1] 27
[1] 260359476
Iteration:  27 . Objective= 260811770 
[1] 27
[1] 3.386355
[1] 396.5253
[1] 3163.855
[1] 28
[1] 260719079
Iteration:  28 . Objective= 261188461 
[1] 28
[1] 3.555673
[1] 421.3584
[1] 3162.463
[1] 29
[1] 261068608
Iteration:  29 . Objective= 261555049 
[1] 29
[1] 3.733456
[1] 446.8363
[1] 3144.525
[1] 30
[1] 261407832
Iteration:  30 . Objective= 261911300 
[1] 30
[1] 3.920129
[1] 472.9575
[1] 3116.023
[1] 31
[1] 261736677
Iteration:  31 . Objective= 262257139 
[1] 31
[1] 4.116136
[1] 499.7177
[1] 3086.688
[1] 32
[1] 262055045
Iteration:  32 . Objective= 262592470 
[1] 32
[1] 4.321942
[1] 527.1031
[1] 3064.455
[1] 33
[1] 262362720
Iteration:  33 . Objective= 262917075 
[1] 33
[1] 4.538039
[1] 555.0877
[1] 3052.061
[1] 34
[1] 262659381
Iteration:  34 . Objective= 263230626 
[1] 34
[1] 4.764941
[1] 583.6373
[1] 3046.761
[1] 35
[1] 262944685
Iteration:  35 . Objective= 263532765 
[1] 35
[1] 5.003189
[1] 612.7147
[1] 3042.632
[1] 36
[1] 263218358
Iteration:  36 . Objective= 263823209 
[1] 36
[1] 5.253348
[1] 642.2854
[1] 3033.967
[1] 37
[1] 263480260
Iteration:  37 . Objective= 264101803 
[1] 37
[1] 5.516015
[1] 672.3186
[1] 3018.095
[1] 38
[1] 263730385
Iteration:  38 . Objective= 264368534 
[1] 38
[1] 5.791816
[1] 702.7867
[1] 2996.432
[1] 39
[1] 263968822
Iteration:  39 . Objective= 264623480 
[1] 39
[1] 6.081407
[1] 733.6604
[1] 2973.498
[1] 40
[1] 264195693
Iteration:  40 . Objective= 264866755 
[1] 40
[1] 6.385477
[1] 764.9053
[1] 2954.595
[1] 41
[1] 264411106
Iteration:  41 . Objective= 265098457 
[1] 41
[1] 6.704751
[1] 796.4793
[1] 2943.3
[1] 42
[1] 264615142
Iteration:  42 . Objective= 265318651 
[1] 42
[1] 7.039989
[1] 828.3333
[1] 2939.895
[1] 43
[1] 264807873
Iteration:  43 . Objective= 265527398 
[1] 43
[1] 7.391988
[1] 860.4145
[1] 2941.32
[1] 44
[1] 264989404
Iteration:  44 . Objective= 265724788 
[1] 44
[1] 7.761588
[1] 892.6699
[1] 2942.57
[1] 45
[1] 265159908
Iteration:  45 . Objective= 265910981 
[1] 45
[1] 8.149667
[1] 925.0498
[1] 2938.877
[1] 46
[1] 265319641
Iteration:  46 . Objective= 266086226 
[1] 46
[1] 8.55715
[1] 957.509
[1] 2927.703
[1] 47
[1] 265468937
Iteration:  47 . Objective= 266250848 
[1] 47
[1] 8.985008
[1] 990.0058
[1] 2909.688
[1] 48
[1] 265608182
Iteration:  48 . Objective= 266405226 
[1] 48
[1] 9.434258
[1] 1022.5
[1] 2888.2
[1] 49
[1] 265737775
Iteration:  49 . Objective= 266549753 
[1] 49
[1] 9.905971
[1] 1054.95
[1] 2867.74
[1] 50
[1] 265858109
Iteration:  50 . Objective= 266684814 
[1] 50
[1] 10.40127
[1] 1087.313
[1] 2851.967
[1] 51
[1] 265969547
Iteration:  51 . Objective= 266810765 
[1] 51
[1] 10.92133
[1] 1119.54
[1] 2842.203
[1] 52
[1] 266072431
Iteration:  52 . Objective= 266927940 
[1] 52
[1] 11.4674
[1] 1151.583
[1] 2837.053
[1] 53
[1] 266167096
Iteration:  53 . Objective= 267036665 
[1] 53
[1] 12.04077
[1] 1183.394
[1] 2833.249
[1] 54
[1] 266253889
Iteration:  54 . Objective= 267137277 
[1] 54
[1] 12.64281
[1] 1214.925
[1] 2827.316
[1] 55
[1] 266333177
Iteration:  55 . Objective= 267230136 
[1] 55
[1] 13.27495
[1] 1246.133
[1] 2817.278
[1] 56
[1] 266405348
Iteration:  56 . Objective= 267315622 
[1] 56
[1] 13.9387
[1] 1276.973
[1] 2803.604
[1] 57
[1] 266470800
Iteration:  57 . Objective= 267394125 
[1] 57
[1] 14.63563
[1] 1307.403
[1] 2788.917
[1] 58
[1] 266529935
Iteration:  58 . Objective= 267466036 
[1] 58
[1] 15.36741
[1] 1337.381
[1] 2776.574
[1] 59
[1] 266583142
Iteration:  59 . Objective= 267531734 
[1] 59
[1] 16.13578
[1] 1366.862
[1] 2768.835
[1] 60
[1] 266630797
Iteration:  60 . Objective= 267591583 
[1] 60
[1] 16.94257
[1] 1395.805
[1] 2765.599
[1] 61
[1] 266673265
Iteration:  61 . Objective= 267645939 
[1] 61
[1] 17.7897
[1] 1424.164
[1] 2764.456
[1] 62
[1] 266710912
Iteration:  62 . Objective= 267695153 
[1] 62
[1] 18.67919
[1] 1451.899
[1] 2762.076
[1] 63
[1] 266744106
Iteration:  63 . Objective= 267739582 
[1] 63
[1] 19.61315
[1] 1478.966
[1] 2756.173
[1] 64
[1] 266773220
Iteration:  64 . Objective= 267779587 
[1] 64
[1] 20.5938
[1] 1505.325
[1] 2746.871
[1] 65
[1] 266798625
Iteration:  65 . Objective= 267815526 
[1] 65
[1] 21.62349
[1] 1530.934
[1] 2736.622
[1] 66
[1] 266820680
Iteration:  66 . Objective= 267847747 
[1] 66
[1] 22.70467
[1] 1555.75
[1] 2728.63
[1] 67
[1] 266839726
Iteration:  67 . Objective= 267876579 
[1] 67
[1] 23.8399
[1] 1579.734
[1] 2724.734
[1] 68
[1] 266856082
Iteration:  68 . Objective= 267902332 
[1] 68
[1] 25.0319
[1] 1602.845
[1] 2724.138
[1] 69
[1] 266870048
Iteration:  69 . Objective= 267925296 
[1] 69
[1] 26.28349
[1] 1625.043
[1] 2723.991
[1] 70
[1] 266881910
Iteration:  70 . Objective= 267945746 
[1] 70
[1] 27.59766
[1] 1646.29
[1] 2721.498
[1] 71
[1] 266891940
Iteration:  71 . Objective= 267963946 
[1] 71
[1] 28.97755
[1] 1666.549
[1] 2715.99
[1] 72
[1] 266900395
Iteration:  72 . Objective= 267980145 
[1] 72
[1] 30.42643
[1] 1685.783
[1] 2709.326
[1] 73
[1] 266907516
Iteration:  73 . Objective= 267994574 
[1] 73
[1] 31.94775
[1] 1703.959
[1] 2704.273
[1] 74
[1] 266913521
Iteration:  74 . Objective= 268007441 
[1] 74
[1] 33.54513
[1] 1721.051
[1] 2702.177
[1] 75
[1] 266918599
Iteration:  75 . Objective= 268018927 
[1] 75
[1] 35.22239
[1] 1737.033
[1] 2701.977
[1] 76
[1] 266922915
Iteration:  76 . Objective= 268029191 
[1] 76
[1] 36.98351
[1] 1751.887
[1] 2701.495
[1] 77
[1] 266926609
Iteration:  77 . Objective= 268038371 
[1] 77
[1] 38.83269
[1] 1765.603
[1] 2699.764
[1] 78
[1] 266929797
Iteration:  78 . Objective= 268046589 
[1] 78
[1] 40.77432
[1] 1778.172
[1] 2697.906
[1] 79
[1] 266932578
Iteration:  79 . Objective= 268053954 
[1] 79
[1] 42.81304
[1] 1789.599
[1] 2697.541
[1] 80
[1] 266935036
Iteration:  80 . Objective= 268060559 
[1] 80
[1] 44.95369
[1] 1799.889
[1] 2698.627
[1] 81
[1] 266937244
Iteration:  81 . Objective= 268066490 
[1] 81
[1] 47.20137
[1] 1809.058
[1] 2699.51
[1] 82
[1] 266939273
Iteration:  82 . Objective= 268071823 
[1] 82
[1] 49.56144
[1] 1817.122
[1] 2699.353
[1] 83
[1] 266941190
Iteration:  83 . Objective= 268076632 
[1] 83
[1] 52.03951
[1] 1824.103
[1] 2699.691
[1] 84
[1] 266943059
Iteration:  84 . Objective= 268080984 
[1] 84
[1] 54.64149
[1] 1830.029
[1] 2702.368
[1] 85
[1] 266944930
Iteration:  85 . Objective= 268084941 
[1] 85
[1] 57.37356
[1] 1834.933
[1] 2706.349
[1] 86
[1] 266946847
Iteration:  86 . Objective= 268088558 
[1] 86
[1] 60.24224
[1] 1838.854
[1] 2708.598
[1] 87
[1] 266948844
Iteration:  87 . Objective= 268091892 
[1] 87
[1] 63.25435
[1] 1841.837
[1] 2708.748
[1] 88
[1] 266950951
Iteration:  88 . Objective= 268094995 
[1] 88
[1] 66.41707
[1] 1843.929
[1] 2710.168
[1] 89
[1] 266953187
Iteration:  89 . Objective= 268097910 
[1] 89
[1] 69.73792
[1] 1845.181
[1] 2714.375
[1] 90
[1] 266955560
Iteration:  90 . Objective= 268100669 
[1] 90
[1] 73.22482
[1] 1845.646
[1] 2717.777
[1] 91
[1] 266958059
Iteration:  91 . Objective= 268103294 
[1] 91
[1] 76.88606
[1] 1845.372
[1] 2717.952
[1] 92
[1] 266960669
Iteration:  92 . Objective= 268105806 
[1] 92
[1] 80.73037
[1] 1844.413
[1] 2718.836
[1] 93
[1] 266963369
Iteration:  93 . Objective= 268108219 
[1] 93
[1] 84.76688
[1] 1842.82
[1] 2722.989
[1] 94
[1] 266966139
Iteration:  94 . Objective= 268110541 
[1] 94
[1] 89.00523
[1] 1840.651
[1] 2725.314
[1] 95
[1] 266968967
Iteration:  95 . Objective= 268112780 
[1] 95
[1] 93.45549
[1] 1837.961
[1] 2724.22
[1] 96
[1] 266971850
Iteration:  96 . Objective= 268114944 
[1] 96
[1] 98.12826
[1] 1834.811
[1] 2726.574
[1] 97
[1] 266974775
Iteration:  97 . Objective= 268117035 
[1] 97
[1] 103.0347
[1] 1831.269
[1] 2731.013
[1] 98
[1] 266977726
Iteration:  98 . Objective= 268119053 
[1] 98
[1] 108.1864
[1] 1827.401
[1] 2729.909
[1] 99
[1] 266980687
Iteration:  99 . Objective= 268121000 
[1] 99
[1] 113.5957
[1] 1823.272
[1] 2729.519
[1] 100
[1] 266983638
Iteration:  100 . Objective= 268122869 
[1] 100
[1] 119.2755
[1] 1818.943
[1] 2732.684
        1         2         3         4         5         6         7         8 
1818.9431 1656.6112 1502.6625 1355.0863 1200.4288 1049.0985  898.2042  755.1283 
        9        10 
 631.7881  502.1131 
For users of newer versions (1.0.1+): the `scores` matrix now contains factor scores, the `V` matrix is UNSCALED scores.
Warning message:
In gbm.sc(Y1, oos.Y = Y2, M = 10, max.iter = max.iter, tol = 10^{ :
  Maximum number of iterations reached (increase max.iter).
              Possible non-convergence.
  [1] 250598199 250962071 251324939 251607273 251854478 252101023 252373049
  [8] 252688784 253052048 253449857 253862890 254277628 254689614 255100738
 [15] 255515116 255935374 256360585 256786914 257210000 257626922 258036690
 [22] 258439667 258836593 259227771 259612721 259990365 260359476 260719079
 [29] 261068608 261407832 261736677 262055045 262362720 262659381 262944685
 [36] 263218358 263480260 263730385 263968822 264195693 264411106 264615142
 [43] 264807873 264989404 265159908 265319641 265468937 265608182 265737775
 [50] 265858109 265969547 266072431 266167096 266253889 266333177 266405348
 [57] 266470800 266529935 266583142 266630797 266673265 266710912 266744106
 [64] 266773220 266798625 266820680 266839726 266856082 266870048 266881910
 [71] 266891940 266900395 266907516 266913521 266918599 266922915 266926609
 [78] 266929797 266932578 266935036 266937244 266939273 266941190 266943059
 [85] 266944930 266946847 266948844 266950951 266953187 266955560 266958059
 [92] 266960669 266963369 266966139 266968967 266971850 266974775 266977726
 [99] 266980687 266983638
[1] 25
[1] 1
Iteration:  1 . Objective= 2602294 
[1] 1
[1] 1
[1] 22.17277
[1] 528.1851
[1] 2
Iteration:  2 . Objective= 2612536 
[1] 2
[1] 1
[1] 22.12268
[1] 1142.254
[1] 3
Iteration:  3 . Objective= 2618237 
[1] 3
[1] 1.05
[1] 22.04373
[1] 1441.54
[1] 4
Iteration:  4 . Objective= 2622821 
[1] 4
[1] 1.1025
[1] 21.94775
[1] 1436.893
[1] 5
Iteration:  5 . Objective= 2627314 
[1] 5
[1] 1.157625
[1] 21.84227
[1] 1336.931
[1] 6
Iteration:  6 . Objective= 2632122 
[1] 6
[1] 1.215506
[1] 21.73188
[1] 1258.465
[1] 7
Iteration:  7 . Objective= 2637348 
[1] 7
[1] 1.276282
[1] 21.61854
[1] 1234.516
[1] 8
Iteration:  8 . Objective= 2642888 
[1] 8
[1] 1.340096
[1] 21.50293
[1] 1254.105
[1] 9
Iteration:  9 . Objective= 2648558 
[1] 9
[1] 1.4071
[1] 21.38695
[1] 1289.083
[1] 10
Iteration:  10 . Objective= 2654216 
[1] 10
[1] 1.477455
[1] 21.27763
[1] 1311.94
[1] 11
Iteration:  11 . Objective= 2659796 
[1] 11
[1] 1.551328
[1] 21.19947
[1] 1307.595
[1] 12
Iteration:  12 . Objective= 2665298 
[1] 12
[1] 1.628895
[1] 22.1426
[1] 1276.165
[1] 13
Iteration:  13 . Objective= 2670751 
[1] 13
[1] 1.710339
[1] 24.5059
[1] 1227.143
[1] 14
Iteration:  14 . Objective= 2676191 
[1] 14
[1] 1.795856
[1] 27.03303
[1] 1171.428
[1] 15
Iteration:  15 . Objective= 2681643 
[1] 15
[1] 1.885649
[1] 29.72771
[1] 1118.167
[1] 16
Iteration:  16 . Objective= 2687112 
[1] 16
[1] 1.979932
[1] 32.5883
[1] 1077.404
[1] 17
Iteration:  17 . Objective= 2692573 
[1] 17
[1] 2.078928
[1] 35.59698
[1] 1060.649
[1] 18
Iteration:  18 . Objective= 2697971 
[1] 18
[1] 2.182875
[1] 38.71859
[1] 1071.464
[1] 19
Iteration:  19 . Objective= 2703229 
[1] 19
[1] 2.292018
[1] 41.91469
[1] 1094.753
[1] 20
Iteration:  20 . Objective= 2708286 
[1] 20
[1] 2.406619
[1] 45.16083
[1] 1103.933
[1] 21
Iteration:  21 . Objective= 2713119 
[1] 21
[1] 2.52695
[1] 48.45127
[1] 1086.241
[1] 22
Iteration:  22 . Objective= 2717738 
[1] 22
[1] 2.653298
[1] 51.78787
[1] 1057.798
[1] 23
Iteration:  23 . Objective= 2722156 
[1] 23
[1] 2.785963
[1] 55.16439
[1] 1045.637
[1] 24
Iteration:  24 . Objective= 2726372 
[1] 24
[1] 2.925261
[1] 58.56441
[1] 1055.993
[1] 25
Iteration:  25 . Objective= 2730370 
[1] 25
[1] 3.071524
[1] 61.97421
[1] 1068.379
        1         2         3         4         5         6         7         8 
61.974209 55.770854 51.123912 43.778633 40.889477 33.076518 29.540380 25.006439 
        9        10        11        12        13        14        15        16 
20.512902 18.502229 15.595151 13.682277 13.448635 12.605714 10.637109  9.819957 
       17        18        19        20 
 8.962387  8.869978  8.429252  7.807196 
For users of newer versions (1.0.1+): the `scores` matrix now contains factor scores, the `V` matrix is UNSCALED scores.
For users of newer versions (1.0.1+): the `scores` matrix now contains factor scores.
[1] 264522192
[1] 50
[1] 1
Iteration:  1 . Objective= 2602483 
[1] 1
[1] 1
[1] 26.61543
[1] 529.4865
[1] 2
Iteration:  2 . Objective= 2612627 
[1] 2
[1] 1
[1] 26.55768
[1] 1084.573
[1] 3
Iteration:  3 . Objective= 2618553 
[1] 3
[1] 1.05
[1] 26.47007
[1] 1438.94
[1] 4
Iteration:  4 . Objective= 2623212 
[1] 4
[1] 1.1025
[1] 26.36261
[1] 1474.089
[1] 5
Iteration:  5 . Objective= 2627666 
[1] 5
[1] 1.157625
[1] 26.242
[1] 1375.454
[1] 6
Iteration:  6 . Objective= 2632369 
[1] 6
[1] 1.215506
[1] 26.11261
[1] 1277.884
[1] 7
Iteration:  7 . Objective= 2637486 
[1] 7
[1] 1.276282
[1] 25.97631
[1] 1232.555
[1] 8
Iteration:  8 . Objective= 2642959 
[1] 8
[1] 1.340096
[1] 25.83315
[1] 1238.199
[1] 9
Iteration:  9 . Objective= 2648615 
[1] 9
[1] 1.4071
[1] 25.68292
[1] 1269.298
[1] 10
Iteration:  10 . Objective= 2654291 
[1] 10
[1] 1.477455
[1] 25.52701
[1] 1295.514
[1] 11
Iteration:  11 . Objective= 2659901 
[1] 11
[1] 1.551328
[1] 25.37047
[1] 1295.636
[1] 12
Iteration:  12 . Objective= 2665431 
[1] 12
[1] 1.628895
[1] 25.22726
[1] 1263.495
[1] 13
Iteration:  13 . Objective= 2670913 
[1] 13
[1] 1.710339
[1] 25.15337
[1] 1205.133
[1] 14
Iteration:  14 . Objective= 2676398 
[1] 14
[1] 1.795856
[1] 27.25661
[1] 1134.262
[1] 15
Iteration:  15 . Objective= 2681925 
[1] 15
[1] 1.885649
[1] 30.02137
[1] 1072.11
[1] 16
Iteration:  16 . Objective= 2687502 
[1] 16
[1] 1.979932
[1] 32.95766
[1] 1043.313
[1] 17
Iteration:  17 . Objective= 2693074 
[1] 17
[1] 2.078928
[1] 36.02436
[1] 1057.242
[1] 18
Iteration:  18 . Objective= 2698534 
[1] 18
[1] 2.182875
[1] 39.17349
[1] 1091.369
[1] 19
Iteration:  19 . Objective= 2703790 
[1] 19
[1] 2.292018
[1] 42.37678
[1] 1105.378
[1] 20
Iteration:  20 . Objective= 2708815 
[1] 20
[1] 2.406619
[1] 45.63145
[1] 1081.476
[1] 21
Iteration:  21 . Objective= 2713628 
[1] 21
[1] 2.52695
[1] 48.94297
[1] 1044.964
[1] 22
Iteration:  22 . Objective= 2718253 
[1] 22
[1] 2.653298
[1] 52.30254
[1] 1033.695
[1] 23
Iteration:  23 . Objective= 2722679 
[1] 23
[1] 2.785963
[1] 55.68683
[1] 1052.235
[1] 24
Iteration:  24 . Objective= 2726878 
[1] 24
[1] 2.925261
[1] 59.0783
[1] 1069.09
[1] 25
Iteration:  25 . Objective= 2730838 
[1] 25
[1] 3.071524
[1] 62.47688
[1] 1059.17
[1] 26
Iteration:  26 . Objective= 2734571 
[1] 26
[1] 3.2251
[1] 65.89228
[1] 1034.15
[1] 27
Iteration:  27 . Objective= 2738097 
[1] 27
[1] 3.386355
[1] 69.32774
[1] 1023.263
[1] 28
Iteration:  28 . Objective= 2741424 
[1] 28
[1] 3.555673
[1] 72.774
[1] 1035.768
[1] 29
Iteration:  29 . Objective= 2744548 
[1] 29
[1] 3.733456
[1] 76.21804
[1] 1053.368
[1] 30
Iteration:  30 . Objective= 2747472 
[1] 30
[1] 3.920129
[1] 79.65208
[1] 1055.829
[1] 31
Iteration:  31 . Objective= 2750205 
[1] 31
[1] 4.116136
[1] 83.07302
[1] 1044.237
[1] 32
Iteration:  32 . Objective= 2752762 
[1] 32
[1] 4.321942
[1] 86.47639
[1] 1035.694
[1] 33
Iteration:  33 . Objective= 2755157 
[1] 33
[1] 4.538039
[1] 89.85355
[1] 1040.911
[1] 34
Iteration:  34 . Objective= 2757397 
[1] 34
[1] 4.764941
[1] 93.1952
[1] 1053.126
[1] 35
Iteration:  35 . Objective= 2759486 
[1] 35
[1] 5.003189
[1] 96.49563
[1] 1058.445
[1] 36
Iteration:  36 . Objective= 2761432 
[1] 36
[1] 5.253348
[1] 99.75259
[1] 1052.362
[1] 37
Iteration:  37 . Objective= 2763246 
[1] 37
[1] 5.516015
[1] 102.9634
[1] 1043.166
[1] 38
Iteration:  38 . Objective= 2764937 
[1] 38
[1] 5.791816
[1] 106.1223
[1] 1040.807
[1] 39
Iteration:  39 . Objective= 2766515 
[1] 39
[1] 6.081407
[1] 109.2213
[1] 1046.125
[1] 40
Iteration:  40 . Objective= 2767986 
[1] 40
[1] 6.385477
[1] 112.254
[1] 1051.889
[1] 41
Iteration:  41 . Objective= 2769357 
[1] 41
[1] 6.704751
[1] 115.2178
[1] 1052.066
[1] 42
Iteration:  42 . Objective= 2770635 
[1] 42
[1] 7.039989
[1] 118.1122
[1] 1047.906
[1] 43
Iteration:  43 . Objective= 2771827 
[1] 43
[1] 7.391988
[1] 120.9374
[1] 1045.136
[1] 44
Iteration:  44 . Objective= 2772940 
[1] 44
[1] 7.761588
[1] 123.6928
[1] 1047.076
[1] 45
Iteration:  45 . Objective= 2773978 
[1] 45
[1] 8.149667
[1] 126.3768
[1] 1051.766
[1] 46
Iteration:  46 . Objective= 2774948 
[1] 46
[1] 8.55715
[1] 128.9881
[1] 1055.153
[1] 47
Iteration:  47 . Objective= 2775852 
[1] 47
[1] 8.985008
[1] 131.5252
[1] 1055.56
[1] 48
Iteration:  48 . Objective= 2776697 
[1] 48
[1] 9.434258
[1] 133.9864
[1] 1054.554
[1] 49
Iteration:  49 . Objective= 2777486 
[1] 49
[1] 9.905971
[1] 136.3702
[1] 1054.375
[1] 50
Iteration:  50 . Objective= 2778223 
[1] 50
[1] 10.40127
[1] 138.6751
[1] 1055.595
        1         2         3         4         5         6         7         8 
138.67514 127.50753 115.78176 103.01526  97.61470  78.54191  66.08179  56.37906 
        9        10        11        12        13        14        15        16 
 44.31295  31.47901  31.08900  29.38190  28.80158  27.96667  27.28750  26.94371 
       17        18        19        20 
 26.65870  26.12884  25.88021  25.47838 
For users of newer versions (1.0.1+): the `scores` matrix now contains factor scores, the `V` matrix is UNSCALED scores.
For users of newer versions (1.0.1+): the `scores` matrix now contains factor scores.
[1] 265939158
[1] 75
[1] 1
Iteration:  1 . Objective= 2602967 
[1] 1
[1] 1
[1] 32.59574
[1] 532.2127
[1] 2
Iteration:  2 . Objective= 2613002 
[1] 2
[1] 1
[1] 32.52573
[1] 1050.957
[1] 3
Iteration:  3 . Objective= 2619042 
[1] 3
[1] 1.05
[1] 32.42636
[1] 1418.15
[1] 4
Iteration:  4 . Objective= 2623762 
[1] 4
[1] 1.1025
[1] 32.30518
[1] 1486.153
[1] 5
Iteration:  5 . Objective= 2628204 
[1] 5
[1] 1.157625
[1] 32.16726
[1] 1405.95
[1] 6
Iteration:  6 . Objective= 2632826 
[1] 6
[1] 1.215506
[1] 32.01601
[1] 1307.713
[1] 7
Iteration:  7 . Objective= 2637820 
[1] 7
[1] 1.276282
[1] 31.85304
[1] 1250.562
[1] 8
Iteration:  8 . Objective= 2643175 
[1] 8
[1] 1.340096
[1] 31.6784
[1] 1242.091
[1] 9
Iteration:  9 . Objective= 2648751 
[1] 9
[1] 1.4071
[1] 31.4916
[1] 1262.776
[1] 10
Iteration:  10 . Objective= 2654392 
[1] 10
[1] 1.477455
[1] 31.29269
[1] 1283.691
[1] 11
Iteration:  11 . Objective= 2660006 
[1] 11
[1] 1.551328
[1] 31.08327
[1] 1279.651
[1] 12
Iteration:  12 . Objective= 2665574 
[1] 12
[1] 1.628895
[1] 30.86743
[1] 1237.116
[1] 13
Iteration:  13 . Objective= 2671136 
[1] 13
[1] 1.710339
[1] 30.65369
[1] 1158.208
[1] 14
Iteration:  14 . Objective= 2676757 
[1] 14
[1] 1.795856
[1] 30.46142
[1] 1067.393
[1] 15
Iteration:  15 . Objective= 2682490 
[1] 15
[1] 1.885649
[1] 30.4578
[1] 1010.946
[1] 16
Iteration:  16 . Objective= 2688306 
[1] 16
[1] 1.979932
[1] 33.31435
[1] 1022.477
[1] 17
Iteration:  17 . Objective= 2694053 
[1] 17
[1] 2.078928
[1] 36.44154
[1] 1078.281
[1] 18
Iteration:  18 . Objective= 2699577 
[1] 18
[1] 2.182875
[1] 39.61957
[1] 1110.021
[1] 19
Iteration:  19 . Objective= 2704832 
[1] 19
[1] 2.292018
[1] 42.84378
[1] 1080.037
[1] 20
Iteration:  20 . Objective= 2709851 
[1] 20
[1] 2.406619
[1] 46.12664
[1] 1027.368
[1] 21
Iteration:  21 . Objective= 2714683 
[1] 21
[1] 2.52695
[1] 49.45726
[1] 1014.565
[1] 22
Iteration:  22 . Objective= 2719318 
[1] 22
[1] 2.653298
[1] 52.80264
[1] 1047.215
[1] 23
Iteration:  23 . Objective= 2723712 
[1] 23
[1] 2.785963
[1] 56.14174
[1] 1073.704
[1] 24
Iteration:  24 . Objective= 2727846 
[1] 24
[1] 2.925261
[1] 59.48003
[1] 1058.428
[1] 25
Iteration:  25 . Objective= 2731741 
[1] 25
[1] 3.071524
[1] 62.83449
[1] 1024.578
[1] 26
Iteration:  26 . Objective= 2735423 
[1] 26
[1] 3.2251
[1] 66.20983
[1] 1014.783
[1] 27
Iteration:  27 . Objective= 2738901 
[1] 27
[1] 3.386355
[1] 69.59432
[1] 1035.362
[1] 28
Iteration:  28 . Objective= 2742165 
[1] 28
[1] 3.555673
[1] 72.97535
[1] 1056.346
[1] 29
Iteration:  29 . Objective= 2745216 
[1] 29
[1] 3.733456
[1] 76.34947
[1] 1054.339
[1] 30
Iteration:  30 . Objective= 2748067 
[1] 30
[1] 3.920129
[1] 79.71817
[1] 1038.223
[1] 31
Iteration:  31 . Objective= 2750738 
[1] 31
[1] 4.116136
[1] 83.07845
[1] 1031.857
[1] 32
Iteration:  32 . Objective= 2753241 
[1] 32
[1] 4.321942
[1] 86.42072
[1] 1043.543
[1] 33
Iteration:  33 . Objective= 2755582 
[1] 33
[1] 4.538039
[1] 89.73506
[1] 1059.351
[1] 34
Iteration:  34 . Objective= 2757763 
[1] 34
[1] 4.764941
[1] 93.01647
[1] 1062.538
[1] 35
Iteration:  35 . Objective= 2759796 
[1] 35
[1] 5.003189
[1] 96.26336
[1] 1052.69
[1] 36
Iteration:  36 . Objective= 2761692 
[1] 36
[1] 5.253348
[1] 99.47222
[1] 1043.423
[1] 37
Iteration:  37 . Objective= 2763463 
[1] 37
[1] 5.516015
[1] 102.6352
[1] 1045.061
[1] 38
Iteration:  38 . Objective= 2765115 
[1] 38
[1] 5.791816
[1] 105.7433
[1] 1054.176
[1] 39
Iteration:  39 . Objective= 2766656 
[1] 39
[1] 6.081407
[1] 108.7906
[1] 1059.963
[1] 40
Iteration:  40 . Objective= 2768091 
[1] 40
[1] 6.385477
[1] 111.7757
[1] 1057.278
[1] 41
Iteration:  41 . Objective= 2769431 
[1] 41
[1] 6.704751
[1] 114.699
[1] 1051.02
[1] 42
Iteration:  42 . Objective= 2770682 
[1] 42
[1] 7.039989
[1] 117.5599
[1] 1048.802
[1] 43
Iteration:  43 . Objective= 2771850 
[1] 43
[1] 7.391988
[1] 120.3564
[1] 1052.27
[1] 44
Iteration:  44 . Objective= 2772942 
[1] 44
[1] 7.761588
[1] 123.0865
[1] 1056.849
[1] 45
Iteration:  45 . Objective= 2773962 
[1] 45
[1] 8.149667
[1] 125.749
[1] 1058.266
[1] 46
Iteration:  46 . Objective= 2774914 
[1] 46
[1] 8.55715
[1] 128.3432
[1] 1057.013
[1] 47
Iteration:  47 . Objective= 2775805 
[1] 47
[1] 8.985008
[1] 130.8679
[1] 1056.305
[1] 48
Iteration:  48 . Objective= 2776639 
[1] 48
[1] 9.434258
[1] 133.3213
[1] 1057.511
[1] 49
Iteration:  49 . Objective= 2777419 
[1] 49
[1] 9.905971
[1] 135.702
[1] 1059.086
[1] 50
Iteration:  50 . Objective= 2778148 
[1] 50
[1] 10.40127
[1] 138.0089
[1] 1059.364
[1] 51
Iteration:  51 . Objective= 2778831 
[1] 51
[1] 10.92133
[1] 140.2404
[1] 1058.71
[1] 52
Iteration:  52 . Objective= 2779470 
[1] 52
[1] 11.4674
[1] 142.3944
[1] 1058.412
[1] 53
Iteration:  53 . Objective= 2780068 
[1] 53
[1] 12.04077
[1] 144.4693
[1] 1058.629
[1] 54
Iteration:  54 . Objective= 2780628 
[1] 54
[1] 12.64281
[1] 146.4648
[1] 1058.57
[1] 55
Iteration:  55 . Objective= 2781151 
[1] 55
[1] 13.27495
[1] 148.3826
[1] 1058.242
[1] 56
Iteration:  56 . Objective= 2781641 
[1] 56
[1] 13.9387
[1] 150.2249
[1] 1058.687
[1] 57
Iteration:  57 . Objective= 2782100 
[1] 57
[1] 14.63563
[1] 151.9932
[1] 1060.171
[1] 58
Iteration:  58 . Objective= 2782528 
[1] 58
[1] 15.36741
[1] 153.6885
[1] 1061.341
[1] 59
Iteration:  59 . Objective= 2782928 
[1] 59
[1] 16.13578
[1] 155.3122
[1] 1061.09
[1] 60
Iteration:  60 . Objective= 2783302 
[1] 60
[1] 16.94257
[1] 156.8665
[1] 1060.337
[1] 61
Iteration:  61 . Objective= 2783652 
[1] 61
[1] 17.7897
[1] 158.353
[1] 1060.638
[1] 62
Iteration:  62 . Objective= 2783979 
[1] 62
[1] 18.67919
[1] 159.7724
[1] 1061.67
[1] 63
Iteration:  63 . Objective= 2784285 
[1] 63
[1] 19.61315
[1] 161.1251
[1] 1061.889
[1] 64
Iteration:  64 . Objective= 2784571 
[1] 64
[1] 20.5938
[1] 162.4115
[1] 1061.429
[1] 65
Iteration:  65 . Objective= 2784839 
[1] 65
[1] 21.62349
[1] 163.6318
[1] 1061.994
[1] 66
Iteration:  66 . Objective= 2785091 
[1] 66
[1] 22.70467
[1] 164.7862
[1] 1063.604
[1] 67
Iteration:  67 . Objective= 2785326 
[1] 67
[1] 23.8399
[1] 165.8761
[1] 1064.258
[1] 68
Iteration:  68 . Objective= 2785547 
[1] 68
[1] 25.0319
[1] 166.9044
[1] 1063.703
[1] 69
Iteration:  69 . Objective= 2785755 
[1] 69
[1] 26.28349
[1] 167.873
[1] 1064.188
[1] 70
Iteration:  70 . Objective= 2785949 
[1] 70
[1] 27.59766
[1] 168.7825
[1] 1065.794
[1] 71
Iteration:  71 . Objective= 2786131 
[1] 71
[1] 28.97755
[1] 169.6331
[1] 1065.429
[1] 72
Iteration:  72 . Objective= 2786302 
[1] 72
[1] 30.42643
[1] 170.4259
[1] 1063.146
[1] 73
Iteration:  73 . Objective= 2786462 
[1] 73
[1] 31.94775
[1] 171.1606
[1] 1063.282
[1] 74
Iteration:  74 . Objective= 2786613 
[1] 74
[1] 33.54513
[1] 171.834
[1] 1065.953
[1] 75
Iteration:  75 . Objective= 2786754 
[1] 75
[1] 35.22239
[1] 172.4442
[1] 1066.154
        1         2         3         4         5         6         7         8 
172.44420 161.59280 145.36239 133.61655 122.46692 101.13459  86.97830  77.50623 
        9        10        11        12        13        14        15        16 
 64.99698  59.33050  58.04518  57.45183  55.69123  54.23166  52.75437  51.96291 
       17        18        19        20 
 51.85548  51.11990  50.80253  46.47941 
For users of newer versions (1.0.1+): the `scores` matrix now contains factor scores, the `V` matrix is UNSCALED scores.
For users of newer versions (1.0.1+): the `scores` matrix now contains factor scores.
[1] 265980315
[1] 100
[1] 1
Iteration:  1 . Objective= 2600071 
[1] 1
[1] 1
[1] 43.21901
[1] 527.2431
[1] 2
Iteration:  2 . Objective= 2610429 
[1] 2
[1] 1
[1] 43.12484
[1] 1105.793
[1] 3
Iteration:  3 . Objective= 2616338 
[1] 3
[1] 1.05
[1] 43.00316
[1] 1454.159
[1] 4
Iteration:  4 . Objective= 2620989 
[1] 4
[1] 1.1025
[1] 42.85859
[1] 1476.085
[1] 5
Iteration:  5 . Objective= 2625464 
[1] 5
[1] 1.157625
[1] 42.69399
[1] 1369.46
[1] 6
Iteration:  6 . Objective= 2630220 
[1] 6
[1] 1.215506
[1] 42.51102
[1] 1269.742
[1] 7
Iteration:  7 . Objective= 2635420 
[1] 7
[1] 1.276282
[1] 42.31004
[1] 1224.895
[1] 8
Iteration:  8 . Objective= 2640993 
[1] 8
[1] 1.340096
[1] 42.09057
[1] 1230.217
[1] 9
Iteration:  9 . Objective= 2646758 
[1] 9
[1] 1.4071
[1] 41.852
[1] 1256.73
[1] 10
Iteration:  10 . Objective= 2652556 
[1] 10
[1] 1.477455
[1] 41.59427
[1] 1269.781
[1] 11
Iteration:  11 . Objective= 2658324 
[1] 11
[1] 1.551328
[1] 41.31821
[1] 1242.648
[1] 12
Iteration:  12 . Objective= 2664086 
[1] 12
[1] 1.628895
[1] 41.02592
[1] 1167.363
[1] 13
Iteration:  13 . Objective= 2669916 
[1] 13
[1] 1.710339
[1] 40.72076
[1] 1068.107
[1] 14
Iteration:  14 . Objective= 2675894 
[1] 14
[1] 1.795856
[1] 40.40676
[1] 1002.268
[1] 15
Iteration:  15 . Objective= 2681999 
[1] 15
[1] 1.885649
[1] 40.08796
[1] 1014.379
[1] 16
Iteration:  16 . Objective= 2688051 
[1] 16
[1] 1.979932
[1] 39.77158
[1] 1078.218
[1] 17
Iteration:  17 . Objective= 2693859 
[1] 17
[1] 2.078928
[1] 39.48457
[1] 1112.77
[1] 18
Iteration:  18 . Objective= 2699376 
[1] 18
[1] 2.182875
[1] 40.18683
[1] 1076.708
[1] 19
Iteration:  19 . Objective= 2704650 
[1] 19
[1] 2.292018
[1] 43.35891
[1] 1021.173
[1] 20
Iteration:  20 . Objective= 2709739 
[1] 20
[1] 2.406619
[1] 46.63697
[1] 1015.716
[1] 21
Iteration:  21 . Objective= 2714625 
[1] 21
[1] 2.52695
[1] 49.92965
[1] 1054.598
[1] 22
Iteration:  22 . Objective= 2719253 
[1] 22
[1] 2.653298
[1] 53.21623
[1] 1074.381
[1] 23
Iteration:  23 . Objective= 2723616 
[1] 23
[1] 2.785963
[1] 56.50844
[1] 1047.755
[1] 24
Iteration:  24 . Objective= 2727740 
[1] 24
[1] 2.925261
[1] 59.82404
[1] 1014.891
[1] 25
Iteration:  25 . Objective= 2731653 
[1] 25
[1] 3.071524
[1] 63.16172
[1] 1018.114
[1] 26
Iteration:  26 . Objective= 2735349 
[1] 26
[1] 3.2251
[1] 66.50681
[1] 1046.314
[1] 27
Iteration:  27 . Objective= 2738814 
[1] 27
[1] 3.386355
[1] 69.85128
[1] 1059.706
[1] 28
Iteration:  28 . Objective= 2742055 
[1] 28
[1] 3.555673
[1] 73.19785
[1] 1045.792
[1] 29
Iteration:  29 . Objective= 2745091 
[1] 29
[1] 3.733456
[1] 76.54856
[1] 1029.054
[1] 30
Iteration:  30 . Objective= 2747942 
[1] 30
[1] 3.920129
[1] 79.8956
[1] 1032.748
[1] 31
Iteration:  31 . Objective= 2750614 
[1] 31
[1] 4.116136
[1] 83.22624
[1] 1050.773
[1] 32
Iteration:  32 . Objective= 2753111 
[1] 32
[1] 4.321942
[1] 86.53261
[1] 1060.742
[1] 33
Iteration:  33 . Objective= 2755440 
[1] 33
[1] 4.538039
[1] 89.81339
[1] 1053.704
[1] 34
Iteration:  34 . Objective= 2757614 
[1] 34
[1] 4.764941
[1] 93.06741
[1] 1042.054
[1] 35
Iteration:  35 . Objective= 2759647 
[1] 35
[1] 5.003189
[1] 96.28802
[1] 1040.76
[1] 36
Iteration:  36 . Objective= 2761545 
[1] 36
[1] 5.253348
[1] 99.46479
[1] 1049.594
[1] 37
Iteration:  37 . Objective= 2763316 
[1] 37
[1] 5.516015
[1] 102.5893
[1] 1056.771
[1] 38
Iteration:  38 . Objective= 2764966 
[1] 38
[1] 5.791816
[1] 105.6576
[1] 1054.999
[1] 39
Iteration:  39 . Objective= 2766504 
[1] 39
[1] 6.081407
[1] 108.6686
[1] 1048.733
[1] 40
Iteration:  40 . Objective= 2767941 
[1] 40
[1] 6.385477
[1] 111.6207
[1] 1046.293
[1] 41
Iteration:  41 . Objective= 2769282 
[1] 41
[1] 6.704751
[1] 114.5117
[1] 1049.43
[1] 42
Iteration:  42 . Objective= 2770534 
[1] 42
[1] 7.039989
[1] 117.3399
[1] 1053.13
[1] 43
Iteration:  43 . Objective= 2771703 
[1] 43
[1] 7.391988
[1] 120.1053
[1] 1053.473
[1] 44
Iteration:  44 . Objective= 2772794 
[1] 44
[1] 7.761588
[1] 122.8076
[1] 1052.12
[1] 45
Iteration:  45 . Objective= 2773813 
[1] 45
[1] 8.149667
[1] 125.4455
[1] 1052.694
[1] 46
Iteration:  46 . Objective= 2774766 
[1] 46
[1] 8.55715
[1] 128.0171
[1] 1055.4
[1] 47
Iteration:  47 . Objective= 2775656 
[1] 47
[1] 8.985008
[1] 130.5207
[1] 1057.259
[1] 48
Iteration:  48 . Objective= 2776488 
[1] 48
[1] 9.434258
[1] 132.9559
[1] 1056.667
[1] 49
Iteration:  49 . Objective= 2777267 
[1] 49
[1] 9.905971
[1] 135.3214
[1] 1055.456
[1] 50
Iteration:  50 . Objective= 2777995 
[1] 50
[1] 10.40127
[1] 137.6148
[1] 1055.889
[1] 51
Iteration:  51 . Objective= 2778677 
[1] 51
[1] 10.92133
[1] 139.8331
[1] 1057.351
[1] 52
Iteration:  52 . Objective= 2779314 
[1] 52
[1] 11.4674
[1] 141.9744
[1] 1057.552
[1] 53
Iteration:  53 . Objective= 2779911 
[1] 53
[1] 12.04077
[1] 144.0389
[1] 1056.201
[1] 54
Iteration:  54 . Objective= 2780470 
[1] 54
[1] 12.64281
[1] 146.028
[1] 1055.548
[1] 55
Iteration:  55 . Objective= 2780993 
[1] 55
[1] 13.27495
[1] 147.9429
[1] 1057.021
[1] 56
Iteration:  56 . Objective= 2781483 
[1] 56
[1] 13.9387
[1] 149.7844
[1] 1059.024
[1] 57
Iteration:  57 . Objective= 2781941 
[1] 57
[1] 14.63563
[1] 151.5542
[1] 1059.3
[1] 58
Iteration:  58 . Objective= 2782369 
[1] 58
[1] 15.36741
[1] 153.2542
[1] 1058.292
[1] 59
Iteration:  59 . Objective= 2782771 
[1] 59
[1] 16.13578
[1] 154.8862
[1] 1058.332
[1] 60
Iteration:  60 . Objective= 2783146 
[1] 60
[1] 16.94257
[1] 156.4512
[1] 1059.879
[1] 61
Iteration:  61 . Objective= 2783498 
[1] 61
[1] 17.7897
[1] 157.9496
[1] 1060.829
[1] 62
Iteration:  62 . Objective= 2783827 
[1] 62
[1] 18.67919
[1] 159.3825
[1] 1060.157
[1] 63
Iteration:  63 . Objective= 2784135 
[1] 63
[1] 19.61315
[1] 160.75
[1] 1059.768
[1] 64
Iteration:  64 . Objective= 2784424 
[1] 64
[1] 20.5938
[1] 162.0515
[1] 1061.148
[1] 65
Iteration:  65 . Objective= 2784694 
[1] 65
[1] 21.62349
[1] 163.2863
[1] 1062.567
[1] 66
Iteration:  66 . Objective= 2784948 
[1] 66
[1] 22.70467
[1] 164.456
[1] 1062.181
[1] 67
Iteration:  67 . Objective= 2785187 
[1] 67
[1] 23.8399
[1] 165.5628
[1] 1061.705
[1] 68
Iteration:  68 . Objective= 2785411 
[1] 68
[1] 25.0319
[1] 166.608
[1] 1063.34
[1] 69
Iteration:  69 . Objective= 2785621 
[1] 69
[1] 26.28349
[1] 167.5922
[1] 1065.008
[1] 70
Iteration:  70 . Objective= 2785819 
[1] 70
[1] 27.59766
[1] 168.5172
[1] 1063.701
[1] 71
Iteration:  71 . Objective= 2786003 
[1] 71
[1] 28.97755
[1] 169.385
[1] 1061.666
[1] 72
Iteration:  72 . Objective= 2786177 
[1] 72
[1] 30.42643
[1] 170.1951
[1] 1062.714
[1] 73
Iteration:  73 . Objective= 2786340 
[1] 73
[1] 31.94775
[1] 170.9445
[1] 1064.6
[1] 74
Iteration:  74 . Objective= 2786494 
[1] 74
[1] 33.54513
[1] 171.6316
[1] 1063.467
[1] 75
Iteration:  75 . Objective= 2786638 
[1] 75
[1] 35.22239
[1] 172.2564
[1] 1062.155
[1] 76
Iteration:  76 . Objective= 2786774 
[1] 76
[1] 36.98351
[1] 172.8194
[1] 1063.993
[1] 77
Iteration:  77 . Objective= 2786903 
[1] 77
[1] 38.83269
[1] 173.3235
[1] 1064.996
[1] 78
Iteration:  78 . Objective= 2787024 
[1] 78
[1] 40.77432
[1] 173.7738
[1] 1063.111
[1] 79
Iteration:  79 . Objective= 2787138 
[1] 79
[1] 42.81304
[1] 174.1736
[1] 1063.029
[1] 80
Iteration:  80 . Objective= 2787246 
[1] 80
[1] 44.95369
[1] 174.5257
[1] 1064.379
[1] 81
Iteration:  81 . Objective= 2787348 
[1] 81
[1] 47.20137
[1] 174.8337
[1] 1063.593
[1] 82
Iteration:  82 . Objective= 2787444 
[1] 82
[1] 49.56144
[1] 175.0997
[1] 1063.564
[1] 83
Iteration:  83 . Objective= 2787535 
[1] 83
[1] 52.03951
[1] 175.3282
[1] 1064.089
[1] 84
Iteration:  84 . Objective= 2787621 
[1] 84
[1] 54.64149
[1] 175.5267
[1] 1063.418
[1] 85
Iteration:  85 . Objective= 2787702 
[1] 85
[1] 57.37356
[1] 175.6985
[1] 1064.634
[1] 86
Iteration:  86 . Objective= 2787778 
[1] 86
[1] 60.24224
[1] 175.8485
[1] 1063.565
[1] 87
Iteration:  87 . Objective= 2787851 
[1] 87
[1] 63.25435
[1] 175.9785
[1] 1063.416
[1] 88
Iteration:  88 . Objective= 2787920 
[1] 88
[1] 66.41707
[1] 176.0889
[1] 1065.008
[1] 89
Iteration:  89 . Objective= 2787985 
[1] 89
[1] 69.73792
[1] 176.1808
[1] 1062.597
[1] 90
Iteration:  90 . Objective= 2788046 
[1] 90
[1] 73.22482
[1] 176.2514
[1] 1066.467
[1] 91
Iteration:  91 . Objective= 2788103 
[1] 91
[1] 76.88606
[1] 176.308
[1] 1062.564
[1] 92
Iteration:  92 . Objective= 2788156 
[1] 92
[1] 80.73037
[1] 176.3461
[1] 1070.606
[1] 93
Iteration:  93 . Objective= 2788205 
[1] 93
[1] 84.76688
[1] 176.3925
[1] 1053.827
[1] 94
Iteration:  94 . Objective= 2788250 
[1] 94
[1] 89.00523
[1] 176.3924
[1] 1099.574
[1] 95
Iteration:  95 . Objective= 2788280 
[1] 95
[1] 93.45549
[1] 176.5251
[1] 979.2769
[1] 96
[1] 97
Iteration:  97 . Objective= 2788280 
[1] 97
[1] 49.06413
[1] 176.4085
[1] 979.2769
[1] 98
[1] 99
Iteration:  99 . Objective= 2788280 
[1] 99
[1] 25.75867
[1] 176.3526
[1] 979.2769
[1] 100
Iteration:  100 . Objective= 2788295 
[1] 100
[1] 27.0466
[1] 176.2224
[1] 1124.673
        1         2         3         4         5         6         7         8 
176.22236 164.26204 147.36717 135.50174 123.71398 105.23457  90.53283  83.03625 
        9        10        11        12        13        14        15        16 
 81.84347  81.12035  79.83305  78.04907  75.10230  74.27123  74.16841  73.15779 
       17        18        19        20 
 69.43580  67.44994  63.37617  59.18944 
For users of newer versions (1.0.1+): the `scores` matrix now contains factor scores, the `V` matrix is UNSCALED scores.
For users of newer versions (1.0.1+): the `scores` matrix now contains factor scores.
[1] 265972273
[1] 125
[1] 1
Iteration:  1 . Objective= 2605365 
[1] 1
[1] 1
[1] 40.65033
[1] 532.7389
[1] 2
Iteration:  2 . Objective= 2615211 
[1] 2
[1] 1
[1] 40.56284
[1] 1034.894
[1] 3
Iteration:  3 . Objective= 2621258 
[1] 3
[1] 1.05
[1] 40.4471
[1] 1415.394
[1] 4
Iteration:  4 . Objective= 2625957 
[1] 4
[1] 1.1025
[1] 40.30806
[1] 1497.17
[1] 5
Iteration:  5 . Objective= 2630343 
[1] 5
[1] 1.157625
[1] 40.1491
[1] 1419.986
[1] 6
Iteration:  6 . Objective= 2634879 
[1] 6
[1] 1.215506
[1] 39.97242
[1] 1317.635
[1] 7
Iteration:  7 . Objective= 2639770 
[1] 7
[1] 1.276282
[1] 39.77899
[1] 1254.799
[1] 8
Iteration:  8 . Objective= 2645022 
[1] 8
[1] 1.340096
[1] 39.56869
[1] 1242.66
[1] 9
Iteration:  9 . Objective= 2650504 
[1] 9
[1] 1.4071
[1] 39.34092
[1] 1263.556
[1] 10
Iteration:  10 . Objective= 2656059 
[1] 10
[1] 1.477455
[1] 39.09535
[1] 1289.139
[1] 11
Iteration:  11 . Objective= 2661584 
[1] 11
[1] 1.551328
[1] 38.83244
[1] 1293.607
[1] 12
Iteration:  12 . Objective= 2667051 
[1] 12
[1] 1.628895
[1] 38.55379
[1] 1261.392
[1] 13
Iteration:  13 . Objective= 2672490 
[1] 13
[1] 1.710339
[1] 38.26255
[1] 1189.994
[1] 14
Iteration:  14 . Objective= 2677963 
[1] 14
[1] 1.795856
[1] 37.96391
[1] 1096.106
[1] 15
Iteration:  15 . Objective= 2683533 
[1] 15
[1] 1.885649
[1] 37.66573
[1] 1021.932
[1] 16
Iteration:  16 . Objective= 2689208 
[1] 16
[1] 1.979932
[1] 37.38211
[1] 1011.105
[1] 17
Iteration:  17 . Objective= 2694870 
[1] 17
[1] 2.078928
[1] 37.18557
[1] 1059.448
[1] 18
Iteration:  18 . Objective= 2700353 
[1] 18
[1] 2.182875
[1] 39.4979
[1] 1106.428
[1] 19
Iteration:  19 . Objective= 2705575 
[1] 19
[1] 2.292018
[1] 42.70547
[1] 1096.257
[1] 20
Iteration:  20 . Objective= 2710549 
[1] 20
[1] 2.406619
[1] 45.9774
[1] 1043.272
[1] 21
Iteration:  21 . Objective= 2715322 
[1] 21
[1] 2.52695
[1] 49.30581
[1] 1011.627
[1] 22
Iteration:  22 . Objective= 2719910 
[1] 22
[1] 2.653298
[1] 52.66118
[1] 1032.243
[1] 23
Iteration:  23 . Objective= 2724271 
[1] 23
[1] 2.785963
[1] 56.01445
[1] 1068.275
[1] 24
Iteration:  24 . Objective= 2728378 
[1] 24
[1] 2.925261
[1] 59.36126
[1] 1069.776
[1] 25
Iteration:  25 . Objective= 2732236 
[1] 25
[1] 3.071524
[1] 62.71666
[1] 1037.886
[1] 26
Iteration:  26 . Objective= 2735875 
[1] 26
[1] 3.2251
[1] 66.09209
[1] 1014.747
[1] 27
Iteration:  27 . Objective= 2739312 
[1] 27
[1] 3.386355
[1] 69.4812
[1] 1024.966
[1] 28
Iteration:  28 . Objective= 2742544 
[1] 28
[1] 3.555673
[1] 72.86947
[1] 1050.382
[1] 29
Iteration:  29 . Objective= 2745567 
[1] 29
[1] 3.733456
[1] 76.24883
[1] 1059.893
[1] 30
Iteration:  30 . Objective= 2748389 
[1] 30
[1] 3.920129
[1] 79.61963
[1] 1047.386
[1] 31
Iteration:  31 . Objective= 2751028 
[1] 31
[1] 4.116136
[1] 82.98231
[1] 1033.201
[1] 32
Iteration:  32 . Objective= 2753502 
[1] 32
[1] 4.321942
[1] 86.33064
[1] 1035.934
[1] 33
Iteration:  33 . Objective= 2755818 
[1] 33
[1] 4.538039
[1] 89.65406
[1] 1052.206
[1] 34
Iteration:  34 . Objective= 2757980 
[1] 34
[1] 4.764941
[1] 92.94435
[1] 1064.095
[1] 35
Iteration:  35 . Objective= 2759994 
[1] 35
[1] 5.003189
[1] 96.19804
[1] 1060.883
[1] 36
Iteration:  36 . Objective= 2761870 
[1] 36
[1] 5.253348
[1] 99.41299
[1] 1049.451
[1] 37
Iteration:  37 . Objective= 2763622 
[1] 37
[1] 5.516015
[1] 102.5839
[1] 1043.969
[1] 38
Iteration:  38 . Objective= 2765257 
[1] 38
[1] 5.791816
[1] 105.7021
[1] 1049.551
[1] 39
Iteration:  39 . Objective= 2766784 
[1] 39
[1] 6.081407
[1] 108.76
[1] 1058.497
[1] 40
Iteration:  40 . Objective= 2768207 
[1] 40
[1] 6.385477
[1] 111.7541
[1] 1060.85
[1] 41
Iteration:  41 . Objective= 2769535 
[1] 41
[1] 6.704751
[1] 114.6846
[1] 1055.452
[1] 42
Iteration:  42 . Objective= 2770774 
[1] 42
[1] 7.039989
[1] 117.5522
[1] 1049.596
[1] 43
Iteration:  43 . Objective= 2771933 
[1] 43
[1] 7.391988
[1] 120.3563
[1] 1049.696
[1] 44
Iteration:  44 . Objective= 2773016 
[1] 44
[1] 7.761588
[1] 123.0946
[1] 1054.773
[1] 45
Iteration:  45 . Objective= 2774029 
[1] 45
[1] 8.149667
[1] 125.7652
[1] 1059.208
[1] 46
Iteration:  46 . Objective= 2774975 
[1] 46
[1] 8.55715
[1] 128.367
[1] 1059.733
[1] 47
Iteration:  47 . Objective= 2775859 
[1] 47
[1] 8.985008
[1] 130.8991
[1] 1058.155
[1] 48
Iteration:  48 . Objective= 2776688 
[1] 48
[1] 9.434258
[1] 133.3599
[1] 1057.84
[1] 49
Iteration:  49 . Objective= 2777463 
[1] 49
[1] 9.905971
[1] 135.7476
[1] 1059.446
[1] 50
Iteration:  50 . Objective= 2778188 
[1] 50
[1] 10.40127
[1] 138.0604
[1] 1060.971
[1] 51
Iteration:  51 . Objective= 2778868 
[1] 51
[1] 10.92133
[1] 140.297
[1] 1060.901
[1] 52
Iteration:  52 . Objective= 2779503 
[1] 52
[1] 11.4674
[1] 142.4557
[1] 1059.854
[1] 53
Iteration:  53 . Objective= 2780098 
[1] 53
[1] 12.04077
[1] 144.5349
[1] 1059.146
[1] 54
Iteration:  54 . Objective= 2780656 
[1] 54
[1] 12.64281
[1] 146.5338
[1] 1059.011
[1] 55
Iteration:  55 . Objective= 2781177 
[1] 55
[1] 13.27495
[1] 148.4539
[1] 1058.981
[1] 56
Iteration:  56 . Objective= 2781666 
[1] 56
[1] 13.9387
[1] 150.2976
[1] 1059.215
[1] 57
Iteration:  57 . Objective= 2782123 
[1] 57
[1] 14.63563
[1] 152.0671
[1] 1060.279
[1] 58
Iteration:  58 . Objective= 2782551 
[1] 58
[1] 15.36741
[1] 153.7636
[1] 1061.75
[1] 59
Iteration:  59 . Objective= 2782950 
[1] 59
[1] 16.13578
[1] 155.388
[1] 1062.33
[1] 60
Iteration:  60 . Objective= 2783324 
[1] 60
[1] 16.94257
[1] 156.9422
[1] 1061.738
[1] 61
Iteration:  61 . Objective= 2783673 
[1] 61
[1] 17.7897
[1] 158.4282
[1] 1061.284
[1] 62
Iteration:  62 . Objective= 2784000 
[1] 62
[1] 18.67919
[1] 159.847
[1] 1061.859
[1] 63
Iteration:  63 . Objective= 2784305 
[1] 63
[1] 19.61315
[1] 161.1988
[1] 1062.52
[1] 64
Iteration:  64 . Objective= 2784591 
[1] 64
[1] 20.5938
[1] 162.4836
[1] 1062.303
[1] 65
Iteration:  65 . Objective= 2784859 
[1] 65
[1] 21.62349
[1] 163.7018
[1] 1062.163
[1] 66
Iteration:  66 . Objective= 2785110 
[1] 66
[1] 22.70467
[1] 164.8538
[1] 1063.295
[1] 67
Iteration:  67 . Objective= 2785345 
[1] 67
[1] 23.8399
[1] 165.9409
[1] 1064.682
[1] 68
Iteration:  68 . Objective= 2785566 
[1] 68
[1] 25.0319
[1] 166.9652
[1] 1064.753
[1] 69
Iteration:  69 . Objective= 2785773 
[1] 69
[1] 26.28349
[1] 167.9295
[1] 1064.471
[1] 70
Iteration:  70 . Objective= 2785967 
[1] 70
[1] 27.59766
[1] 168.8353
[1] 1065.463
[1] 71
Iteration:  71 . Objective= 2786149 
[1] 71
[1] 28.97755
[1] 169.6825
[1] 1066.134
[1] 72
Iteration:  72 . Objective= 2786320 
[1] 72
[1] 30.42643
[1] 170.4716
[1] 1064.517
[1] 73
Iteration:  73 . Objective= 2786480 
[1] 73
[1] 31.94775
[1] 171.2026
[1] 1063.324
[1] 74
Iteration:  74 . Objective= 2786630 
[1] 74
[1] 33.54513
[1] 171.8728
[1] 1065.34
[1] 75
Iteration:  75 . Objective= 2786772 
[1] 75
[1] 35.22239
[1] 172.479
[1] 1067.056
[1] 76
Iteration:  76 . Objective= 2786905 
[1] 76
[1] 36.98351
[1] 173.0218
[1] 1065.645
[1] 77
Iteration:  77 . Objective= 2787030 
[1] 77
[1] 38.83269
[1] 173.5044
[1] 1065.37
[1] 78
Iteration:  78 . Objective= 2787147 
[1] 78
[1] 40.77432
[1] 173.93
[1] 1067.335
[1] 79
Iteration:  79 . Objective= 2787258 
[1] 79
[1] 42.81304
[1] 174.3047
[1] 1066.366
[1] 80
Iteration:  80 . Objective= 2787362 
[1] 80
[1] 44.95369
[1] 174.6348
[1] 1064.857
[1] 81
Iteration:  81 . Objective= 2787459 
[1] 81
[1] 47.20137
[1] 174.9223
[1] 1067.087
[1] 82
Iteration:  82 . Objective= 2787551 
[1] 82
[1] 49.56144
[1] 175.1692
[1] 1066.917
[1] 83
Iteration:  83 . Objective= 2787637 
[1] 83
[1] 52.03951
[1] 175.3798
[1] 1065.23
[1] 84
Iteration:  84 . Objective= 2787719 
[1] 84
[1] 54.64149
[1] 175.5569
[1] 1067.315
[1] 85
Iteration:  85 . Objective= 2787795 
[1] 85
[1] 57.37356
[1] 175.7078
[1] 1066.386
[1] 86
Iteration:  86 . Objective= 2787867 
[1] 86
[1] 60.24224
[1] 175.8363
[1] 1066.221
[1] 87
Iteration:  87 . Objective= 2787936 
[1] 87
[1] 63.25435
[1] 175.9443
[1] 1067.06
[1] 88
Iteration:  88 . Objective= 2788000 
[1] 88
[1] 66.41707
[1] 176.0364
[1] 1065.51
[1] 89
Iteration:  89 . Objective= 2788060 
[1] 89
[1] 69.73792
[1] 176.1104
[1] 1068.742
[1] 90
Iteration:  90 . Objective= 2788117 
[1] 90
[1] 73.22482
[1] 176.174
[1] 1064.008
[1] 91
Iteration:  91 . Objective= 2788170 
[1] 91
[1] 76.88606
[1] 176.2138
[1] 1073.366
[1] 92
Iteration:  92 . Objective= 2788219 
[1] 92
[1] 80.73037
[1] 176.263
[1] 1057.019
[1] 93
Iteration:  93 . Objective= 2788263 
[1] 93
[1] 84.76688
[1] 176.2559
[1] 1095.551
[1] 94
Iteration:  94 . Objective= 2788296 
[1] 94
[1] 89.00523
[1] 176.4015
[1] 1004.126
[1] 95
[1] 96
Iteration:  96 . Objective= 2788296 
[1] 96
[1] 46.72774
[1] 176.2823
[1] 1004.126
[1] 97
[1] 98
Iteration:  98 . Objective= 2788296 
[1] 98
[1] 24.53207
[1] 176.2213
[1] 1004.126
[1] 99
Iteration:  99 . Objective= 2788310 
[1] 99
[1] 25.75867
[1] 176.0975
[1] 1103.676
[1] 100
[1] 101
Iteration:  101 . Objective= 2788310 
[1] 101
[1] 13.5233
[1] 176.1258
[1] 1103.676
[1] 102
Iteration:  102 . Objective= 2788315 
[1] 102
[1] 14.19947
[1] 175.9496
[1] 1075.866
[1] 103
Iteration:  103 . Objective= 2788317 
[1] 103
[1] 14.90944
[1] 175.7126
[1] 1043.586
[1] 104
Iteration:  104 . Objective= 2788320 
[1] 104
[1] 15.65491
[1] 175.4281
[1] 1035.181
[1] 105
Iteration:  105 . Objective= 2788327 
[1] 105
[1] 16.43766
[1] 175.0971
[1] 1059.414
[1] 106
Iteration:  106 . Objective= 2788329 
[1] 106
[1] 17.25954
[1] 174.7157
[1] 1094.537
[1] 107
[1] 108
Iteration:  108 . Objective= 2788329 
[1] 108
[1] 9.061259
[1] 175.018
[1] 1094.537
[1] 109
Iteration:  109 . Objective= 2788329 
[1] 109
[1] 9.514321
[1] 174.8671
[1] 1081.596
[1] 110
[1] 111
Iteration:  111 . Objective= 2788329 
[1] 111
[1] 4.995019
[1] 174.9317
[1] 1081.596
[1] 112
[1] 113
Iteration:  113 . Objective= 2788329 
[1] 113
[1] 2.622385
[1] 174.9252
[1] 1081.596
[1] 114
[1] 115
Iteration:  115 . Objective= 2788329 
[1] 115
[1] 1.376752
[1] 174.9218
[1] 1081.596
[1] 116
[1] 117
        1         2         3         4         5         6         7         8 
174.92177 163.08710 146.21514 134.39333 122.51183 103.95471  88.92025  81.01909 
        9        10        11        12        13        14        15        16 
 80.08034  78.63069  77.36078  75.85807  72.97161  72.20865  71.63352  70.63001 
       17        18        19        20 
 67.60834  65.62800  61.69542  57.16059 
For users of newer versions (1.0.1+): the `scores` matrix now contains factor scores, the `V` matrix is UNSCALED scores.
For users of newer versions (1.0.1+): the `scores` matrix now contains factor scores.
[1] 265975857
[1] 150
[1] 1
Iteration:  1 . Objective= 2599150 
[1] 1
[1] 1
[1] 25.48599
[1] 533.9543
[1] 2
Iteration:  2 . Objective= 2609694 
[1] 2
[1] 1
[1] 25.42856
[1] 1133.958
[1] 3
Iteration:  3 . Objective= 2615514 
[1] 3
[1] 1.05
[1] 25.34164
[1] 1469.54
[1] 4
Iteration:  4 . Objective= 2620093 
[1] 4
[1] 1.1025
[1] 25.23627
[1] 1459.407
[1] 5
Iteration:  5 . Objective= 2624559 
[1] 5
[1] 1.157625
[1] 25.11969
[1] 1336.232
[1] 6
Iteration:  6 . Objective= 2629384 
[1] 6
[1] 1.215506
[1] 24.99618
[1] 1241.037
[1] 7
Iteration:  7 . Objective= 2634698 
[1] 7
[1] 1.276282
[1] 24.867
[1] 1211.868
[1] 8
Iteration:  8 . Objective= 2640384 
[1] 8
[1] 1.340096
[1] 24.73174
[1] 1232.45
[1] 9
Iteration:  9 . Objective= 2646227 
[1] 9
[1] 1.4071
[1] 24.59045
[1] 1266.112
[1] 10
Iteration:  10 . Objective= 2652074 
[1] 10
[1] 1.477455
[1] 24.44588
[1] 1275.643
[1] 11
Iteration:  11 . Objective= 2657880 
[1] 11
[1] 1.551328
[1] 24.30668
[1] 1235.666
[1] 12
Iteration:  12 . Objective= 2663689 
[1] 12
[1] 1.628895
[1] 24.19843
[1] 1145.881
[1] 13
Iteration:  13 . Objective= 2669598 
[1] 13
[1] 1.710339
[1] 24.97942
[1] 1048.333
[1] 14
Iteration:  14 . Objective= 2675680 
[1] 14
[1] 1.795856
[1] 27.81463
[1] 1006.662
[1] 15
Iteration:  15 . Objective= 2681857 
[1] 15
[1] 1.885649
[1] 30.80594
[1] 1039.282
[1] 16
Iteration:  16 . Objective= 2687916 
[1] 16
[1] 1.979932
[1] 33.87839
[1] 1092.09
[1] 17
Iteration:  17 . Objective= 2693714 
[1] 17
[1] 2.078928
[1] 37.00665
[1] 1095.987
[1] 18
Iteration:  18 . Objective= 2699241 
[1] 18
[1] 2.182875
[1] 40.19998
[1] 1049.234
[1] 19
Iteration:  19 . Objective= 2704554 
[1] 19
[1] 2.292018
[1] 43.45916
[1] 1014.812
[1] 20
Iteration:  20 . Objective= 2709675 
[1] 20
[1] 2.406619
[1] 46.75396
[1] 1031.413
[1] 21
Iteration:  21 . Objective= 2714560 
[1] 21
[1] 2.52695
[1] 50.05195
[1] 1064.937
[1] 22
Iteration:  22 . Objective= 2719174 
[1] 22
[1] 2.653298
[1] 53.34692
[1] 1064.013
[1] 23
Iteration:  23 . Objective= 2723529 
[1] 23
[1] 2.785963
[1] 56.65311
[1] 1032.181
[1] 24
Iteration:  24 . Objective= 2727657 
[1] 24
[1] 2.925261
[1] 59.98019
[1] 1013.916
[1] 25
Iteration:  25 . Objective= 2731570 
[1] 25
[1] 3.071524
[1] 63.32171
[1] 1028.593
[1] 26
Iteration:  26 . Objective= 2735255 
[1] 26
[1] 3.2251
[1] 66.66744
[1] 1050.972
[1] 27
Iteration:  27 . Objective= 2738707 
[1] 27
[1] 3.386355
[1] 70.01546
[1] 1052.263
[1] 28
Iteration:  28 . Objective= 2741939 
[1] 28
[1] 3.555673
[1] 73.36882
[1] 1036.268
[1] 29
Iteration:  29 . Objective= 2744972 
[1] 29
[1] 3.733456
[1] 76.72522
[1] 1027.173
[1] 30
Iteration:  30 . Objective= 2747820 
[1] 30
[1] 3.920129
[1] 80.07439
[1] 1035.906
[1] 31
Iteration:  31 . Objective= 2750490 
[1] 31
[1] 4.116136
[1] 83.40539
[1] 1050.402
[1] 32
Iteration:  32 . Objective= 2752987 
[1] 32
[1] 4.321942
[1] 86.71287
[1] 1054.495
[1] 33
Iteration:  33 . Objective= 2755318 
[1] 33
[1] 4.538039
[1] 89.99559
[1] 1046.93
[1] 34
Iteration:  34 . Objective= 2757497 
[1] 34
[1] 4.764941
[1] 93.25085
[1] 1039.259
[1] 35
Iteration:  35 . Objective= 2759534 
[1] 35
[1] 5.003189
[1] 96.47149
[1] 1040.125
[1] 36
Iteration:  36 . Objective= 2761438 
[1] 36
[1] 5.253348
[1] 99.64814
[1] 1046.737
[1] 37
Iteration:  37 . Objective= 2763214 
[1] 37
[1] 5.516015
[1] 102.7731
[1] 1050.941
[1] 38
Iteration:  38 . Objective= 2764870 
[1] 38
[1] 5.791816
[1] 105.8419
[1] 1049.391
[1] 39
Iteration:  39 . Objective= 2766415 
[1] 39
[1] 6.081407
[1] 108.8517
[1] 1045.727
[1] 40
Iteration:  40 . Objective= 2767859 
[1] 40
[1] 6.385477
[1] 111.8009
[1] 1044.647
[1] 41
Iteration:  41 . Objective= 2769207 
[1] 41
[1] 6.704751
[1] 114.6882
[1] 1046.671
[1] 42
Iteration:  42 . Objective= 2770465 
[1] 42
[1] 7.039989
[1] 117.5133
[1] 1049.167
[1] 43
Iteration:  43 . Objective= 2771640 
[1] 43
[1] 7.391988
[1] 120.276
[1] 1050.485
[1] 44
Iteration:  44 . Objective= 2772736 
[1] 44
[1] 7.761588
[1] 122.9751
[1] 1051.36
[1] 45
Iteration:  45 . Objective= 2773761 
[1] 45
[1] 8.149667
[1] 125.6085
[1] 1052.744
[1] 46
Iteration:  46 . Objective= 2774718 
[1] 46
[1] 8.55715
[1] 128.1737
[1] 1054.029
[1] 47
Iteration:  47 . Objective= 2775612 
[1] 47
[1] 8.985008
[1] 130.6695
[1] 1054.179
[1] 48
Iteration:  48 . Objective= 2776449 
[1] 48
[1] 9.434258
[1] 133.0949
[1] 1053.662
[1] 49
Iteration:  49 . Objective= 2777231 
[1] 49
[1] 9.905971
[1] 135.4487
[1] 1054.028
[1] 50
Iteration:  50 . Objective= 2777963 
[1] 50
[1] 10.40127
[1] 137.7284
[1] 1055.629
[1] 51
Iteration:  51 . Objective= 2778648 
[1] 51
[1] 10.92133
[1] 139.9316
[1] 1056.907
[1] 52
Iteration:  52 . Objective= 2779289 
[1] 52
[1] 11.4674
[1] 142.057
[1] 1056.537
[1] 53
Iteration:  53 . Objective= 2779889 
[1] 53
[1] 12.04077
[1] 144.1053
[1] 1055.446
[1] 54
Iteration:  54 . Objective= 2780450 
[1] 54
[1] 12.64281
[1] 146.0781
[1] 1055.727
[1] 55
Iteration:  55 . Objective= 2780975 
[1] 55
[1] 13.27495
[1] 147.9769
[1] 1057.795
[1] 56
Iteration:  56 . Objective= 2781467 
[1] 56
[1] 13.9387
[1] 149.8034
[1] 1059.773
[1] 57
Iteration:  57 . Objective= 2781927 
[1] 57
[1] 14.63563
[1] 151.5592
[1] 1060.03
[1] 58
Iteration:  58 . Objective= 2782357 
[1] 58
[1] 15.36741
[1] 153.2459
[1] 1059.287
[1] 59
Iteration:  59 . Objective= 2782759 
[1] 59
[1] 16.13578
[1] 154.8648
[1] 1059.314
[1] 60
Iteration:  60 . Objective= 2783136 
[1] 60
[1] 16.94257
[1] 156.4168
[1] 1060.301
[1] 61
Iteration:  61 . Objective= 2783489 
[1] 61
[1] 17.7897
[1] 157.9029
[1] 1060.95
[1] 62
Iteration:  62 . Objective= 2783818 
[1] 62
[1] 18.67919
[1] 159.324
[1] 1060.918
[1] 63
Iteration:  63 . Objective= 2784127 
[1] 63
[1] 19.61315
[1] 160.6802
[1] 1061.348
[1] 64
Iteration:  64 . Objective= 2784416 
[1] 64
[1] 20.5938
[1] 161.9708
[1] 1062.53
[1] 65
Iteration:  65 . Objective= 2784688 
[1] 65
[1] 21.62349
[1] 163.1955
[1] 1063.078
[1] 66
Iteration:  66 . Objective= 2784942 
[1] 66
[1] 22.70467
[1] 164.3559
[1] 1062.567
[1] 67
Iteration:  67 . Objective= 2785181 
[1] 67
[1] 23.8399
[1] 165.4539
[1] 1062.844
[1] 68
Iteration:  68 . Objective= 2785405 
[1] 68
[1] 25.0319
[1] 166.4907
[1] 1064.735
[1] 69
Iteration:  69 . Objective= 2785616 
[1] 69
[1] 26.28349
[1] 167.4669
[1] 1065.716
[1] 70
Iteration:  70 . Objective= 2785813 
[1] 70
[1] 27.59766
[1] 168.3844
[1] 1064.008
[1] 71
Iteration:  71 . Objective= 2785999 
[1] 71
[1] 28.97755
[1] 169.2451
[1] 1062.433
[1] 72
Iteration:  72 . Objective= 2786173 
[1] 72
[1] 30.42643
[1] 170.0481
[1] 1063.747
[1] 73
Iteration:  73 . Objective= 2786336 
[1] 73
[1] 31.94775
[1] 170.7905
[1] 1065.259
[1] 74
Iteration:  74 . Objective= 2786490 
[1] 74
[1] 33.54513
[1] 171.4703
[1] 1064.105
[1] 75
Iteration:  75 . Objective= 2786634 
[1] 75
[1] 35.22239
[1] 172.0874
[1] 1063.262
[1] 76
Iteration:  76 . Objective= 2786770 
[1] 76
[1] 36.98351
[1] 172.6434
[1] 1064.979
[1] 77
Iteration:  77 . Objective= 2786899 
[1] 77
[1] 38.83269
[1] 173.1417
[1] 1065.49
[1] 78
Iteration:  78 . Objective= 2787020 
[1] 78
[1] 40.77432
[1] 173.5869
[1] 1063.822
[1] 79
Iteration:  79 . Objective= 2787134 
[1] 79
[1] 42.81304
[1] 173.9822
[1] 1064.121
[1] 80
Iteration:  80 . Objective= 2787242 
[1] 80
[1] 44.95369
[1] 174.3309
[1] 1065.253
[1] 81
Iteration:  81 . Objective= 2787344 
[1] 81
[1] 47.20137
[1] 174.6372
[1] 1064.41
[1] 82
Iteration:  82 . Objective= 2787439 
[1] 82
[1] 49.56144
[1] 174.9036
[1] 1064.589
[1] 83
Iteration:  83 . Objective= 2787530 
[1] 83
[1] 52.03951
[1] 175.1346
[1] 1064.982
[1] 84
Iteration:  84 . Objective= 2787615 
[1] 84
[1] 54.64149
[1] 175.338
[1] 1064.197
[1] 85
Iteration:  85 . Objective= 2787696 
[1] 85
[1] 57.37356
[1] 175.5174
[1] 1065.418
[1] 86
Iteration:  86 . Objective= 2787772 
[1] 86
[1] 60.24224
[1] 175.6761
[1] 1064.477
[1] 87
Iteration:  87 . Objective= 2787844 
[1] 87
[1] 63.25435
[1] 175.8159
[1] 1064.384
[1] 88
Iteration:  88 . Objective= 2787913 
[1] 88
[1] 66.41707
[1] 175.9373
[1] 1065.632
[1] 89
Iteration:  89 . Objective= 2787978 
[1] 89
[1] 69.73792
[1] 176.0409
[1] 1063.487
[1] 90
Iteration:  90 . Objective= 2788039 
[1] 90
[1] 73.22482
[1] 176.1245
[1] 1067.207
[1] 91
Iteration:  91 . Objective= 2788096 
[1] 91
[1] 76.88606
[1] 176.1947
[1] 1063.23
[1] 92
Iteration:  92 . Objective= 2788150 
[1] 92
[1] 80.73037
[1] 176.2456
[1] 1071.854
[1] 93
Iteration:  93 . Objective= 2788200 
[1] 93
[1] 84.76688
[1] 176.3041
[1] 1053.375
[1] 94
Iteration:  94 . Objective= 2788245 
[1] 94
[1] 89.00523
[1] 176.3141
[1] 1103.907
[1] 95
Iteration:  95 . Objective= 2788274 
[1] 95
[1] 93.45549
[1] 176.4597
[1] 972.6072
[1] 96
[1] 97
Iteration:  97 . Objective= 2788274 
[1] 97
[1] 49.06413
[1] 176.3318
[1] 972.6072
[1] 98
[1] 99
Iteration:  99 . Objective= 2788274 
[1] 99
[1] 25.75867
[1] 176.2751
[1] 972.6072
[1] 100
Iteration:  100 . Objective= 2788290 
[1] 100
[1] 27.0466
[1] 176.1453
[1] 1131.787
[1] 101
[1] 102
Iteration:  102 . Objective= 2788290 
[1] 102
[1] 14.19947
[1] 176.1788
[1] 1131.787
[1] 103
Iteration:  103 . Objective= 2788298 
[1] 103
[1] 14.90944
[1] 176.0018
[1] 1079.353
[1] 104
Iteration:  104 . Objective= 2788299 
[1] 104
[1] 15.65491
[1] 175.7653
[1] 1020.675
[1] 105
Iteration:  105 . Objective= 2788302 
[1] 105
[1] 16.43766
[1] 175.4829
[1] 1008.982
[1] 106
Iteration:  106 . Objective= 2788314 
[1] 106
[1] 17.25954
[1] 175.1534
[1] 1057.12
[1] 107
Iteration:  107 . Objective= 2788315 
[1] 107
[1] 18.12252
[1] 174.772
[1] 1119.251
[1] 108
Iteration:  108 . Objective= 2788317 
[1] 108
[1] 19.02864
[1] 174.3469
[1] 1128.765
[1] 109
Iteration:  109 . Objective= 2788322 
[1] 109
[1] 19.98008
[1] 173.9046
[1] 1073.727
[1] 110
[1] 111
Iteration:  111 . Objective= 2788322 
[1] 111
[1] 10.48954
[1] 174.2839
[1] 1073.727
[1] 112
[1] 113
Iteration:  113 . Objective= 2788322 
[1] 113
[1] 5.507008
[1] 174.2663
[1] 1073.727
[1] 114
[1] 115
Iteration:  115 . Objective= 2788322 
[1] 115
[1] 2.891179
[1] 174.2571
[1] 1073.727
[1] 116
[1] 117
Iteration:  117 . Objective= 2788322 
[1] 117
[1] 1.517869
[1] 174.2523
[1] 1073.727
[1] 118
[1] 119
        1         2         3         4         5         6         7         8 
174.25229 162.40194 145.56477 133.68587 121.88443 103.30965  88.43093  80.74537 
        9        10        11        12        13        14        15        16 
 79.60877  78.81341  77.24472  75.83712  72.66296  71.89838  71.35613  70.98418 
       17        18        19        20 
 67.56120  65.36185  61.34028  56.67803 
For users of newer versions (1.0.1+): the `scores` matrix now contains factor scores, the `V` matrix is UNSCALED scores.
For users of newer versions (1.0.1+): the `scores` matrix now contains factor scores.
[1] 265978290
[1] 175
[1] 1
Iteration:  1 . Objective= 2600818 
[1] 1
[1] 1
[1] 18.79401
[1] 530.7386
[1] 2
Iteration:  2 . Objective= 2611157 
[1] 2
[1] 1
[1] 18.75069
[1] 1164.423
[1] 3
Iteration:  3 . Objective= 2616813 
[1] 3
[1] 1.05
[1] 18.67871
[1] 1458.626
[1] 4
Iteration:  4 . Objective= 2621368 
[1] 4
[1] 1.1025
[1] 18.59156
[1] 1439.812
[1] 5
Iteration:  5 . Objective= 2625863 
[1] 5
[1] 1.157625
[1] 18.49819
[1] 1329.741
[1] 6
Iteration:  6 . Objective= 2630713 
[1] 6
[1] 1.215506
[1] 18.40459
[1] 1247.994
[1] 7
Iteration:  7 . Objective= 2636014 
[1] 7
[1] 1.276282
[1] 18.31444
[1] 1225.463
[1] 8
Iteration:  8 . Objective= 2641645 
[1] 8
[1] 1.340096
[1] 18.23221
[1] 1247.747
[1] 9
Iteration:  9 . Objective= 2647409 
[1] 9
[1] 1.4071
[1] 18.17219
[1] 1283.645
[1] 10
Iteration:  10 . Objective= 2653160 
[1] 10
[1] 1.477455
[1] 18.21672
[1] 1303.605
[1] 11
Iteration:  11 . Objective= 2658839 
[1] 11
[1] 1.551328
[1] 19.79114
[1] 1290.74
[1] 12
Iteration:  12 . Objective= 2664456 
[1] 12
[1] 1.628895
[1] 22.04529
[1] 1242.371
[1] 13
Iteration:  13 . Objective= 2670061 
[1] 13
[1] 1.710339
[1] 24.49543
[1] 1167.205
[1] 14
Iteration:  14 . Objective= 2675716 
[1] 14
[1] 1.795856
[1] 27.14604
[1] 1087.698
[1] 15
Iteration:  15 . Objective= 2681460 
[1] 15
[1] 1.885649
[1] 29.99518
[1] 1038.682
[1] 16
Iteration:  16 . Objective= 2687261 
[1] 16
[1] 1.979932
[1] 33.00319
[1] 1042.504
[1] 17
Iteration:  17 . Objective= 2692994 
[1] 17
[1] 2.078928
[1] 36.11195
[1] 1080.968
[1] 18
Iteration:  18 . Objective= 2698532 
[1] 18
[1] 2.182875
[1] 39.28178
[1] 1106.027
[1] 19
Iteration:  19 . Objective= 2703823 
[1] 19
[1] 2.292018
[1] 42.50446
[1] 1087.705
[1] 20
Iteration:  20 . Objective= 2708886 
[1] 20
[1] 2.406619
[1] 45.78642
[1] 1047.043
[1] 21
Iteration:  21 . Objective= 2713752 
[1] 21
[1] 2.52695
[1] 49.12092
[1] 1029.231
[1] 22
Iteration:  22 . Objective= 2718419 
[1] 22
[1] 2.653298
[1] 52.48248
[1] 1047.741
[1] 23
Iteration:  23 . Objective= 2722853 
[1] 23
[1] 2.785963
[1] 55.84913
[1] 1070.636
[1] 24
Iteration:  24 . Objective= 2727034 
[1] 24
[1] 2.925261
[1] 59.21859
[1] 1064.9
[1] 25
Iteration:  25 . Objective= 2730975 
[1] 25
[1] 3.071524
[1] 62.60223
[1] 1037.705
[1] 26
Iteration:  26 . Objective= 2734699 
[1] 26
[1] 3.2251
[1] 66.00714
[1] 1021.791
[1] 27
Iteration:  27 . Objective= 2738218 
[1] 27
[1] 3.386355
[1] 69.42699
[1] 1032.086
[1] 28
Iteration:  28 . Objective= 2741527 
[1] 28
[1] 3.555673
[1] 72.85008
[1] 1051.611
[1] 29
Iteration:  29 . Objective= 2744626 
[1] 29
[1] 3.733456
[1] 76.2696
[1] 1056.925
[1] 30
Iteration:  30 . Objective= 2747523 
[1] 30
[1] 3.920129
[1] 79.68399
[1] 1045.738
[1] 31
Iteration:  31 . Objective= 2750237 
[1] 31
[1] 4.116136
[1] 83.0904
[1] 1035.055
[1] 32
Iteration:  32 . Objective= 2752780 
[1] 32
[1] 4.321942
[1] 86.48063
[1] 1038.248
[1] 33
Iteration:  33 . Objective= 2755161 
[1] 33
[1] 4.538039
[1] 89.84445
[1] 1050.915
[1] 34
Iteration:  34 . Objective= 2757385 
[1] 34
[1] 4.764941
[1] 93.17475
[1] 1058.872
[1] 35
Iteration:  35 . Objective= 2759458 
[1] 35
[1] 5.003189
[1] 96.46854
[1] 1055.238
[1] 36
Iteration:  36 . Objective= 2761392 
[1] 36
[1] 5.253348
[1] 99.72342
[1] 1046.525
[1] 37
Iteration:  37 . Objective= 2763196 
[1] 37
[1] 5.516015
[1] 102.934
[1] 1043.186
[1] 38
Iteration:  38 . Objective= 2764880 
[1] 38
[1] 5.791816
[1] 106.0924
[1] 1047.794
[1] 39
Iteration:  39 . Objective= 2766450 
[1] 39
[1] 6.081407
[1] 109.191
[1] 1053.983
[1] 40
Iteration:  40 . Objective= 2767914 
[1] 40
[1] 6.385477
[1] 112.2255
[1] 1055.009
[1] 41
Iteration:  41 . Objective= 2769279 
[1] 41
[1] 6.704751
[1] 115.1942
[1] 1050.922
[1] 42
Iteration:  42 . Objective= 2770552 
[1] 42
[1] 7.039989
[1] 118.0963
[1] 1047.121
[1] 43
Iteration:  43 . Objective= 2771741 
[1] 43
[1] 7.391988
[1] 120.9307
[1] 1047.67
[1] 44
Iteration:  44 . Objective= 2772851 
[1] 44
[1] 7.761588
[1] 123.6957
[1] 1051.562
[1] 45
Iteration:  45 . Objective= 2773887 
[1] 45
[1] 8.149667
[1] 126.39
[1] 1055.05
[1] 46
Iteration:  46 . Objective= 2774854 
[1] 46
[1] 8.55715
[1] 129.012
[1] 1056.039
[1] 47
Iteration:  47 . Objective= 2775757 
[1] 47
[1] 8.985008
[1] 131.56
[1] 1055.46
[1] 48
Iteration:  48 . Objective= 2776602 
[1] 48
[1] 9.434258
[1] 134.0317
[1] 1055.191
[1] 49
Iteration:  49 . Objective= 2777391 
[1] 49
[1] 9.905971
[1] 136.4254
[1] 1055.874
[1] 50
Iteration:  50 . Objective= 2778130 
[1] 50
[1] 10.40127
[1] 138.7397
[1] 1056.944
[1] 51
Iteration:  51 . Objective= 2778820 
[1] 51
[1] 10.92133
[1] 140.9739
[1] 1057.801
[1] 52
Iteration:  52 . Objective= 2779465 
[1] 52
[1] 11.4674
[1] 143.1267
[1] 1058.255
[1] 53
Iteration:  53 . Objective= 2780069 
[1] 53
[1] 12.04077
[1] 145.1971
[1] 1058.23
[1] 54
Iteration:  54 . Objective= 2780633 
[1] 54
[1] 12.64281
[1] 147.1848
[1] 1057.796
[1] 55
Iteration:  55 . Objective= 2781161 
[1] 55
[1] 13.27495
[1] 149.0915
[1] 1057.548
[1] 56
Iteration:  56 . Objective= 2781654 
[1] 56
[1] 13.9387
[1] 150.9196
[1] 1058.278
[1] 57
Iteration:  57 . Objective= 2782114 
[1] 57
[1] 14.63563
[1] 152.6715
[1] 1059.937
[1] 58
Iteration:  58 . Objective= 2782545 
[1] 58
[1] 15.36741
[1] 154.3492
[1] 1061.345
[1] 59
Iteration:  59 . Objective= 2782947 
[1] 59
[1] 16.13578
[1] 155.9542
[1] 1061.51
[1] 60
Iteration:  60 . Objective= 2783322 
[1] 60
[1] 16.94257
[1] 157.4885
[1] 1060.961
[1] 61
Iteration:  61 . Objective= 2783672 
[1] 61
[1] 17.7897
[1] 158.9538
[1] 1061.008
[1] 62
Iteration:  62 . Objective= 2784000 
[1] 62
[1] 18.67919
[1] 160.3514
[1] 1061.863
[1] 63
Iteration:  63 . Objective= 2784306 
[1] 63
[1] 19.61315
[1] 161.6819
[1] 1062.532
[1] 64
Iteration:  64 . Objective= 2784592 
[1] 64
[1] 20.5938
[1] 162.9457
[1] 1062.682
[1] 65
Iteration:  65 . Objective= 2784860 
[1] 65
[1] 21.62349
[1] 164.143
[1] 1063.215
[1] 66
Iteration:  66 . Objective= 2785111 
[1] 66
[1] 22.70467
[1] 165.2739
[1] 1064.409
[1] 67
Iteration:  67 . Objective= 2785346 
[1] 67
[1] 23.8399
[1] 166.339
[1] 1065.128
[1] 68
Iteration:  68 . Objective= 2785567 
[1] 68
[1] 25.0319
[1] 167.3405
[1] 1064.938
[1] 69
Iteration:  69 . Objective= 2785774 
[1] 69
[1] 26.28349
[1] 168.2806
[1] 1065.236
[1] 70
Iteration:  70 . Objective= 2785968 
[1] 70
[1] 27.59766
[1] 169.1602
[1] 1066.484
[1] 71
Iteration:  71 . Objective= 2786150 
[1] 71
[1] 28.97755
[1] 169.98
[1] 1066.521
[1] 72
Iteration:  72 . Objective= 2786320 
[1] 72
[1] 30.42643
[1] 170.7418
[1] 1064.664
[1] 73
Iteration:  73 . Objective= 2786480 
[1] 73
[1] 31.94775
[1] 171.4467
[1] 1064.216
[1] 74
Iteration:  74 . Objective= 2786630 
[1] 74
[1] 33.54513
[1] 172.0927
[1] 1066.523
[1] 75
Iteration:  75 . Objective= 2786771 
[1] 75
[1] 35.22239
[1] 172.6769
[1] 1067.555
[1] 76
Iteration:  76 . Objective= 2786904 
[1] 76
[1] 36.98351
[1] 173.1994
[1] 1065.973
[1] 77
Iteration:  77 . Objective= 2787028 
[1] 77
[1] 38.83269
[1] 173.6626
[1] 1066.196
[1] 78
Iteration:  78 . Objective= 2787146 
[1] 78
[1] 40.77432
[1] 174.07
[1] 1068.004
[1] 79
Iteration:  79 . Objective= 2787256 
[1] 79
[1] 42.81304
[1] 174.4276
[1] 1066.8
[1] 80
Iteration:  80 . Objective= 2787359 
[1] 80
[1] 44.95369
[1] 174.7405
[1] 1065.668
[1] 81
Iteration:  81 . Objective= 2787457 
[1] 81
[1] 47.20137
[1] 175.0112
[1] 1067.796
[1] 82
Iteration:  82 . Objective= 2787549 
[1] 82
[1] 49.56144
[1] 175.2439
[1] 1067.585
[1] 83
Iteration:  83 . Objective= 2787635 
[1] 83
[1] 52.03951
[1] 175.4426
[1] 1066.214
[1] 84
Iteration:  84 . Objective= 2787716 
[1] 84
[1] 54.64149
[1] 175.6096
[1] 1067.508
[1] 85
Iteration:  85 . Objective= 2787793 
[1] 85
[1] 57.37356
[1] 175.7513
[1] 1066.494
[1] 86
Iteration:  86 . Objective= 2787865 
[1] 86
[1] 60.24224
[1] 175.8723
[1] 1066.797
[1] 87
Iteration:  87 . Objective= 2787933 
[1] 87
[1] 63.25435
[1] 175.9757
[1] 1067.06
[1] 88
Iteration:  88 . Objective= 2787998 
[1] 88
[1] 66.41707
[1] 176.0653
[1] 1066.07
[1] 89
Iteration:  89 . Objective= 2788059 
[1] 89
[1] 69.73792
[1] 176.14
[1] 1068.56
[1] 90
Iteration:  90 . Objective= 2788115 
[1] 90
[1] 73.22482
[1] 176.2036
[1] 1064.543
[1] 91
Iteration:  91 . Objective= 2788168 
[1] 91
[1] 76.88606
[1] 176.246
[1] 1072.139
[1] 92
Iteration:  92 . Objective= 2788218 
[1] 92
[1] 80.73037
[1] 176.2896
[1] 1059.387
[1] 93
Iteration:  93 . Objective= 2788264 
[1] 93
[1] 84.76688
[1] 176.2924
[1] 1089.281
[1] 94
Iteration:  94 . Objective= 2788302 
[1] 94
[1] 89.00523
[1] 176.3935
[1] 1017.154
[1] 95
[1] 96
Iteration:  96 . Objective= 2788302 
[1] 96
[1] 46.72774
[1] 176.2908
[1] 1017.154
[1] 97
[1] 98
Iteration:  98 . Objective= 2788302 
[1] 98
[1] 24.53207
[1] 176.2437
[1] 1017.154
[1] 99
Iteration:  99 . Objective= 2788312 
[1] 99
[1] 25.75867
[1] 176.1132
[1] 1094.928
[1] 100
Iteration:  100 . Objective= 2788315 
[1] 100
[1] 27.0466
[1] 175.8916
[1] 1134.171
[1] 101
Iteration:  101 . Objective= 2788335 
[1] 101
[1] 28.39893
[1] 175.6248
[1] 1072.447
[1] 102
Iteration:  102 . Objective= 2788342 
[1] 102
[1] 29.81888
[1] 175.3656
[1] 1011.617
[1] 103
Iteration:  103 . Objective= 2788364 
[1] 103
[1] 31.30982
[1] 175.0923
[1] 1060.381
[1] 104
Iteration:  104 . Objective= 2788372 
[1] 104
[1] 32.87531
[1] 174.7693
[1] 1130.758
[1] 105
Iteration:  105 . Objective= 2788390 
[1] 105
[1] 34.51908
[1] 174.4356
[1] 1086.453
[1] 106
Iteration:  106 . Objective= 2788395 
[1] 106
[1] 36.24503
[1] 174.1569
[1] 1014.903
[1] 107
Iteration:  107 . Objective= 2788411 
[1] 107
[1] 38.05729
[1] 173.8905
[1] 1073.92
[1] 108
Iteration:  108 . Objective= 2788413 
[1] 108
[1] 39.96015
[1] 173.6017
[1] 1129.681
[1] 109
Iteration:  109 . Objective= 2788424 
[1] 109
[1] 41.95816
[1] 173.3644
[1] 1050.654
[1] 110
Iteration:  110 . Objective= 2788427 
[1] 110
[1] 44.05607
[1] 173.1973
[1] 1030.396
[1] 111
Iteration:  111 . Objective= 2788429 
[1] 111
[1] 46.25887
[1] 173.0135
[1] 1126.954
[1] 112
Iteration:  112 . Objective= 2788438 
[1] 112
[1] 48.57181
[1] 172.8743
[1] 1071.922
[1] 113
[1] 114
Iteration:  114 . Objective= 2788438 
[1] 114
[1] 25.5002
[1] 172.9852
[1] 1071.922
[1] 115
Iteration:  115 . Objective= 2788439 
[1] 115
[1] 26.77521
[1] 172.9299
[1] 1071.163
[1] 116
Iteration:  116 . Objective= 2788439 
[1] 116
[1] 28.11397
[1] 172.8544
[1] 1070.719
[1] 117
Iteration:  117 . Objective= 2788441 
[1] 117
[1] 29.51967
[1] 172.7733
[1] 1071.541
[1] 118
Iteration:  118 . Objective= 2788441 
[1] 118
[1] 30.99565
[1] 172.6987
[1] 1072.74
[1] 119
Iteration:  119 . Objective= 2788442 
[1] 119
[1] 32.54544
[1] 172.6325
[1] 1072.471
[1] 120
Iteration:  120 . Objective= 2788443 
[1] 120
[1] 34.17271
[1] 172.5766
[1] 1070.995
[1] 121
Iteration:  121 . Objective= 2788446 
[1] 121
[1] 35.88134
[1] 172.541
[1] 1071.007
[1] 122
Iteration:  122 . Objective= 2788449 
[1] 122
[1] 37.67541
[1] 172.5295
[1] 1072.482
[1] 123
Iteration:  123 . Objective= 2788453 
[1] 123
[1] 39.55918
[1] 172.5349
[1] 1071.711
[1] 124
Iteration:  124 . Objective= 2788458 
[1] 124
[1] 41.53714
[1] 172.5577
[1] 1069.459
[1] 125
Iteration:  125 . Objective= 2788463 
[1] 125
[1] 43.614
[1] 172.6011
[1] 1070.857
[1] 126
Iteration:  126 . Objective= 2788469 
[1] 126
[1] 45.7947
[1] 172.6508
[1] 1071.445
[1] 127
Iteration:  127 . Objective= 2788474 
[1] 127
[1] 48.08443
[1] 172.7013
[1] 1067.168
[1] 128
Iteration:  128 . Objective= 2788481 
[1] 128
[1] 50.48865
[1] 172.7586
[1] 1069.441
[1] 129
Iteration:  129 . Objective= 2788489 
[1] 129
[1] 53.01309
[1] 172.8067
[1] 1071.896
[1] 130
Iteration:  130 . Objective= 2788497 
[1] 130
[1] 55.66374
[1] 172.8565
[1] 1064.153
[1] 131
Iteration:  131 . Objective= 2788507 
[1] 131
[1] 58.44693
[1] 172.9138
[1] 1072.049
[1] 132
Iteration:  132 . Objective= 2788517 
[1] 132
[1] 61.36928
[1] 172.964
[1] 1069.242
[1] 133
Iteration:  133 . Objective= 2788529 
[1] 133
[1] 64.43774
[1] 173.0397
[1] 1063.749
[1] 134
Iteration:  134 . Objective= 2788542 
[1] 134
[1] 67.65963
[1] 173.0892
[1] 1079.763
[1] 135
Iteration:  135 . Objective= 2788554 
[1] 135
[1] 71.04261
[1] 173.2006
[1] 1049.883
[1] 136
Iteration:  136 . Objective= 2788559 
[1] 136
[1] 74.59474
[1] 173.206
[1] 1110.851
[1] 137
[1] 138
Iteration:  138 . Objective= 2788559 
[1] 138
[1] 39.16224
[1] 173.0982
[1] 1110.851
[1] 139
[1] 140
Iteration:  140 . Objective= 2788559 
[1] 140
[1] 20.56017
[1] 173.0988
[1] 1110.851
[1] 141
Iteration:  141 . Objective= 2788571 
[1] 141
[1] 21.58818
[1] 172.9448
[1] 1057.7
[1] 142
[1] 143
Iteration:  143 . Objective= 2788571 
[1] 143
[1] 11.3338
[1] 173.0223
[1] 1057.7
[1] 144
[1] 145
Iteration:  145 . Objective= 2788571 
[1] 145
[1] 5.950243
[1] 173.0111
[1] 1057.7
[1] 146
[1] 147
Iteration:  147 . Objective= 2788571 
[1] 147
[1] 3.123878
[1] 173.0052
[1] 1057.7
[1] 148
[1] 149
Iteration:  149 . Objective= 2788571 
[1] 149
[1] 1.640036
[1] 173.0022
[1] 1057.7
[1] 150
[1] 151
        1         2         3         4         5         6         7         8 
173.00216 161.07726 144.44532 133.21168 121.79617 101.82291  87.29028  78.10270 
        9        10        11        12        13        14        15        16 
 73.59075  71.78777  70.60385  69.79299  68.59578  67.79734  66.38055  64.90405 
       17        18        19        20 
 63.67742  60.85595  56.96887  50.84997 
For users of newer versions (1.0.1+): the `scores` matrix now contains factor scores, the `V` matrix is UNSCALED scores.
For users of newer versions (1.0.1+): the `scores` matrix now contains factor scores.
[1] 265985793
[1] 200
[1] 1
Iteration:  1 . Objective= 2606244 
[1] 1
[1] 1
[1] 38.33002
[1] 530.7772
[1] 2
Iteration:  2 . Objective= 2615763 
[1] 2
[1] 1
[1] 38.25283
[1] 877.0726
[1] 3
Iteration:  3 . Objective= 2622634 
[1] 3
[1] 1.05
[1] 38.1454
[1] 1322.628
[1] 4
Iteration:  4 . Objective= 2627749 
[1] 4
[1] 1.1025
[1] 38.0126
[1] 1538.444
[1] 5
Iteration:  5 . Objective= 2632193 
[1] 5
[1] 1.157625
[1] 37.85841
[1] 1530.853
[1] 6
Iteration:  6 . Objective= 2636532 
[1] 6
[1] 1.215506
[1] 37.68609
[1] 1422.022
[1] 7
Iteration:  7 . Objective= 2641079 
[1] 7
[1] 1.276282
[1] 37.49791
[1] 1313.829
[1] 8
Iteration:  8 . Objective= 2645974 
[1] 8
[1] 1.340096
[1] 37.29487
[1] 1252.677
[1] 9
Iteration:  9 . Objective= 2651194 
[1] 9
[1] 1.4071
[1] 37.07682
[1] 1242.358
[1] 10
Iteration:  10 . Objective= 2656603 
[1] 10
[1] 1.477455
[1] 36.84328
[1] 1263.115
[1] 11
Iteration:  11 . Objective= 2662053 
[1] 11
[1] 1.551328
[1] 36.59423
[1] 1286.885
[1] 12
Iteration:  12 . Objective= 2667449 
[1] 12
[1] 1.628895
[1] 36.3308
[1] 1289.845
[1] 13
Iteration:  13 . Objective= 2672766 
[1] 13
[1] 1.710339
[1] 36.05577
[1] 1260.679
[1] 14
Iteration:  14 . Objective= 2678024 
[1] 14
[1] 1.795856
[1] 35.77441
[1] 1202.182
[1] 15
Iteration:  15 . Objective= 2683266 
[1] 15
[1] 1.885649
[1] 35.49686
[1] 1128.973
[1] 16
Iteration:  16 . Objective= 2688534 
[1] 16
[1] 1.979932
[1] 35.25019
[1] 1065.338
[1] 17
Iteration:  17 . Objective= 2693841 
[1] 17
[1] 2.078928
[1] 36.0211
[1] 1038.183
[1] 18
Iteration:  18 . Objective= 2699137 
[1] 18
[1] 2.182875
[1] 39.07856
[1] 1057.522
[1] 19
Iteration:  19 . Objective= 2704319 
[1] 19
[1] 2.292018
[1] 42.24296
[1] 1098.817
[1] 20
Iteration:  20 . Objective= 2709296 
[1] 20
[1] 2.406619
[1] 45.45503
[1] 1117.108
[1] 21
Iteration:  21 . Objective= 2714043 
[1] 21
[1] 2.52695
[1] 48.71159
[1] 1091.356
[1] 22
Iteration:  22 . Objective= 2718578 
[1] 22
[1] 2.653298
[1] 52.02131
[1] 1048.466
[1] 23
Iteration:  23 . Objective= 2722931 
[1] 23
[1] 2.785963
[1] 55.37874
[1] 1031.386
[1] 24
Iteration:  24 . Objective= 2727100 
[1] 24
[1] 2.925261
[1] 58.76131
[1] 1049.413
[1] 25
Iteration:  25 . Objective= 2731057 
[1] 25
[1] 3.071524
[1] 62.14985
[1] 1071.484
[1] 26
Iteration:  26 . Objective= 2734787 
[1] 26
[1] 3.2251
[1] 65.54266
[1] 1066.921
[1] 27
Iteration:  27 . Objective= 2738295 
[1] 27
[1] 3.386355
[1] 68.95008
[1] 1040.783
[1] 28
Iteration:  28 . Objective= 2741604 
[1] 28
[1] 3.555673
[1] 72.37771
[1] 1022.901
[1] 29
Iteration:  29 . Objective= 2744725 
[1] 29
[1] 3.733456
[1] 75.8168
[1] 1030.376
[1] 30
Iteration:  30 . Objective= 2747661 
[1] 30
[1] 3.920129
[1] 79.25148
[1] 1050.802
[1] 31
Iteration:  31 . Objective= 2750407 
[1] 31
[1] 4.116136
[1] 82.67041
[1] 1060.927
[1] 32
Iteration:  32 . Objective= 2752970 
[1] 32
[1] 4.321942
[1] 86.06963
[1] 1053.656
[1] 33
Iteration:  33 . Objective= 2755363 
[1] 33
[1] 4.538039
[1] 89.44713
[1] 1042.413
[1] 34
Iteration:  34 . Objective= 2757600 
[1] 34
[1] 4.764941
[1] 92.79733
[1] 1042.329
[1] 35
Iteration:  35 . Objective= 2759691 
[1] 35
[1] 5.003189
[1] 96.11167
[1] 1053.115
[1] 36
Iteration:  36 . Objective= 2761640 
[1] 36
[1] 5.253348
[1] 99.38305
[1] 1061.96
[1] 37
Iteration:  37 . Objective= 2763453 
[1] 37
[1] 5.516015
[1] 102.6078
[1] 1059.67
[1] 38
Iteration:  38 . Objective= 2765140 
[1] 38
[1] 5.791816
[1] 105.7834
[1] 1050.183
[1] 39
Iteration:  39 . Objective= 2766712 
[1] 39
[1] 6.081407
[1] 108.9052
[1] 1044.246
[1] 40
Iteration:  40 . Objective= 2768178 
[1] 40
[1] 6.385477
[1] 111.9667
[1] 1046.929
[1] 41
Iteration:  41 . Objective= 2769544 
[1] 41
[1] 6.704751
[1] 114.9621
[1] 1053.528
[1] 42
Iteration:  42 . Objective= 2770816 
[1] 42
[1] 7.039989
[1] 117.8892
[1] 1056.532
[1] 43
Iteration:  43 . Objective= 2772001 
[1] 43
[1] 7.391988
[1] 120.7483
[1] 1054.034
[1] 44
Iteration:  44 . Objective= 2773105 
[1] 44
[1] 7.761588
[1] 123.5397
[1] 1050.399
[1] 45
Iteration:  45 . Objective= 2774136 
[1] 45
[1] 8.149667
[1] 126.262
[1] 1050.157
[1] 46
Iteration:  46 . Objective= 2775098 
[1] 46
[1] 8.55715
[1] 128.9127
[1] 1053.22
[1] 47
Iteration:  47 . Objective= 2775995 
[1] 47
[1] 8.985008
[1] 131.4897
[1] 1056.26
[1] 48
Iteration:  48 . Objective= 2776833 
[1] 48
[1] 9.434258
[1] 133.9917
[1] 1057.121
[1] 49
Iteration:  49 . Objective= 2777615 
[1] 49
[1] 9.905971
[1] 136.4176
[1] 1056.599
[1] 50
Iteration:  50 . Objective= 2778346 
[1] 50
[1] 10.40127
[1] 138.7661
[1] 1056.452
[1] 51
Iteration:  51 . Objective= 2779029 
[1] 51
[1] 10.92133
[1] 141.0354
[1] 1057.103
[1] 52
Iteration:  52 . Objective= 2779666 
[1] 52
[1] 11.4674
[1] 143.224
[1] 1057.802
[1] 53
Iteration:  53 . Objective= 2780262 
[1] 53
[1] 12.04077
[1] 145.3308
[1] 1058.155
[1] 54
Iteration:  54 . Objective= 2780818 
[1] 54
[1] 12.64281
[1] 147.3546
[1] 1058.456
[1] 55
Iteration:  55 . Objective= 2781338 
[1] 55
[1] 13.27495
[1] 149.2948
[1] 1058.763
[1] 56
Iteration:  56 . Objective= 2781823 
[1] 56
[1] 13.9387
[1] 151.1519
[1] 1058.718
[1] 57
Iteration:  57 . Objective= 2782277 
[1] 57
[1] 14.63563
[1] 152.928
[1] 1058.547
[1] 58
Iteration:  58 . Objective= 2782700 
[1] 58
[1] 15.36741
[1] 154.6258
[1] 1059.274
[1] 59
Iteration:  59 . Objective= 2783095 
[1] 59
[1] 16.13578
[1] 156.2468
[1] 1061.132
[1] 60
Iteration:  60 . Objective= 2783463 
[1] 60
[1] 16.94257
[1] 157.7923
[1] 1062.557
[1] 61
Iteration:  61 . Objective= 2783807 
[1] 61
[1] 17.7897
[1] 159.2636
[1] 1062.109
[1] 62
Iteration:  62 . Objective= 2784129 
[1] 62
[1] 18.67919
[1] 160.663
[1] 1060.922
[1] 63
Iteration:  63 . Objective= 2784429 
[1] 63
[1] 19.61315
[1] 161.9924
[1] 1061.45
[1] 64
Iteration:  64 . Objective= 2784710 
[1] 64
[1] 20.5938
[1] 163.2526
[1] 1063.699
[1] 65
Iteration:  65 . Objective= 2784972 
[1] 65
[1] 21.62349
[1] 164.4439
[1] 1064.948
[1] 66
Iteration:  66 . Objective= 2785218 
[1] 66
[1] 22.70467
[1] 165.5677
[1] 1064.113
[1] 67
Iteration:  67 . Objective= 2785448 
[1] 67
[1] 23.8399
[1] 166.6261
[1] 1063.733
[1] 68
Iteration:  68 . Objective= 2785664 
[1] 68
[1] 25.0319
[1] 167.6208
[1] 1065.612
[1] 69
Iteration:  69 . Objective= 2785866 
[1] 69
[1] 26.28349
[1] 168.5535
[1] 1067.359
[1] 70
Iteration:  70 . Objective= 2786056 
[1] 70
[1] 27.59766
[1] 169.4264
[1] 1066.575
[1] 71
Iteration:  71 . Objective= 2786234 
[1] 71
[1] 28.97755
[1] 170.2411
[1] 1065.486
[1] 72
Iteration:  72 . Objective= 2786400 
[1] 72
[1] 30.42643
[1] 170.9974
[1] 1066.581
[1] 73
Iteration:  73 . Objective= 2786557 
[1] 73
[1] 31.94775
[1] 171.6947
[1] 1067.358
[1] 74
Iteration:  74 . Objective= 2786704 
[1] 74
[1] 33.54513
[1] 172.3333
[1] 1065.851
[1] 75
Iteration:  75 . Objective= 2786842 
[1] 75
[1] 35.22239
[1] 172.9124
[1] 1065.721
[1] 76
Iteration:  76 . Objective= 2786972 
[1] 76
[1] 36.98351
[1] 173.4292
[1] 1068.274
[1] 77
Iteration:  77 . Objective= 2787094 
[1] 77
[1] 38.83269
[1] 173.8845
[1] 1068.498
[1] 78
Iteration:  78 . Objective= 2787209 
[1] 78
[1] 40.77432
[1] 174.2828
[1] 1066.417
[1] 79
Iteration:  79 . Objective= 2787317 
[1] 79
[1] 42.81304
[1] 174.6287
[1] 1067.363
[1] 80
Iteration:  80 . Objective= 2787419 
[1] 80
[1] 44.95369
[1] 174.9275
[1] 1068.386
[1] 81
Iteration:  81 . Objective= 2787514 
[1] 81
[1] 47.20137
[1] 175.1871
[1] 1066.197
[1] 82
Iteration:  82 . Objective= 2787604 
[1] 82
[1] 49.56144
[1] 175.4097
[1] 1066.839
[1] 83
Iteration:  83 . Objective= 2787689 
[1] 83
[1] 52.03951
[1] 175.5953
[1] 1068.309
[1] 84
Iteration:  84 . Objective= 2787768 
[1] 84
[1] 54.64149
[1] 175.7482
[1] 1065.969
[1] 85
Iteration:  85 . Objective= 2787843 
[1] 85
[1] 57.37356
[1] 175.8731
[1] 1066.784
[1] 86
Iteration:  86 . Objective= 2787913 
[1] 86
[1] 60.24224
[1] 175.9757
[1] 1067.068
[1] 87
Iteration:  87 . Objective= 2787980 
[1] 87
[1] 63.25435
[1] 176.0596
[1] 1065.683
[1] 88
Iteration:  88 . Objective= 2788042 
[1] 88
[1] 66.41707
[1] 176.1283
[1] 1067.263
[1] 89
Iteration:  89 . Objective= 2788100 
[1] 89
[1] 69.73792
[1] 176.1858
[1] 1065.797
[1] 90
Iteration:  90 . Objective= 2788155 
[1] 90
[1] 73.22482
[1] 176.2279
[1] 1068.723
[1] 91
Iteration:  91 . Objective= 2788206 
[1] 91
[1] 76.88606
[1] 176.2626
[1] 1063.708
[1] 92
Iteration:  92 . Objective= 2788254 
[1] 92
[1] 80.73037
[1] 176.2786
[1] 1075.332
[1] 93
Iteration:  93 . Objective= 2788297 
[1] 93
[1] 84.76688
[1] 176.3127
[1] 1051.558
[1] 94
Iteration:  94 . Objective= 2788336 
[1] 94
[1] 89.00523
[1] 176.2887
[1] 1113.727
[1] 95
Iteration:  95 . Objective= 2788354 
[1] 95
[1] 93.45549
[1] 176.4789
[1] 956.7091
[1] 96
[1] 97
Iteration:  97 . Objective= 2788354 
[1] 97
[1] 49.06413
[1] 176.3461
[1] 956.7091
[1] 98
[1] 99
Iteration:  99 . Objective= 2788354 
[1] 99
[1] 25.75867
[1] 176.2696
[1] 956.7091
[1] 100
Iteration:  100 . Objective= 2788373 
[1] 100
[1] 27.0466
[1] 176.1506
[1] 1148.616
[1] 101
[1] 102
Iteration:  102 . Objective= 2788373 
[1] 102
[1] 14.19947
[1] 176.1684
[1] 1148.616
[1] 103
Iteration:  103 . Objective= 2788384 
[1] 103
[1] 14.90944
[1] 175.9863
[1] 1084.309
[1] 104
[1] 105
Iteration:  105 . Objective= 2788384 
[1] 105
[1] 7.827456
[1] 176.0767
[1] 1084.309
[1] 106
Iteration:  106 . Objective= 2788385 
[1] 106
[1] 8.218829
[1] 175.8987
[1] 1076.63
[1] 107
Iteration:  107 . Objective= 2788385 
[1] 107
[1] 8.62977
[1] 175.6422
[1] 1065.053
[1] 108
[1] 109
Iteration:  109 . Objective= 2788385 
[1] 109
[1] 4.530629
[1] 175.8074
[1] 1065.053
[1] 110
[1] 111
Iteration:  111 . Objective= 2788385 
[1] 111
[1] 2.37858
[1] 175.8033
[1] 1065.053
[1] 112
[1] 113
Iteration:  113 . Objective= 2788385 
[1] 113
[1] 1.248755
[1] 175.8011
[1] 1065.053
[1] 114
[1] 115
        1         2         3         4         5         6         7         8 
175.80110 163.88729 146.93426 135.12980 123.42019 104.96539  90.02387  82.68291 
        9        10        11        12        13        14        15        16 
 82.17894  80.83835  79.29249  77.42138  74.72554  74.14340  73.90065  72.60770 
       17        18        19        20 
 69.66564  67.10885  62.85404  58.97201 
For users of newer versions (1.0.1+): the `scores` matrix now contains factor scores, the `V` matrix is UNSCALED scores.
For users of newer versions (1.0.1+): the `scores` matrix now contains factor scores.
[1] 265973309
[1] 225
[1] 1
Iteration:  1 . Objective= 2600114 
[1] 1
[1] 1
[1] 17.28432
[1] 529.4487
[1] 2
Iteration:  2 . Objective= 2610616 
[1] 2
[1] 1
[1] 17.24567
[1] 1144.608
[1] 3
Iteration:  3 . Objective= 2616372 
[1] 3
[1] 1.05
[1] 17.17801
[1] 1453.642
[1] 4
Iteration:  4 . Objective= 2620956 
[1] 4
[1] 1.1025
[1] 17.09555
[1] 1442.505
[1] 5
Iteration:  5 . Objective= 2625451 
[1] 5
[1] 1.157625
[1] 17.00811
[1] 1332.705
[1] 6
Iteration:  6 . Objective= 2630289 
[1] 6
[1] 1.215506
[1] 16.92264
[1] 1249.449
[1] 7
Iteration:  7 . Objective= 2635578 
[1] 7
[1] 1.276282
[1] 16.84447
[1] 1225.726
[1] 8
Iteration:  8 . Objective= 2641200 
[1] 8
[1] 1.340096
[1] 16.78305
[1] 1246.852
[1] 9
Iteration:  9 . Objective= 2646961 
[1] 9
[1] 1.4071
[1] 16.78457
[1] 1280.92
[1] 10
Iteration:  10 . Objective= 2652717 
[1] 10
[1] 1.477455
[1] 17.79484
[1] 1298.036
[1] 11
Iteration:  11 . Objective= 2658412 
[1] 11
[1] 1.551328
[1] 19.86906
[1] 1281.492
[1] 12
Iteration:  12 . Objective= 2664064 
[1] 12
[1] 1.628895
[1] 22.15569
[1] 1229.18
[1] 13
Iteration:  13 . Objective= 2669726 
[1] 13
[1] 1.710339
[1] 24.6304
[1] 1150.424
[1] 14
Iteration:  14 . Objective= 2675459 
[1] 14
[1] 1.795856
[1] 27.31202
[1] 1068.518
[1] 15
Iteration:  15 . Objective= 2681297 
[1] 15
[1] 1.885649
[1] 30.19884
[1] 1020.926
[1] 16
Iteration:  16 . Objective= 2687195 
[1] 16
[1] 1.979932
[1] 33.2426
[1] 1032.654
[1] 17
Iteration:  17 . Objective= 2693007 
[1] 17
[1] 2.078928
[1] 36.37571
[1] 1081.117
[1] 18
Iteration:  18 . Objective= 2698595 
[1] 18
[1] 2.182875
[1] 39.55687
[1] 1107.549
[1] 19
Iteration:  19 . Objective= 2703916 
[1] 19
[1] 2.292018
[1] 42.78319
[1] 1079.861
[1] 20
Iteration:  20 . Objective= 2708998 
[1] 20
[1] 2.406619
[1] 46.06534
[1] 1032.22
[1] 21
Iteration:  21 . Objective= 2713884 
[1] 21
[1] 2.52695
[1] 49.39311
[1] 1020.529
[1] 22
Iteration:  22 . Objective= 2718565 
[1] 22
[1] 2.653298
[1] 52.73627
[1] 1050.459
[1] 23
Iteration:  23 . Objective= 2723002 
[1] 23
[1] 2.785963
[1] 56.07557
[1] 1074.555
[1] 24
Iteration:  24 . Objective= 2727178 
[1] 24
[1] 2.925261
[1] 59.41676
[1] 1059.126
[1] 25
Iteration:  25 . Objective= 2731113 
[1] 25
[1] 3.071524
[1] 62.7767
[1] 1026.007
[1] 26
Iteration:  26 . Objective= 2734833 
[1] 26
[1] 3.2251
[1] 66.1602
[1] 1016.376
[1] 27
Iteration:  27 . Objective= 2738347 
[1] 27
[1] 3.386355
[1] 69.55564
[1] 1036.442
[1] 28
Iteration:  28 . Objective= 2741646 
[1] 28
[1] 3.555673
[1] 72.95039
[1] 1056.4
[1] 29
Iteration:  29 . Objective= 2744730 
[1] 29
[1] 3.733456
[1] 76.34106
[1] 1053.013
[1] 30
Iteration:  30 . Objective= 2747615 
[1] 30
[1] 3.920129
[1] 79.72919
[1] 1035.819
[1] 31
Iteration:  31 . Objective= 2750318 
[1] 31
[1] 4.116136
[1] 83.11153
[1] 1029.314
[1] 32
Iteration:  32 . Objective= 2752854 
[1] 32
[1] 4.321942
[1] 86.47783
[1] 1041.465
[1] 33
Iteration:  33 . Objective= 2755226 
[1] 33
[1] 4.538039
[1] 89.81754
[1] 1057.286
[1] 34
Iteration:  34 . Objective= 2757438 
[1] 34
[1] 4.764941
[1] 93.12527
[1] 1059.632
[1] 35
Iteration:  35 . Objective= 2759499 
[1] 35
[1] 5.003189
[1] 96.39905
[1] 1048.968
[1] 36
Iteration:  36 . Objective= 2761422 
[1] 36
[1] 5.253348
[1] 99.63471
[1] 1039.926
[1] 37
Iteration:  37 . Objective= 2763218 
[1] 37
[1] 5.516015
[1] 102.8236
[1] 1042.555
[1] 38
Iteration:  38 . Objective= 2764894 
[1] 38
[1] 5.791816
[1] 105.9559
[1] 1052.156
[1] 39
Iteration:  39 . Objective= 2766456 
[1] 39
[1] 6.081407
[1] 109.0258
[1] 1057.282
[1] 40
Iteration:  40 . Objective= 2767911 
[1] 40
[1] 6.385477
[1] 112.0315
[1] 1053.563
[1] 41
Iteration:  41 . Objective= 2769269 
[1] 41
[1] 6.704751
[1] 114.9735
[1] 1047.101
[1] 42
Iteration:  42 . Objective= 2770536 
[1] 42
[1] 7.039989
[1] 117.8511
[1] 1045.724
[1] 43
Iteration:  43 . Objective= 2771720 
[1] 43
[1] 7.391988
[1] 120.6622
[1] 1050.165
[1] 44
Iteration:  44 . Objective= 2772825 
[1] 44
[1] 7.761588
[1] 123.4046
[1] 1054.906
[1] 45
Iteration:  45 . Objective= 2773857 
[1] 45
[1] 8.149667
[1] 126.077
[1] 1055.625
[1] 46
Iteration:  46 . Objective= 2774820 
[1] 46
[1] 8.55715
[1] 128.6782
[1] 1053.53
[1] 47
Iteration:  47 . Objective= 2775721 
[1] 47
[1] 8.985008
[1] 131.2066
[1] 1052.537
[1] 48
Iteration:  48 . Objective= 2776563 
[1] 48
[1] 9.434258
[1] 133.6602
[1] 1054.219
[1] 49
Iteration:  49 . Objective= 2777351 
[1] 49
[1] 9.905971
[1] 136.0374
[1] 1056.748
[1] 50
Iteration:  50 . Objective= 2778087 
[1] 50
[1] 10.40127
[1] 138.3372
[1] 1057.887
[1] 51
Iteration:  51 . Objective= 2778776 
[1] 51
[1] 10.92133
[1] 140.5583
[1] 1057.484
[1] 52
Iteration:  52 . Objective= 2779420 
[1] 52
[1] 11.4674
[1] 142.6992
[1] 1056.819
[1] 53
Iteration:  53 . Objective= 2780022 
[1] 53
[1] 12.04077
[1] 144.759
[1] 1056.671
[1] 54
Iteration:  54 . Objective= 2780586 
[1] 54
[1] 12.64281
[1] 146.7384
[1] 1056.884
[1] 55
Iteration:  55 . Objective= 2781113 
[1] 55
[1] 13.27495
[1] 148.6398
[1] 1057.342
[1] 56
Iteration:  56 . Objective= 2781606 
[1] 56
[1] 13.9387
[1] 150.4658
[1] 1058.282
[1] 57
Iteration:  57 . Objective= 2782066 
[1] 57
[1] 14.63563
[1] 152.2182
[1] 1059.493
[1] 58
Iteration:  58 . Objective= 2782497 
[1] 58
[1] 15.36741
[1] 153.8982
[1] 1060.148
[1] 59
Iteration:  59 . Objective= 2782899 
[1] 59
[1] 16.13578
[1] 155.5072
[1] 1059.98
[1] 60
Iteration:  60 . Objective= 2783275 
[1] 60
[1] 16.94257
[1] 157.0468
[1] 1059.881
[1] 61
Iteration:  61 . Objective= 2783626 
[1] 61
[1] 17.7897
[1] 158.5184
[1] 1060.566
[1] 62
Iteration:  62 . Objective= 2783954 
[1] 62
[1] 18.67919
[1] 159.9226
[1] 1061.334
[1] 63
Iteration:  63 . Objective= 2784261 
[1] 63
[1] 19.61315
[1] 161.2603
[1] 1061.32
[1] 64
Iteration:  64 . Objective= 2784548 
[1] 64
[1] 20.5938
[1] 162.532
[1] 1061.242
[1] 65
Iteration:  65 . Objective= 2784817 
[1] 65
[1] 21.62349
[1] 163.7382
[1] 1062.27
[1] 66
Iteration:  66 . Objective= 2785069 
[1] 66
[1] 22.70467
[1] 164.8795
[1] 1063.728
[1] 67
Iteration:  67 . Objective= 2785305 
[1] 67
[1] 23.8399
[1] 165.9573
[1] 1064.099
[1] 68
Iteration:  68 . Objective= 2785527 
[1] 68
[1] 25.0319
[1] 166.9744
[1] 1063.947
[1] 69
Iteration:  69 . Objective= 2785734 
[1] 69
[1] 26.28349
[1] 167.9324
[1] 1064.976
[1] 70
Iteration:  70 . Objective= 2785929 
[1] 70
[1] 27.59766
[1] 168.8315
[1] 1066.147
[1] 71
Iteration:  71 . Objective= 2786112 
[1] 71
[1] 28.97755
[1] 169.6725
[1] 1064.947
[1] 72
Iteration:  72 . Objective= 2786283 
[1] 72
[1] 30.42643
[1] 170.4567
[1] 1062.924
[1] 73
Iteration:  73 . Objective= 2786443 
[1] 73
[1] 31.94775
[1] 171.1835
[1] 1063.891
[1] 74
Iteration:  74 . Objective= 2786594 
[1] 74
[1] 33.54513
[1] 171.8499
[1] 1066.252
[1] 75
Iteration:  75 . Objective= 2786736 
[1] 75
[1] 35.22239
[1] 172.4544
[1] 1065.666
[1] 76
Iteration:  76 . Objective= 2786869 
[1] 76
[1] 36.98351
[1] 172.9982
[1] 1064.346
[1] 77
Iteration:  77 . Objective= 2786994 
[1] 77
[1] 38.83269
[1] 173.4835
[1] 1066.087
[1] 78
Iteration:  78 . Objective= 2787113 
[1] 78
[1] 40.77432
[1] 173.9138
[1] 1066.84
[1] 79
Iteration:  79 . Objective= 2787224 
[1] 79
[1] 42.81304
[1] 174.2949
[1] 1064.522
[1] 80
Iteration:  80 . Objective= 2787328 
[1] 80
[1] 44.95369
[1] 174.6301
[1] 1065.029
[1] 81
Iteration:  81 . Objective= 2787426 
[1] 81
[1] 47.20137
[1] 174.9209
[1] 1066.948
[1] 82
Iteration:  82 . Objective= 2787519 
[1] 82
[1] 49.56144
[1] 175.1712
[1] 1065.326
[1] 83
Iteration:  83 . Objective= 2787606 
[1] 83
[1] 52.03951
[1] 175.3837
[1] 1065.494
[1] 84
Iteration:  84 . Objective= 2787688 
[1] 84
[1] 54.64149
[1] 175.5628
[1] 1066.458
[1] 85
Iteration:  85 . Objective= 2787765 
[1] 85
[1] 57.37356
[1] 175.7167
[1] 1064.889
[1] 86
Iteration:  86 . Objective= 2787838 
[1] 86
[1] 60.24224
[1] 175.8473
[1] 1066.502
[1] 87
Iteration:  87 . Objective= 2787907 
[1] 87
[1] 63.25435
[1] 175.959
[1] 1065.122
[1] 88
Iteration:  88 . Objective= 2787973 
[1] 88
[1] 66.41707
[1] 176.0522
[1] 1066.167
[1] 89
Iteration:  89 . Objective= 2788034 
[1] 89
[1] 69.73792
[1] 176.1292
[1] 1066.2
[1] 90
Iteration:  90 . Objective= 2788092 
[1] 90
[1] 73.22482
[1] 176.189
[1] 1065.422
[1] 91
Iteration:  91 . Objective= 2788146 
[1] 91
[1] 76.88606
[1] 176.2331
[1] 1068.817
[1] 92
Iteration:  92 . Objective= 2788197 
[1] 92
[1] 80.73037
[1] 176.2652
[1] 1063.709
[1] 93
Iteration:  93 . Objective= 2788244 
[1] 93
[1] 84.76688
[1] 176.2937
[1] 1075.383
[1] 94
Iteration:  94 . Objective= 2788285 
[1] 94
[1] 89.00523
[1] 176.3103
[1] 1049.071
[1] 95
Iteration:  95 . Objective= 2788303 
[1] 95
[1] 93.45549
[1] 176.3614
[1] 1125.708
[1] 96
[1] 97
Iteration:  97 . Objective= 2788303 
[1] 97
[1] 49.06413
[1] 176.2755
[1] 1125.708
[1] 98
[1] 99
Iteration:  99 . Objective= 2788303 
[1] 99
[1] 25.75867
[1] 176.2442
[1] 1125.708
[1] 100
Iteration:  100 . Objective= 2788330 
[1] 100
[1] 27.0466
[1] 176.1061
[1] 1044.135
[1] 101
[1] 102
Iteration:  102 . Objective= 2788330 
[1] 102
[1] 14.19947
[1] 176.1576
[1] 1044.135
[1] 103
Iteration:  103 . Objective= 2788337 
[1] 103
[1] 14.90944
[1] 175.9927
[1] 1064.331
[1] 104
Iteration:  104 . Objective= 2788338 
[1] 104
[1] 15.65491
[1] 175.7598
[1] 1087.643
[1] 105
Iteration:  105 . Objective= 2788341 
[1] 105
[1] 16.43766
[1] 175.4687
[1] 1093.472
[1] 106
Iteration:  106 . Objective= 2788350 
[1] 106
[1] 17.25954
[1] 175.1283
[1] 1076.642
[1] 107
Iteration:  107 . Objective= 2788351 
[1] 107
[1] 18.12252
[1] 174.7474
[1] 1054.087
[1] 108
Iteration:  108 . Objective= 2788352 
[1] 108
[1] 19.02864
[1] 174.3374
[1] 1050.305
[1] 109
Iteration:  109 . Objective= 2788356 
[1] 109
[1] 19.98008
[1] 173.9119
[1] 1070.685
[1] 110
[1] 111
Iteration:  111 . Objective= 2788356 
[1] 111
[1] 10.48954
[1] 174.2755
[1] 1070.685
[1] 112
[1] 113
Iteration:  113 . Objective= 2788356 
[1] 113
[1] 5.507008
[1] 174.2574
[1] 1070.685
[1] 114
[1] 115
Iteration:  115 . Objective= 2788356 
[1] 115
[1] 2.891179
[1] 174.2479
[1] 1070.685
[1] 116
[1] 117
Iteration:  117 . Objective= 2788356 
[1] 117
[1] 1.517869
[1] 174.2429
[1] 1070.685
[1] 118
[1] 119
        1         2         3         4         5         6         7         8 
174.24293 162.38842 145.49213 133.71818 121.87039 103.35378  88.37045  80.79475 
        9        10        11        12        13        14        15        16 
 80.12760  78.51920  77.05038  75.84979  72.62876  71.79906  71.71904  70.80878 
       17        18        19        20 
 67.41393  65.15694  61.33472  56.64470 
For users of newer versions (1.0.1+): the `scores` matrix now contains factor scores, the `V` matrix is UNSCALED scores.
For users of newer versions (1.0.1+): the `scores` matrix now contains factor scores.
[1] 265978521
[1] 250
[1] 1
Iteration:  1 . Objective= 2604367 
[1] 1
[1] 1
[1] 25.90795
[1] 529.1262
[1] 2
Iteration:  2 . Objective= 2614317 
[1] 2
[1] 1
[1] 25.85263
[1] 1063.785
[1] 3
Iteration:  3 . Objective= 2620267 
[1] 3
[1] 1.05
[1] 25.76724
[1] 1424.092
[1] 4
Iteration:  4 . Objective= 2624946 
[1] 4
[1] 1.1025
[1] 25.66157
[1] 1483.675
[1] 5
Iteration:  5 . Objective= 2629374 
[1] 5
[1] 1.157625
[1] 25.54232
[1] 1400.689
[1] 6
Iteration:  6 . Objective= 2633992 
[1] 6
[1] 1.215506
[1] 25.41413
[1] 1303.531
[1] 7
Iteration:  7 . Objective= 2638982 
[1] 7
[1] 1.276282
[1] 25.27945
[1] 1248.82
[1] 8
Iteration:  8 . Objective= 2644322 
[1] 8
[1] 1.340096
[1] 25.13888
[1] 1243.169
[1] 9
Iteration:  9 . Objective= 2649869 
[1] 9
[1] 1.4071
[1] 24.99263
[1] 1267.312
[1] 10
Iteration:  10 . Objective= 2655464 
[1] 10
[1] 1.477455
[1] 24.84242
[1] 1293.507
[1] 11
Iteration:  11 . Objective= 2661012 
[1] 11
[1] 1.551328
[1] 24.69418
[1] 1298.506
[1] 12
Iteration:  12 . Objective= 2666485 
[1] 12
[1] 1.628895
[1] 24.56568
[1] 1270.595
[1] 13
Iteration:  13 . Objective= 2671908 
[1] 13
[1] 1.710339
[1] 24.7306
[1] 1210.086
[1] 14
Iteration:  14 . Objective= 2677334 
[1] 14
[1] 1.795856
[1] 27.26635
[1] 1129.793
[1] 15
Iteration:  15 . Objective= 2682815 
[1] 15
[1] 1.885649
[1] 30.01914
[1] 1058.362
[1] 16
Iteration:  16 . Objective= 2688370 
[1] 16
[1] 1.979932
[1] 32.95927
[1] 1029.865
[1] 17
Iteration:  17 . Objective= 2693934 
[1] 17
[1] 2.078928
[1] 36.03491
[1] 1052.473
[1] 18
Iteration:  18 . Objective= 2699378 
[1] 18
[1] 2.182875
[1] 39.19243
[1] 1091.775
[1] 19
Iteration:  19 . Objective= 2704608 
[1] 19
[1] 2.292018
[1] 42.40583
[1] 1100.101
[1] 20
Iteration:  20 . Objective= 2709603 
[1] 20
[1] 2.406619
[1] 45.67662
[1] 1067.058
[1] 21
Iteration:  21 . Objective= 2714394 
[1] 21
[1] 2.52695
[1] 49.00924
[1] 1030.266
[1] 22
Iteration:  22 . Objective= 2719002 
[1] 22
[1] 2.653298
[1] 52.38821
[1] 1028.176
[1] 23
Iteration:  23 . Objective= 2723406 
[1] 23
[1] 2.785963
[1] 55.78565
[1] 1054.301
[1] 24
Iteration:  24 . Objective= 2727573 
[1] 24
[1] 2.925261
[1] 59.18498
[1] 1069.912
[1] 25
Iteration:  25 . Objective= 2731494 
[1] 25
[1] 3.071524
[1] 62.58887
[1] 1054.804
[1] 26
Iteration:  26 . Objective= 2735187 
[1] 26
[1] 3.2251
[1] 66.00761
[1] 1028.865
[1] 27
Iteration:  27 . Objective= 2738673 
[1] 27
[1] 3.386355
[1] 69.44287
[1] 1021.784
[1] 28
Iteration:  28 . Objective= 2741958 
[1] 28
[1] 3.555673
[1] 72.88507
[1] 1037.013
[1] 29
Iteration:  29 . Objective= 2745039 
[1] 29
[1] 3.733456
[1] 76.32335
[1] 1053.138
[1] 30
Iteration:  30 . Objective= 2747919 
[1] 30
[1] 3.920129
[1] 79.75255
[1] 1052.763
[1] 31
Iteration:  31 . Objective= 2750610 
[1] 31
[1] 4.116136
[1] 83.17069
[1] 1040.856
[1] 32
Iteration:  32 . Objective= 2753130 
[1] 32
[1] 4.321942
[1] 86.57268
[1] 1034.657
[1] 33
Iteration:  33 . Objective= 2755488 
[1] 33
[1] 4.538039
[1] 89.94885
[1] 1042.228
[1] 34
Iteration:  34 . Objective= 2757693 
[1] 34
[1] 4.764941
[1] 93.28947
[1] 1055.101
[1] 35
Iteration:  35 . Objective= 2759750 
[1] 35
[1] 5.003189
[1] 96.589
[1] 1060.035
[1] 36
Iteration:  36 . Objective= 2761666 
[1] 36
[1] 5.253348
[1] 99.84547
[1] 1053.911
[1] 37
Iteration:  37 . Objective= 2763452 
[1] 37
[1] 5.516015
[1] 103.0566
[1] 1045.342
[1] 38
Iteration:  38 . Objective= 2765118 
[1] 38
[1] 5.791816
[1] 106.2169
[1] 1043.607
[1] 39
Iteration:  39 . Objective= 2766673 
[1] 39
[1] 6.081407
[1] 109.319
[1] 1049.005
[1] 40
Iteration:  40 . Objective= 2768124 
[1] 40
[1] 6.385477
[1] 112.357
[1] 1054.443
[1] 41
Iteration:  41 . Objective= 2769477 
[1] 41
[1] 6.704751
[1] 115.328
[1] 1054.32
[1] 42
Iteration:  42 . Objective= 2770739 
[1] 42
[1] 7.039989
[1] 118.2314
[1] 1050.024
[1] 43
Iteration:  43 . Objective= 2771916 
[1] 43
[1] 7.391988
[1] 121.0673
[1] 1047.065
[1] 44
Iteration:  44 . Objective= 2773016 
[1] 44
[1] 7.761588
[1] 123.8347
[1] 1048.59
[1] 45
Iteration:  45 . Objective= 2774044 
[1] 45
[1] 8.149667
[1] 126.5323
[1] 1052.808
[1] 46
Iteration:  46 . Objective= 2775004 
[1] 46
[1] 8.55715
[1] 129.1585
[1] 1056.013
[1] 47
Iteration:  47 . Objective= 2775901 
[1] 47
[1] 8.985008
[1] 131.7115
[1] 1056.638
[1] 48
Iteration:  48 . Objective= 2776739 
[1] 48
[1] 9.434258
[1] 134.1893
[1] 1055.93
[1] 49
Iteration:  49 . Objective= 2777523 
[1] 49
[1] 9.905971
[1] 136.5896
[1] 1055.648
[1] 50
Iteration:  50 . Objective= 2778256 
[1] 50
[1] 10.40127
[1] 138.9107
[1] 1056.195
[1] 51
Iteration:  51 . Objective= 2778942 
[1] 51
[1] 10.92133
[1] 141.1517
[1] 1056.983
[1] 52
Iteration:  52 . Objective= 2779583 
[1] 52
[1] 11.4674
[1] 143.3118
[1] 1057.607
[1] 53
Iteration:  53 . Objective= 2780182 
[1] 53
[1] 12.04077
[1] 145.39
[1] 1058.046
[1] 54
Iteration:  54 . Objective= 2780743 
[1] 54
[1] 12.64281
[1] 147.3856
[1] 1058.21
[1] 55
Iteration:  55 . Objective= 2781267 
[1] 55
[1] 13.27495
[1] 149.2989
[1] 1058.013
[1] 56
Iteration:  56 . Objective= 2781757 
[1] 56
[1] 13.9387
[1] 151.1317
[1] 1057.887
[1] 57
Iteration:  57 . Objective= 2782215 
[1] 57
[1] 14.63563
[1] 152.8868
[1] 1058.56
[1] 58
Iteration:  58 . Objective= 2782643 
[1] 58
[1] 15.36741
[1] 154.5663
[1] 1059.999
[1] 59
Iteration:  59 . Objective= 2783042 
[1] 59
[1] 16.13578
[1] 156.1719
[1] 1061.125
[1] 60
Iteration:  60 . Objective= 2783415 
[1] 60
[1] 16.94257
[1] 157.7051
[1] 1061.141
[1] 61
Iteration:  61 . Objective= 2783763 
[1] 61
[1] 17.7897
[1] 159.1677
[1] 1060.697
[1] 62
Iteration:  62 . Objective= 2784088 
[1] 62
[1] 18.67919
[1] 160.5615
[1] 1060.953
[1] 63
Iteration:  63 . Objective= 2784392 
[1] 63
[1] 19.61315
[1] 161.8872
[1] 1061.876
[1] 64
Iteration:  64 . Objective= 2784676 
[1] 64
[1] 20.5938
[1] 163.1454
[1] 1062.54
[1] 65
Iteration:  65 . Objective= 2784942 
[1] 65
[1] 21.62349
[1] 164.3362
[1] 1062.891
[1] 66
Iteration:  66 . Objective= 2785190 
[1] 66
[1] 22.70467
[1] 165.4602
[1] 1063.729
[1] 67
Iteration:  67 . Objective= 2785423 
[1] 67
[1] 23.8399
[1] 166.5184
[1] 1064.877
[1] 68
Iteration:  68 . Objective= 2785642 
[1] 68
[1] 25.0319
[1] 167.5128
[1] 1065.195
[1] 69
Iteration:  69 . Objective= 2785847 
[1] 69
[1] 26.28349
[1] 168.4464
[1] 1064.897
[1] 70
Iteration:  70 . Objective= 2786039 
[1] 70
[1] 27.59766
[1] 169.3209
[1] 1065.579
[1] 71
Iteration:  71 . Objective= 2786219 
[1] 71
[1] 28.97755
[1] 170.1363
[1] 1066.824
[1] 72
Iteration:  72 . Objective= 2786388 
[1] 72
[1] 30.42643
[1] 170.8928
[1] 1066.173
[1] 73
Iteration:  73 . Objective= 2786546 
[1] 73
[1] 31.94775
[1] 171.5914
[1] 1064.353
[1] 74
Iteration:  74 . Objective= 2786694 
[1] 74
[1] 33.54513
[1] 172.2318
[1] 1065.125
[1] 75
Iteration:  75 . Objective= 2786833 
[1] 75
[1] 35.22239
[1] 172.8109
[1] 1067.726
[1] 76
Iteration:  76 . Objective= 2786964 
[1] 76
[1] 36.98351
[1] 173.3274
[1] 1067.66
[1] 77
Iteration:  77 . Objective= 2787087 
[1] 77
[1] 38.83269
[1] 173.7837
[1] 1066.282
[1] 78
Iteration:  78 . Objective= 2787203 
[1] 78
[1] 40.77432
[1] 174.1838
[1] 1067.627
[1] 79
Iteration:  79 . Objective= 2787312 
[1] 79
[1] 42.81304
[1] 174.5326
[1] 1068.279
[1] 80
Iteration:  80 . Objective= 2787414 
[1] 80
[1] 44.95369
[1] 174.8372
[1] 1066.131
[1] 81
Iteration:  81 . Objective= 2787510 
[1] 81
[1] 47.20137
[1] 175.1017
[1] 1066.889
[1] 82
Iteration:  82 . Objective= 2787600 
[1] 82
[1] 49.56144
[1] 175.328
[1] 1068.705
[1] 83
Iteration:  83 . Objective= 2787685 
[1] 83
[1] 52.03951
[1] 175.52
[1] 1066.8
[1] 84
Iteration:  84 . Objective= 2787764 
[1] 84
[1] 54.64149
[1] 175.68
[1] 1067.04
[1] 85
Iteration:  85 . Objective= 2787839 
[1] 85
[1] 57.37356
[1] 175.8129
[1] 1067.75
[1] 86
Iteration:  86 . Objective= 2787909 
[1] 86
[1] 60.24224
[1] 175.9253
[1] 1066.411
[1] 87
Iteration:  87 . Objective= 2787976 
[1] 87
[1] 63.25435
[1] 176.0183
[1] 1067.713
[1] 88
Iteration:  88 . Objective= 2788038 
[1] 88
[1] 66.41707
[1] 176.0979
[1] 1066.077
[1] 89
Iteration:  89 . Objective= 2788097 
[1] 89
[1] 69.73792
[1] 176.1628
[1] 1069.007
[1] 90
Iteration:  90 . Objective= 2788151 
[1] 90
[1] 73.22482
[1] 176.2187
[1] 1065.218
[1] 91
Iteration:  91 . Objective= 2788202 
[1] 91
[1] 76.88606
[1] 176.254
[1] 1071.3
[1] 92
Iteration:  92 . Objective= 2788250 
[1] 92
[1] 80.73037
[1] 176.2932
[1] 1061.905
[1] 93
Iteration:  93 . Objective= 2788293 
[1] 93
[1] 84.76688
[1] 176.2885
[1] 1084.1
[1] 94
Iteration:  94 . Objective= 2788327 
[1] 94
[1] 89.00523
[1] 176.3978
[1] 1030.025
[1] 95
[1] 96
Iteration:  96 . Objective= 2788327 
[1] 96
[1] 46.72774
[1] 176.295
[1] 1030.025
[1] 97
[1] 98
Iteration:  98 . Objective= 2788327 
[1] 98
[1] 24.53207
[1] 176.2439
[1] 1030.025
[1] 99
Iteration:  99 . Objective= 2788339 
[1] 99
[1] 25.75867
[1] 176.1164
[1] 1087.887
[1] 100
Iteration:  100 . Objective= 2788339 
[1] 100
[1] 27.0466
[1] 175.893
[1] 1116.77
[1] 101
Iteration:  101 . Objective= 2788362 
[1] 101
[1] 28.39893
[1] 175.6256
[1] 1071.057
[1] 102
Iteration:  102 . Objective= 2788365 
[1] 102
[1] 29.81888
[1] 175.3701
[1] 1026.602
[1] 103
Iteration:  103 . Objective= 2788389 
[1] 103
[1] 31.30982
[1] 175.1017
[1] 1063.423
[1] 104
Iteration:  104 . Objective= 2788393 
[1] 104
[1] 32.87531
[1] 174.7792
[1] 1115.072
[1] 105
Iteration:  105 . Objective= 2788414 
[1] 105
[1] 34.51908
[1] 174.4477
[1] 1081.176
[1] 106
Iteration:  106 . Objective= 2788415 
[1] 106
[1] 36.24503
[1] 174.1753
[1] 1028.939
[1] 107
Iteration:  107 . Objective= 2788433 
[1] 107
[1] 38.05729
[1] 173.9133
[1] 1074.157
[1] 108
[1] 109
Iteration:  109 . Objective= 2788433 
[1] 109
[1] 19.98008
[1] 174.1278
[1] 1074.157
[1] 110
Iteration:  110 . Objective= 2788434 
[1] 110
[1] 20.97908
[1] 174.0426
[1] 1070.909
[1] 111
[1] 112
Iteration:  112 . Objective= 2788434 
[1] 112
[1] 11.01402
[1] 174.0598
[1] 1070.909
[1] 113
[1] 114
Iteration:  114 . Objective= 2788434 
[1] 114
[1] 5.782359
[1] 174.0446
[1] 1070.909
[1] 115
[1] 116
Iteration:  116 . Objective= 2788434 
[1] 116
[1] 3.035738
[1] 174.0366
[1] 1070.909
[1] 117
[1] 118
Iteration:  118 . Objective= 2788434 
[1] 118
[1] 1.593763
[1] 174.0324
[1] 1070.909
[1] 119
[1] 120
        1         2         3         4         5         6         7         8 
174.03243 162.18080 145.36063 133.58233 121.77661 102.92801  87.83769  79.63841 
        9        10        11        12        13        14        15        16 
 78.05381  76.70029  75.02692  74.10795  71.18616  70.57112  69.58638  69.05678 
       17        18        19        20 
 65.93602  63.90395  60.16384  55.42939 
For users of newer versions (1.0.1+): the `scores` matrix now contains factor scores, the `V` matrix is UNSCALED scores.
For users of newer versions (1.0.1+): the `scores` matrix now contains factor scores.
[1] 265981576
Warning messages:
1: In gbm.sc(Y.sub, M = M, tol = tol, max.iter = max.iter, order.by.deviance = order.by.deviance) :
  Maximum number of iterations reached (increase max.iter).
              Possible non-convergence.
2: In gbm.sc(Y.sub, M = M, tol = tol, max.iter = max.iter, order.by.deviance = order.by.deviance) :
  Maximum number of iterations reached (increase max.iter).
              Possible non-convergence.
3: In gbm.sc(Y.sub, M = M, tol = tol, max.iter = max.iter, order.by.deviance = order.by.deviance) :
  Maximum number of iterations reached (increase max.iter).
              Possible non-convergence.
4: In gbm.sc(Y.sub, M = M, tol = tol, max.iter = max.iter, order.by.deviance = order.by.deviance) :
  Maximum number of iterations reached (increase max.iter).
              Possible non-convergence.
 [1] 264522192 265939158 265980315 265972273 265975857 265978290 265985793
 [8] 265973309 265978521 265981576
[1] "STARTING"
10.09588 250419348 
28.62226 250419348 
47.03575 250419334 
65.33002 -1.711747e+154 
96.78048 -Inf 
122.9075 250419348 
141.3654 250419348 
159.1997 250419349 
176.7439 231693798 
208.6655 -Inf 
234.4371 250419348 
252.2744 250419348 
270.8931 250419348 
289.7269 250418571 
307.8678 -1.109245e+39 
338.8586 -Inf 
366.2978 250419348 
388.5981 250419348 
410.584 250419348 
431.6475 250419348 
454.129 250031503 
476.5347 -2524655068 
496.3602 123517897 
515.3784 115490245 
534.4456 -2.236296e+17 
565.1797 -Inf 
591.142 250419348 
609.8424 250419348 
628.2194 250419348 
646.2012 250419348 
664.5908 250419349 
682.2265 250309817 
700.7123 250243234 
719.2302 250255371 
737.4002 250262744 
755.9204 250267601 
773.5549 250271967 
791.5466 250276433 
810.4424 250281035 
828.7602 250285716 
847.3985 250290476 
866.3238 250295330 
884.1923 250300337 
902.8904 250305559 
920.9713 250311070 
939.524 250316947 
959.1954 250323264 
977.3221 250330098 
995.608 250337529 
1014.061 250345655 
1031.731 250354597 
1050.129 250364510 
1068.781 250375582 
1086.923 250388043 
1105.378 250402145 
1123.314 250418197 
1141.825 250436547 
[1] "STARTING"
Trying Fisher scoring with penalty: 1
10.14363 250419348 
Iteration: 1 | deviance=1.316e+08
232.6656 250715540 
Iteration: 2 | deviance=1.31e+08
456.5694 264485672 
Iteration: 3 | deviance=1.02e+08
680.9517 266414546 
Iteration: 4 | deviance=9.74e+07
901.8314 266640389 
Iteration: 5 | deviance=9.649e+07
1126.452 266713915 
Iteration: 6 | deviance=9.598e+07
1350.268 266699073 
Iteration: 7 | deviance=9.576e+07
1571.527 266668691 
Iteration: 8 | deviance=9.564e+07
1796.632 266643989 
Iteration: 9 | deviance=9.557e+07
2006.122 266626819 
Iteration: 10 | deviance=9.553e+07
2201.989 266615734 
Iteration: 11 | deviance=9.551e+07
2421.89 266608698 
Iteration: 12 | deviance=9.549e+07
2640.927 266604008 
Iteration: 13 | deviance=9.548e+07
2856.738 266600598 
Iteration: 14 | deviance=9.547e+07
3074.687 266597899 
Iteration: 15 | deviance=9.547e+07
3297.179 266595621 
Iteration: 16 | deviance=9.546e+07
3521.748 266593615 
Iteration: 17 | deviance=9.546e+07
3745.102 266591799 
Iteration: 18 | deviance=9.545e+07
3964.862 266590126 
Iteration: 19 | deviance=9.545e+07
4167.686 266588568 
Iteration: 20 | deviance=9.544e+07
4364.41 266587105 
Iteration: 21 | deviance=9.544e+07
4588.143 266585725 
Iteration: 22 | deviance=9.544e+07
4814.038 266584417 
Iteration: 23 | deviance=9.543e+07
5042.174 266583173 
Iteration: 24 | deviance=9.543e+07
5264.353 266581988 
Iteration: 25 | deviance=9.543e+07
5491.226 266580856 
Iteration: 26 | deviance=9.543e+07
5716.259 266579773 
Iteration: 27 | deviance=9.543e+07
5930.968 266578734 
Iteration: 28 | deviance=9.542e+07
6156.621 266577737 
Iteration: 29 | deviance=9.542e+07
6362.093 266576777 
Iteration: 30 | deviance=9.542e+07
6586.57 266575853 
[1] "STARTING"
Trying AvaGrad with learning rate: 0.1
Trying AvaGrad with learning rate: 0.02
Trying AvaGrad with learning rate: 0.004
Trying AvaGrad with learning rate: 8e-04
74.63267 -2488287633 
Iteration: 1 | deviance=2.214e+09
Trying AvaGrad with learning rate: 0.00016
97.05382 218260060 
Iteration: 1 | deviance=1.981e+08
104.9814 219561888 
Iteration: 2 | deviance=1.995e+08
112.7691 227042543 
Iteration: 3 | deviance=1.669e+08
120.7481 242268454 
Iteration: 4 | deviance=1.355e+08
128.463 250179231 
Iteration: 5 | deviance=1.295e+08
136.3012 252348431 
Iteration: 6 | deviance=1.275e+08
144.1303 253594123 
Iteration: 7 | deviance=1.285e+08
151.8568 256510884 
Iteration: 8 | deviance=1.17e+08
159.768 259448746 
Iteration: 9 | deviance=1.111e+08
167.5813 261581930 
Iteration: 10 | deviance=1.07e+08
175.3225 263269699 
Iteration: 11 | deviance=1.052e+08
183.7564 263925041 
Iteration: 12 | deviance=1.016e+08
193.1397 264720632 
Iteration: 13 | deviance=1.009e+08
200.9132 265123487 
Iteration: 14 | deviance=9.961e+07
208.6381 265557256 
Iteration: 15 | deviance=9.91e+07
216.0978 265831860 
Iteration: 16 | deviance=9.866e+07
223.7707 265992828 
Iteration: 17 | deviance=9.921e+07
231.2251 266146412 
Iteration: 18 | deviance=9.965e+07
238.7809 266242649 
Iteration: 19 | deviance=9.649e+07
246.412 266301121 
Iteration: 20 | deviance=9.818e+07
254.1026 266345070 
Iteration: 21 | deviance=9.79e+07
261.6105 266378782 
Iteration: 22 | deviance=9.761e+07
269.2585 266403483 
Iteration: 23 | deviance=9.764e+07
277.3248 266422581 
Iteration: 24 | deviance=9.711e+07
285.3338 266436800 
Iteration: 25 | deviance=9.653e+07
293.2888 266449811 
Iteration: 26 | deviance=9.688e+07
301.3455 266466287 
Iteration: 27 | deviance=9.846e+07
309.8167 266475796 
Iteration: 28 | deviance=9.758e+07
318.3312 266484458 
Iteration: 29 | deviance=9.882e+07
326.2643 266492641 
Iteration: 30 | deviance=9.661e+07
334.1806 266504153 
