Loading required package: SummarizedExperiment
Loading required package: MatrixGenerics
Loading required package: matrixStats

Attaching package: ‘MatrixGenerics’

The following objects are masked from ‘package:matrixStats’:

    colAlls, colAnyNAs, colAnys, colAvgsPerRowSet, colCollapse,
    colCounts, colCummaxs, colCummins, colCumprods, colCumsums,
    colDiffs, colIQRDiffs, colIQRs, colLogSumExps, colMadDiffs,
    colMads, colMaxs, colMeans2, colMedians, colMins, colOrderStats,
    colProds, colQuantiles, colRanges, colRanks, colSdDiffs, colSds,
    colSums2, colTabulates, colVarDiffs, colVars, colWeightedMads,
    colWeightedMeans, colWeightedMedians, colWeightedSds,
    colWeightedVars, rowAlls, rowAnyNAs, rowAnys, rowAvgsPerColSet,
    rowCollapse, rowCounts, rowCummaxs, rowCummins, rowCumprods,
    rowCumsums, rowDiffs, rowIQRDiffs, rowIQRs, rowLogSumExps,
    rowMadDiffs, rowMads, rowMaxs, rowMeans2, rowMedians, rowMins,
    rowOrderStats, rowProds, rowQuantiles, rowRanges, rowRanks,
    rowSdDiffs, rowSds, rowSums2, rowTabulates, rowVarDiffs, rowVars,
    rowWeightedMads, rowWeightedMeans, rowWeightedMedians,
    rowWeightedSds, rowWeightedVars

Loading required package: GenomicRanges
Loading required package: stats4
Loading required package: BiocGenerics

Attaching package: ‘BiocGenerics’

The following objects are masked from ‘package:stats’:

    IQR, mad, sd, var, xtabs

The following objects are masked from ‘package:base’:

    anyDuplicated, aperm, append, as.data.frame, basename, cbind,
    colnames, dirname, do.call, duplicated, eval, evalq, Filter, Find,
    get, grep, grepl, intersect, is.unsorted, lapply, Map, mapply,
    match, mget, order, paste, pmax, pmax.int, pmin, pmin.int,
    Position, rank, rbind, Reduce, rownames, sapply, setdiff, sort,
    table, tapply, union, unique, unsplit, which.max, which.min

Loading required package: S4Vectors

Attaching package: ‘S4Vectors’

The following object is masked from ‘package:utils’:

    findMatches

The following objects are masked from ‘package:base’:

    expand.grid, I, unname

Loading required package: IRanges
Loading required package: GenomeInfoDb
Loading required package: Biobase
Welcome to Bioconductor

    Vignettes contain introductory material; view with
    'browseVignettes()'. To cite Bioconductor, see
    'citation("Biobase")', and for packages 'citation("pkgname")'.


Attaching package: ‘Biobase’

The following object is masked from ‘package:MatrixGenerics’:

    rowMedians

The following objects are masked from ‘package:matrixStats’:

    anyMissing, rowMedians

               _                           
platform       x86_64-pc-linux-gnu         
arch           x86_64                      
os             linux-gnu                   
system         x86_64, linux-gnu           
status                                     
major          4                           
minor          3.2                         
year           2023                        
month          10                          
day            31                          
svn rev        85441                       
language       R                           
version.string R version 4.3.2 (2023-10-31)
nickname       Eye Holes                   
Loading required package: bigmemory
see ?DuoClustering2018 and browseVignettes('DuoClustering2018') for documentation
loading from cache
[1] 1
[1] -2679266
Iteration:  1 . Objective= -2666066 
[1] 1
[1] 1
[1] 41.64043
[1] 417.5775
[1] 2
[1] -2675630
Iteration:  2 . Objective= -2662226 
[1] 2
[1] 1
[1] 41.31533
[1] 532.1024
[1] 3
[1] -2671953
Iteration:  3 . Objective= -2658313 
[1] 3
[1] 1.05
[1] 40.9137
[1] 571.1132
[1] 4
[1] -2667866
Iteration:  4 . Objective= -2653936 
[1] 4
[1] 1.1025
[1] 40.44775
[1] 579.115
[1] 5
[1] -2663220
Iteration:  5 . Objective= -2648919 
[1] 5
[1] 1.157625
[1] 39.93122
[1] 563.2077
[1] 6
[1] -2657858
Iteration:  6 . Objective= -2643082 
[1] 6
[1] 1.215506
[1] 39.38108
[1] 497.0203
[1] 7
[1] -2651572
Iteration:  7 . Objective= -2636166 
[1] 7
[1] 1.276282
[1] 38.85144
[1] 310.4993
[1] 8
[1] -2642970
Iteration:  8 . Objective= -2626530 
[1] 8
[1] 1.340096
[1] 38.6614
[1] 237.4645
[1] 9
[1] -2631706
Iteration:  9 . Objective= -2613584 
[1] 9
[1] 1.4071
[1] 41.46258
[1] 127.0028
[1] 10
[1] -2614894
Iteration:  10 . Objective= -2593272 
[1] 10
[1] 1.477455
[1] 56.45621
[1] 96.39934
[1] 11
[1] -2594574
Iteration:  11 . Objective= -2566886 
[1] 11
[1] 1.551328
[1] 75.18636
[1] 109.4171
[1] 12
[1] -2576537
Iteration:  12 . Objective= -2541405 
[1] 12
[1] 1.628895
[1] 94.13188
[1] 137.1987
[1] 13
[1] -2562831
Iteration:  13 . Objective= -2520181 
[1] 13
[1] 1.710339
[1] 112.1256
[1] 170.7726
[1] 14
[1] -2552616
Iteration:  14 . Objective= -2503095 
[1] 14
[1] 1.795856
[1] 129.3016
[1] 159.6472
[1] 15
[1] -2543855
Iteration:  15 . Objective= -2488254 
[1] 15
[1] 1.885649
[1] 145.6343
[1] 163.4098
[1] 16
[1] -2535858
Iteration:  16 . Objective= -2475078 
[1] 16
[1] 1.979932
[1] 161.6774
[1] 129.9786
[1] 17
[1] -2527616
Iteration:  17 . Objective= -2462534 
[1] 17
[1] 2.078928
[1] 178.3294
[1] 92.23533
[1] 18
[1] -2518277
Iteration:  18 . Objective= -2449693 
[1] 18
[1] 2.182875
[1] 195.0924
[1] 111.0912
[1] 19
[1] -2509526
Iteration:  19 . Objective= -2438019 
[1] 19
[1] 2.292018
[1] 212.0068
[1] 107.9446
[1] 20
[1] -2501394
Iteration:  20 . Objective= -2427317 
[1] 20
[1] 2.406619
[1] 229.014
[1] 108.7579
[1] 21
[1] -2493927
Iteration:  21 . Objective= -2417442 
[1] 21
[1] 2.52695
[1] 245.9264
[1] 117.4992
[1] 22
[1] -2487209
Iteration:  22 . Objective= -2408376 
[1] 22
[1] 2.653298
[1] 262.9104
[1] 104.9697
[1] 23
[1] -2480958
Iteration:  23 . Objective= -2399747 
[1] 23
[1] 2.785963
[1] 280.227
[1] 89.92302
[1] 24
[1] -2474964
Iteration:  24 . Objective= -2391294 
[1] 24
[1] 2.925261
[1] 297.5366
[1] 108.1065
[1] 25
[1] -2469575
Iteration:  25 . Objective= -2383465 
[1] 25
[1] 3.071524
[1] 315.0137
[1] 96.93613
[1] 26
[1] -2464504
Iteration:  26 . Objective= -2376007 
[1] 26
[1] 3.2251
[1] 332.5759
[1] 104.5635
[1] 27
[1] -2459767
Iteration:  27 . Objective= -2369001 
[1] 27
[1] 3.386355
[1] 350.267
[1] 105.2103
[1] 28
[1] -2455262
Iteration:  28 . Objective= -2362369 
[1] 28
[1] 3.555673
[1] 368.31
[1] 94.69988
[1] 29
[1] -2450844
Iteration:  29 . Objective= -2355947 
[1] 29
[1] 3.733456
[1] 386.4962
[1] 115.2144
[1] 30
[1] -2446754
Iteration:  30 . Objective= -2349949 
[1] 30
[1] 3.920129
[1] 404.8486
[1] 116.8104
[1] 31
[1] -2442958
Iteration:  31 . Objective= -2344292 
[1] 31
[1] 4.116136
[1] 423.717
[1] 94.70364
[1] 32
[1] -2439286
Iteration:  32 . Objective= -2338724 
[1] 32
[1] 4.321942
[1] 443.1098
[1] 98.623
[1] 33
[1] -2435810
Iteration:  33 . Objective= -2333294 
[1] 33
[1] 4.538039
[1] 463.1223
[1] 95.29191
[1] 34
[1] -2432508
Iteration:  34 . Objective= -2327969 
[1] 34
[1] 4.764941
[1] 483.6916
[1] 99.17432
[1] 35
[1] -2429401
Iteration:  35 . Objective= -2322798 
[1] 35
[1] 5.003189
[1] 504.7572
[1] 102.103
[1] 36
[1] -2426474
Iteration:  36 . Objective= -2317797 
[1] 36
[1] 5.253348
[1] 526.5835
[1] 87.96142
[1] 37
[1] -2423602
Iteration:  37 . Objective= -2312828 
[1] 37
[1] 5.516015
[1] 549.0719
[1] 92.2563
[1] 38
[1] -2420829
Iteration:  38 . Objective= -2307944 
[1] 38
[1] 5.791816
[1] 572.146
[1] 93.74426
[1] 39
[1] -2418194
Iteration:  39 . Objective= -2303171 
[1] 39
[1] 6.081407
[1] 595.6741
[1] 97.11228
[1] 40
[1] -2415727
Iteration:  40 . Objective= -2298523 
[1] 40
[1] 6.385477
[1] 619.6051
[1] 96.81833
[1] 41
[1] -2413441
Iteration:  41 . Objective= -2293986 
[1] 41
[1] 6.704751
[1] 644.0689
[1] 87.77115
[1] 42
[1] -2411305
Iteration:  42 . Objective= -2289478 
[1] 42
[1] 7.039989
[1] 668.9744
[1] 89.96062
[1] 43
[1] -2409352
Iteration:  43 . Objective= -2285032 
[1] 43
[1] 7.391988
[1] 694.2609
[1] 91.92912
[1] 44
[1] -2407577
Iteration:  44 . Objective= -2280663 
[1] 44
[1] 7.761588
[1] 719.9523
[1] 91.26658
[1] 45
[1] -2405957
Iteration:  45 . Objective= -2276366 
[1] 45
[1] 8.149667
[1] 746.1361
[1] 87.01059
[1] 46
[1] -2404473
Iteration:  46 . Objective= -2272114 
[1] 46
[1] 8.55715
[1] 772.7487
[1] 88.04461
[1] 47
[1] -2403145
Iteration:  47 . Objective= -2267922 
[1] 47
[1] 8.985008
[1] 799.7163
[1] 90.13435
[1] 48
[1] -2401977
Iteration:  48 . Objective= -2263810 
[1] 48
[1] 9.434258
[1] 827.0434
[1] 90.75676
[1] 49
[1] -2400958
Iteration:  49 . Objective= -2259781 
[1] 49
[1] 9.905971
[1] 854.7542
[1] 90.40557
[1] 50
[1] -2400088
Iteration:  50 . Objective= -2255829 
[1] 50
[1] 10.40127
[1] 882.867
[1] 89.06001
[1] 51
[1] -2399371
Iteration:  51 . Objective= -2251948 
[1] 51
[1] 10.92133
[1] 911.4185
[1] 87.78053
[1] 52
[1] -2398796
Iteration:  52 . Objective= -2248130 
[1] 52
[1] 11.4674
[1] 940.436
[1] 87.40175
[1] 53
[1] -2398365
Iteration:  53 . Objective= -2244377 
[1] 53
[1] 12.04077
[1] 969.8504
[1] 89.9364
[1] 54
[1] -2398101
Iteration:  54 . Objective= -2240705 
[1] 54
[1] 12.64281
[1] 999.6558
[1] 89.40099
[1] 55
[1] -2397991
Iteration:  55 . Objective= -2237111 
[1] 55
[1] 13.27495
[1] 1029.904
[1] 86.67666
[1] 56
[1] -2398000
Iteration:  56 . Objective= -2233581 
[1] 56
[1] 13.9387
[1] 1060.522
[1] 90.22557
[1] 57
[1] -2398142
Iteration:  57 . Objective= -2230133 
[1] 57
[1] 14.63563
[1] 1091.577
[1] 87.61832
[1] 58
[1] -2398393
Iteration:  58 . Objective= -2226753 
[1] 58
[1] 15.36741
[1] 1123.026
[1] 89.37398
[1] 59
[1] -2398747
Iteration:  59 . Objective= -2223455 
[1] 59
[1] 16.13578
[1] 1154.857
[1] 88.44895
[1] 60
[1] -2399242
Iteration:  60 . Objective= -2220235 
[1] 60
[1] 16.94257
[1] 1187.145
[1] 86.05972
[1] 61
[1] -2399850
Iteration:  61 . Objective= -2217102 
[1] 61
[1] 17.7897
[1] 1219.774
[1] 91.78646
[1] 62
[1] -2400713
Iteration:  62 . Objective= -2214176 
[1] 62
[1] 18.67919
[1] 1252.908
[1] 87.87806
[1] 63
[1] -2402711
Iteration:  63 . Objective= -2212452 
[1] 63
[1] 19.61315
[1] 1286.097
[1] 111.3069
[1] 64
[1] -2409041
[1] 65
[1] -2402730
Iteration:  65 . Objective= -2212472 
[1] 65
[1] 10.2969
[1] 1253.317
[1] 110.9137
[1] 66
[1] -2403967
[1] 67
[1] -2402720
Iteration:  67 . Objective= -2212462 
[1] 67
[1] 5.405873
[1] 1253.091
[1] 111.0747
[1] 68
[1] -2401454
Iteration:  68 . Objective= -2211081 
[1] 68
[1] 5.676167
[1] 1253.603
[1] 87.68179
[1] 69
[1] -2402761
[1] 70
[1] -2401446
Iteration:  70 . Objective= -2211078 
[1] 70
[1] 2.979988
[1] 1253.208
[1] 88.52875
[1] 71
[1] -2401303
Iteration:  71 . Objective= -2210942 
[1] 71
[1] 3.128987
[1] 1253.452
[1] 87.80725
[1] 72
[1] -2401267
Iteration:  72 . Objective= -2210911 
[1] 72
[1] 3.285436
[1] 1253.827
[1] 89.02909
[1] 73
[1] -2401177
Iteration:  73 . Objective= -2210813 
[1] 73
[1] 3.449708
[1] 1254.338
[1] 90.13826
[1] 74
[1] -2400945
Iteration:  74 . Objective= -2210566 
[1] 74
[1] 3.622194
[1] 1255.008
[1] 86.66592
[1] 75
[1] -2400796
Iteration:  75 . Objective= -2210409 
[1] 75
[1] 3.803303
[1] 1255.847
[1] 86.95383
[1] 76
[1] -2400549
Iteration:  76 . Objective= -2210175 
[1] 76
[1] 3.993468
[1] 1256.865
[1] 86.84674
[1] 77
[1] -2400174
Iteration:  77 . Objective= -2209834 
[1] 77
[1] 4.193142
[1] 1258.073
[1] 86.98317
[1] 78
[1] -2399884
Iteration:  78 . Objective= -2209578 
[1] 78
[1] 4.402799
[1] 1259.475
[1] 89.74587
[1] 79
[1] -2399490
Iteration:  79 . Objective= -2209188 
[1] 79
[1] 4.622939
[1] 1261.097
[1] 87.77654
[1] 80
[1] -2399136
Iteration:  80 . Objective= -2208798 
[1] 80
[1] 4.854086
[1] 1262.958
[1] 88.00795
[1] 81
[1] -2398813
Iteration:  81 . Objective= -2208408 
[1] 81
[1] 5.09679
[1] 1265.076
[1] 88.02568
[1] 82
[1] -2398395
Iteration:  82 . Objective= -2207900 
[1] 82
[1] 5.35163
[1] 1267.468
[1] 87.66399
[1] 83
[1] -2398076
Iteration:  83 . Objective= -2207465 
[1] 83
[1] 5.619211
[1] 1270.146
[1] 89.84936
[1] 84
[1] -2397657
Iteration:  84 . Objective= -2206890 
[1] 84
[1] 5.900172
[1] 1273.155
[1] 86.55116
[1] 85
[1] -2397340
Iteration:  85 . Objective= -2206375 
[1] 85
[1] 6.19518
[1] 1276.522
[1] 86.62121
[1] 86
[1] -2396956
Iteration:  86 . Objective= -2205745 
[1] 86
[1] 6.504939
[1] 1280.266
[1] 87.13372
[1] 87
[1] -2396664
Iteration:  87 . Objective= -2205149 
[1] 87
[1] 6.830186
[1] 1284.399
[1] 88.89014
[1] 88
[1] -2396348
Iteration:  88 . Objective= -2204457 
[1] 88
[1] 7.171695
[1] 1288.965
[1] 87.7859
[1] 89
[1] -2396123
Iteration:  89 . Objective= -2203792 
[1] 89
[1] 7.53028
[1] 1293.999
[1] 87.90719
[1] 90
[1] -2395850
Iteration:  90 . Objective= -2203022 
[1] 90
[1] 7.906794
[1] 1299.526
[1] 87.90484
[1] 91
[1] -2395699
Iteration:  91 . Objective= -2202294 
[1] 91
[1] 8.302134
[1] 1305.566
[1] 88.90603
[1] 92
[1] -2395525
Iteration:  92 . Objective= -2201446 
[1] 92
[1] 8.717241
[1] 1312.178
[1] 87.01452
[1] 93
[1] -2395456
Iteration:  93 . Objective= -2200630 
[1] 93
[1] 9.153103
[1] 1319.395
[1] 87.03293
[1] 94
[1] -2395397
Iteration:  94 . Objective= -2199740 
[1] 94
[1] 9.610758
[1] 1327.233
[1] 87.77369
[1] 95
[1] -2395400
Iteration:  95 . Objective= -2198788 
[1] 95
[1] 10.0913
[1] 1335.741
[1] 87.61114
[1] 96
[1] -2395531
Iteration:  96 . Objective= -2197860 
[1] 96
[1] 10.59586
[1] 1344.964
[1] 87.83468
[1] 97
[1] -2395657
Iteration:  97 . Objective= -2196847 
[1] 97
[1] 11.12565
[1] 1354.917
[1] 88.57424
[1] 98
[1] -2395855
Iteration:  98 . Objective= -2195774 
[1] 98
[1] 11.68194
[1] 1365.665
[1] 87.51945
[1] 99
[1] -2396190
Iteration:  99 . Objective= -2194706 
[1] 99
[1] 12.26603
[1] 1377.253
[1] 87.21344
[1] 100
[1] -2396618
Iteration:  100 . Objective= -2193619 
[1] 100
[1] 12.87933
[1] 1389.663
[1] 90.73369
        1         2         3         4         5         6         7         8 
1389.6630 1105.9829  970.2353  612.6404  528.2588  499.8684  457.8135  454.7163 
        9        10        11        12        13        14        15        16 
 448.8098  437.0518  431.2616  422.0000  418.9873  414.9798  410.0327  407.0564 
       17        18        19        20 
 403.7119  392.9745  389.7199  386.0948 
For users of newer versions (1.0.1+): the `scores` matrix now contains factor scores, the `V` matrix is UNSCALED scores.
Warning message:
In gbm.sc(Y1, oos.Y = Y2, M = 20, max.iter = max.iter, tol = 10^{ :
  Maximum number of iterations reached (increase max.iter).
              Possible non-convergence.
  [1] -2679266 -2675630 -2671953 -2667866 -2663220 -2657858 -2651572 -2642970
  [9] -2631706 -2614894 -2594574 -2576537 -2562831 -2552616 -2543855 -2535858
 [17] -2527616 -2518277 -2509526 -2501394 -2493927 -2487209 -2480958 -2474964
 [25] -2469575 -2464504 -2459767 -2455262 -2450844 -2446754 -2442958 -2439286
 [33] -2435810 -2432508 -2429401 -2426474 -2423602 -2420829 -2418194 -2415727
 [41] -2413441 -2411305 -2409352 -2407577 -2405957 -2404473 -2403145 -2401977
 [49] -2400958 -2400088 -2399371 -2398796 -2398365 -2398101 -2397991 -2398000
 [57] -2398142 -2398393 -2398747 -2399242 -2399850 -2400713 -2402711 -2409041
 [65] -2402730 -2403967 -2402720 -2401454 -2402761 -2401446 -2401303 -2401267
 [73] -2401177 -2400945 -2400796 -2400549 -2400174 -2399884 -2399490 -2399136
 [81] -2398813 -2398395 -2398076 -2397657 -2397340 -2396956 -2396664 -2396348
 [89] -2396123 -2395850 -2395699 -2395525 -2395456 -2395397 -2395400 -2395531
 [97] -2395657 -2395855 -2396190 -2396618
[1] 25
[1] 1
Iteration:  1 . Objective= -213683.5 
[1] 1
[1] 1
[1] 42.13888
[1] 103.8522
[1] 2
Iteration:  2 . Objective= -211649 
[1] 2
[1] 1
[1] 42.39721
[1] 103.8175
[1] 3
Iteration:  3 . Objective= -209559.8 
[1] 3
[1] 1.05
[1] 42.74321
[1] 103.763
[1] 4
Iteration:  4 . Objective= -207435.9 
[1] 4
[1] 1.1025
[1] 43.19098
[1] 103.674
[1] 5
Iteration:  5 . Objective= -205333.9 
[1] 5
[1] 1.157625
[1] 43.75119
[1] 103.524
[1] 6
Iteration:  6 . Objective= -203278.2 
[1] 6
[1] 1.215506
[1] 44.43325
[1] 103.2619
[1] 7
Iteration:  7 . Objective= -201279 
[1] 7
[1] 1.276282
[1] 45.24976
[1] 102.7853
[1] 8
Iteration:  8 . Objective= -199355 
[1] 8
[1] 1.340096
[1] 46.22441
[1] 101.8864
[1] 9
Iteration:  9 . Objective= -197517.5 
[1] 9
[1] 1.4071
[1] 47.40987
[1] 100.151
[1] 10
Iteration:  10 . Objective= -195760 
[1] 10
[1] 1.477455
[1] 48.92339
[1] 96.82869
[1] 11
Iteration:  11 . Objective= -194063.2 
[1] 11
[1] 1.551328
[1] 50.96725
[1] 90.93805
[1] 12
Iteration:  12 . Objective= -192401.2 
[1] 12
[1] 1.628895
[1] 53.67598
[1] 85.06046
[1] 13
Iteration:  13 . Objective= -190754.9 
[1] 13
[1] 1.710339
[1] 56.87375
[1] 91.94936
[1] 14
Iteration:  14 . Objective= -189177.4 
[1] 14
[1] 1.795856
[1] 60.48785
[1] 85.23424
[1] 15
Iteration:  15 . Objective= -187629.1 
[1] 15
[1] 1.885649
[1] 64.56659
[1] 74.98005
[1] 16
Iteration:  16 . Objective= -186063.3 
[1] 16
[1] 1.979932
[1] 68.96382
[1] 82.15383
[1] 17
Iteration:  17 . Objective= -184544.2 
[1] 17
[1] 2.078928
[1] 73.57671
[1] 88.16317
[1] 18
Iteration:  18 . Objective= -183095.2 
[1] 18
[1] 2.182875
[1] 78.35714
[1] 91.49699
[1] 19
Iteration:  19 . Objective= -181712.1 
[1] 19
[1] 2.292018
[1] 83.2973
[1] 92.60205
[1] 20
Iteration:  20 . Objective= -180383.3 
[1] 20
[1] 2.406619
[1] 88.40501
[1] 91.93488
[1] 21
Iteration:  21 . Objective= -179093.9 
[1] 21
[1] 2.52695
[1] 93.68849
[1] 89.65974
[1] 22
Iteration:  22 . Objective= -177829.1 
[1] 22
[1] 2.653298
[1] 99.15729
[1] 86.06814
[1] 23
Iteration:  23 . Objective= -176575 
[1] 23
[1] 2.785963
[1] 104.8155
[1] 83.40257
[1] 24
Iteration:  24 . Objective= -175323.6 
[1] 24
[1] 2.925261
[1] 110.6819
[1] 80.57835
[1] 25
Iteration:  25 . Objective= -174069.6 
[1] 25
[1] 3.071524
[1] 116.7344
[1] 81.94508
        1         2         3         4         5         6         7         8 
116.73437 108.27503  80.11054  72.84776  69.64616  58.39055  55.97871  55.06077 
        9        10        11        12        13        14        15        16 
 47.55434  46.66579  43.13258  40.80649  39.34228  38.88575  36.46412  34.97215 
       17        18        19        20 
 34.25258  32.73368  31.13284  29.84003 
For users of newer versions (1.0.1+): the `scores` matrix now contains factor scores, the `V` matrix is UNSCALED scores.
For users of newer versions (1.0.1+): the `scores` matrix now contains factor scores.
[1] -2497287
[1] 50
[1] 1
Iteration:  1 . Objective= -225277.3 
[1] 1
[1] 1
[1] 43.11627
[1] 48.17431
[1] 2
Iteration:  2 . Objective= -222168 
[1] 2
[1] 1
[1] 43.65602
[1] 57.45076
[1] 3
Iteration:  3 . Objective= -219591.9 
[1] 3
[1] 1.05
[1] 44.34651
[1] 61.40284
[1] 4
Iteration:  4 . Objective= -217265 
[1] 4
[1] 1.1025
[1] 45.2581
[1] 60.02483
[1] 5
Iteration:  5 . Objective= -215028.5 
[1] 5
[1] 1.157625
[1] 46.44919
[1] 57.6992
[1] 6
Iteration:  6 . Objective= -212840.3 
[1] 6
[1] 1.215506
[1] 47.86109
[1] 63.81571
[1] 7
Iteration:  7 . Objective= -210834.3 
[1] 7
[1] 1.276282
[1] 49.58139
[1] 58.81153
[1] 8
Iteration:  8 . Objective= -208912.7 
[1] 8
[1] 1.340096
[1] 51.68611
[1] 55.15074
[1] 9
Iteration:  9 . Objective= -207045.5 
[1] 9
[1] 1.4071
[1] 54.20794
[1] 55.69775
[1] 10
Iteration:  10 . Objective= -205265.1 
[1] 10
[1] 1.477455
[1] 57.24294
[1] 55.21234
[1] 11
Iteration:  11 . Objective= -203568.5 
[1] 11
[1] 1.551328
[1] 61.03382
[1] 54.59352
[1] 12
Iteration:  12 . Objective= -201942.4 
[1] 12
[1] 1.628895
[1] 65.97765
[1] 54.54478
[1] 13
Iteration:  13 . Objective= -200378.5 
[1] 13
[1] 1.710339
[1] 71.47466
[1] 55.08407
[1] 14
Iteration:  14 . Objective= -198874 
[1] 14
[1] 1.795856
[1] 77.12566
[1] 55.814
[1] 15
Iteration:  15 . Objective= -197421.5 
[1] 15
[1] 1.885649
[1] 82.88643
[1] 56.33268
[1] 16
Iteration:  16 . Objective= -196008.9 
[1] 16
[1] 1.979932
[1] 88.77233
[1] 56.45226
[1] 17
Iteration:  17 . Objective= -194626 
[1] 17
[1] 2.078928
[1] 94.8127
[1] 56.23625
[1] 18
Iteration:  18 . Objective= -193264.4 
[1] 18
[1] 2.182875
[1] 101.0353
[1] 55.94366
[1] 19
Iteration:  19 . Objective= -191917.6 
[1] 19
[1] 2.292018
[1] 107.4544
[1] 55.90021
[1] 20
Iteration:  20 . Objective= -190581.9 
[1] 20
[1] 2.406619
[1] 114.0664
[1] 56.29005
[1] 21
Iteration:  21 . Objective= -189256.5 
[1] 21
[1] 2.52695
[1] 120.8554
[1] 56.96827
[1] 22
Iteration:  22 . Objective= -187941.3 
[1] 22
[1] 2.653298
[1] 127.806
[1] 57.52724
[1] 23
Iteration:  23 . Objective= -186635.1 
[1] 23
[1] 2.785963
[1] 134.9112
[1] 57.6957
[1] 24
Iteration:  24 . Objective= -185335.2 
[1] 24
[1] 2.925261
[1] 142.1702
[1] 57.67993
[1] 25
Iteration:  25 . Objective= -184039.1 
[1] 25
[1] 3.071524
[1] 149.5803
[1] 57.94443
[1] 26
Iteration:  26 . Objective= -182746.2 
[1] 26
[1] 3.2251
[1] 157.1338
[1] 58.58232
[1] 27
Iteration:  27 . Objective= -181458.3 
[1] 27
[1] 3.386355
[1] 164.8231
[1] 59.11135
[1] 28
Iteration:  28 . Objective= -180176.4 
[1] 28
[1] 3.555673
[1] 172.6448
[1] 59.14531
[1] 29
Iteration:  29 . Objective= -178900.4 
[1] 29
[1] 3.733456
[1] 180.5938
[1] 59.0391
[1] 30
Iteration:  30 . Objective= -177629.4 
[1] 30
[1] 3.920129
[1] 188.6567
[1] 59.35878
[1] 31
Iteration:  31 . Objective= -176364.7 
[1] 31
[1] 4.116136
[1] 196.8193
[1] 59.85395
[1] 32
Iteration:  32 . Objective= -175107.4 
[1] 32
[1] 4.321942
[1] 205.0774
[1] 59.80605
[1] 33
Iteration:  33 . Objective= -173857.1 
[1] 33
[1] 4.538039
[1] 213.4351
[1] 59.41286
[1] 34
Iteration:  34 . Objective= -172612.7 
[1] 34
[1] 4.764941
[1] 221.892
[1] 59.56284
[1] 35
Iteration:  35 . Objective= -171374.8 
[1] 35
[1] 5.003189
[1] 230.4462
[1] 60.06375
[1] 36
Iteration:  36 . Objective= -170145.7 
[1] 36
[1] 5.253348
[1] 239.1057
[1] 59.94812
[1] 37
Iteration:  37 . Objective= -168926.2 
[1] 37
[1] 5.516015
[1] 247.8826
[1] 59.59372
[1] 38
Iteration:  38 . Objective= -167716.6 
[1] 38
[1] 5.791816
[1] 256.7799
[1] 59.92227
[1] 39
Iteration:  39 . Objective= -166519.1 
[1] 39
[1] 6.081407
[1] 265.8004
[1] 60.20086
[1] 40
Iteration:  40 . Objective= -165335.6 
[1] 40
[1] 6.385477
[1] 274.9513
[1] 59.93851
[1] 41
Iteration:  41 . Objective= -164166.8 
[1] 41
[1] 6.704751
[1] 284.231
[1] 60.17454
[1] 42
Iteration:  42 . Objective= -163014.4 
[1] 42
[1] 7.039989
[1] 293.6359
[1] 60.52527
[1] 43
Iteration:  43 . Objective= -161880.4 
[1] 43
[1] 7.391988
[1] 303.1711
[1] 60.24988
[1] 44
Iteration:  44 . Objective= -160765 
[1] 44
[1] 7.761588
[1] 312.8398
[1] 60.39226
[1] 45
Iteration:  45 . Objective= -159669.5 
[1] 45
[1] 8.149667
[1] 322.6449
[1] 60.58869
[1] 46
Iteration:  46 . Objective= -158595.6 
[1] 46
[1] 8.55715
[1] 332.5917
[1] 60.47796
[1] 47
Iteration:  47 . Objective= -157543.7 
[1] 47
[1] 8.985008
[1] 342.6809
[1] 60.5089
[1] 48
Iteration:  48 . Objective= -156514.7 
[1] 48
[1] 9.434258
[1] 352.9137
[1] 60.42991
[1] 49
Iteration:  49 . Objective= -155509.5 
[1] 49
[1] 9.905971
[1] 363.2935
[1] 60.40423
[1] 50
Iteration:  50 . Objective= -154529.2 
[1] 50
[1] 10.40127
[1] 373.8279
[1] 60.33158
       1        2        3        4        5        6        7        8 
373.8279 345.4924 266.6154 225.7017 218.2941 217.8868 213.9916 213.1855 
       9       10       11       12       13       14       15       16 
209.5711 205.6158 203.2313 202.7653 197.3667 193.6163 192.5153 191.2822 
      17       18       19       20 
189.4052 186.4925 184.3671 182.3129 
For users of newer versions (1.0.1+): the `scores` matrix now contains factor scores, the `V` matrix is UNSCALED scores.
For users of newer versions (1.0.1+): the `scores` matrix now contains factor scores.
[1] -2514234
[1] 75
[1] 1
Iteration:  1 . Objective= -221093.3 
[1] 1
[1] 1
[1] 40.78386
[1] 134.8808
[1] 2
Iteration:  2 . Objective= -220045.8 
[1] 2
[1] 1
[1] 40.71675
[1] 133.6854
[1] 3
Iteration:  3 . Objective= -218852.1 
[1] 3
[1] 1.05
[1] 40.65796
[1] 131.5963
[1] 4
Iteration:  4 . Objective= -217514 
[1] 4
[1] 1.1025
[1] 40.62145
[1] 127.7641
[1] 5
Iteration:  5 . Objective= -216047.2 
[1] 5
[1] 1.157625
[1] 40.62864
[1] 120.6932
[1] 6
Iteration:  6 . Objective= -214459.2 
[1] 6
[1] 1.215506
[1] 40.71605
[1] 108.4408
[1] 7
Iteration:  7 . Objective= -212732.6 
[1] 7
[1] 1.276282
[1] 40.94653
[1] 90.93669
[1] 8
Iteration:  8 . Objective= -210815.6 
[1] 8
[1] 1.340096
[1] 41.40619
[1] 74.09628
[1] 9
Iteration:  9 . Objective= -208676.6 
[1] 9
[1] 1.4071
[1] 42.14299
[1] 67.16161
[1] 10
Iteration:  10 . Objective= -206454.3 
[1] 10
[1] 1.477455
[1] 43.12191
[1] 72.19186
[1] 11
Iteration:  11 . Objective= -204387.1 
[1] 11
[1] 1.551328
[1] 45.9125
[1] 81.60043
[1] 12
Iteration:  12 . Objective= -202567.6 
[1] 12
[1] 1.628895
[1] 51.4289
[1] 87.67028
[1] 13
Iteration:  13 . Objective= -200959 
[1] 13
[1] 1.710339
[1] 56.71884
[1] 88.04496
[1] 14
Iteration:  14 . Objective= -199490.5 
[1] 14
[1] 1.795856
[1] 61.83028
[1] 84.14457
[1] 15
Iteration:  15 . Objective= -198097.6 
[1] 15
[1] 1.885649
[1] 66.84877
[1] 79.83183
[1] 16
Iteration:  16 . Objective= -196738.6 
[1] 16
[1] 1.979932
[1] 71.83637
[1] 79.32437
[1] 17
Iteration:  17 . Objective= -195407.9 
[1] 17
[1] 2.078928
[1] 76.81843
[1] 82.87903
[1] 18
Iteration:  18 . Objective= -194121.1 
[1] 18
[1] 2.182875
[1] 81.81208
[1] 86.75439
[1] 19
Iteration:  19 . Objective= -192885.2 
[1] 19
[1] 2.292018
[1] 86.8481
[1] 87.72957
[1] 20
Iteration:  20 . Objective= -191691.7 
[1] 20
[1] 2.406619
[1] 91.97482
[1] 85.25608
[1] 21
Iteration:  21 . Objective= -190522.9 
[1] 21
[1] 2.52695
[1] 97.24563
[1] 81.31331
[1] 22
Iteration:  22 . Objective= -189359.8 
[1] 22
[1] 2.653298
[1] 102.689
[1] 79.28158
[1] 23
Iteration:  23 . Objective= -188193.6 
[1] 23
[1] 2.785963
[1] 108.2914
[1] 80.77954
[1] 24
Iteration:  24 . Objective= -187030.3 
[1] 24
[1] 2.925261
[1] 114.0231
[1] 83.68529
[1] 25
Iteration:  25 . Objective= -185877.7 
[1] 25
[1] 3.071524
[1] 119.8685
[1] 84.85435
[1] 26
Iteration:  26 . Objective= -184735.2 
[1] 26
[1] 3.2251
[1] 125.8345
[1] 83.28323
[1] 27
Iteration:  27 . Objective= -183594.4 
[1] 27
[1] 3.386355
[1] 131.9362
[1] 80.80894
[1] 28
Iteration:  28 . Objective= -182445.3 
[1] 28
[1] 3.555673
[1] 138.1724
[1] 80.49757
[1] 29
Iteration:  29 . Objective= -181286.5 
[1] 29
[1] 3.733456
[1] 144.5231
[1] 82.80444
[1] 30
Iteration:  30 . Objective= -180125.1 
[1] 30
[1] 3.920129
[1] 150.9756
[1] 84.75053
[1] 31
Iteration:  31 . Objective= -178965.7 
[1] 31
[1] 4.116136
[1] 157.5396
[1] 84.07808
[1] 32
Iteration:  32 . Objective= -177805.7 
[1] 32
[1] 4.321942
[1] 164.2354
[1] 81.90896
[1] 33
Iteration:  33 . Objective= -176639 
[1] 33
[1] 4.538039
[1] 171.0688
[1] 81.35483
[1] 34
Iteration:  34 . Objective= -175464.7 
[1] 34
[1] 4.764941
[1] 178.0267
[1] 82.94562
[1] 35
Iteration:  35 . Objective= -174287.8 
[1] 35
[1] 5.003189
[1] 185.1015
[1] 83.84416
[1] 36
Iteration:  36 . Objective= -173110.9 
[1] 36
[1] 5.253348
[1] 192.3026
[1] 82.60163
[1] 37
Iteration:  37 . Objective= -171931.1 
[1] 37
[1] 5.516015
[1] 199.6423
[1] 81.18032
[1] 38
Iteration:  38 . Objective= -170745.3 
[1] 38
[1] 5.791816
[1] 207.1181
[1] 81.85358
[1] 39
Iteration:  39 . Objective= -169556.9 
[1] 39
[1] 6.081407
[1] 214.721
[1] 83.2702
[1] 40
Iteration:  40 . Objective= -168371 
[1] 40
[1] 6.385477
[1] 222.4523
[1] 82.98355
[1] 41
Iteration:  41 . Objective= -167188.7 
[1] 41
[1] 6.704751
[1] 230.318
[1] 81.58037
[1] 42
Iteration:  42 . Objective= -166008.7 
[1] 42
[1] 7.039989
[1] 238.3091
[1] 81.61233
[1] 43
Iteration:  43 . Objective= -164832.9 
[1] 43
[1] 7.391988
[1] 246.4042
[1] 82.94144
[1] 44
Iteration:  44 . Objective= -163666.1 
[1] 44
[1] 7.761588
[1] 254.5915
[1] 83.08223
[1] 45
Iteration:  45 . Objective= -162510.4 
[1] 45
[1] 8.149667
[1] 262.8735
[1] 81.86625
[1] 46
Iteration:  46 . Objective= -161365.4 
[1] 46
[1] 8.55715
[1] 271.2493
[1] 81.54817
[1] 47
Iteration:  47 . Objective= -160232.2 
[1] 47
[1] 8.985008
[1] 279.7099
[1] 82.4695
[1] 48
Iteration:  48 . Objective= -159113.7 
[1] 48
[1] 9.434258
[1] 288.2533
[1] 82.56186
[1] 49
Iteration:  49 . Objective= -158011.5 
[1] 49
[1] 9.905971
[1] 296.8849
[1] 81.57904
[1] 50
Iteration:  50 . Objective= -156925.7 
[1] 50
[1] 10.40127
[1] 305.6056
[1] 81.47201
[1] 51
Iteration:  51 . Objective= -155858.1 
[1] 51
[1] 10.92133
[1] 314.4138
[1] 82.40181
[1] 52
Iteration:  52 . Objective= -154811.9 
[1] 52
[1] 11.4674
[1] 323.315
[1] 82.43885
[1] 53
Iteration:  53 . Objective= -153788.5 
[1] 53
[1] 12.04077
[1] 332.3231
[1] 81.62687
[1] 54
Iteration:  54 . Objective= -152787.9 
[1] 54
[1] 12.64281
[1] 341.4475
[1] 81.7524
[1] 55
Iteration:  55 . Objective= -151811.4 
[1] 55
[1] 13.27495
[1] 350.6941
[1] 82.34305
[1] 56
Iteration:  56 . Objective= -150860.7 
[1] 56
[1] 13.9387
[1] 360.0769
[1] 81.84983
[1] 57
Iteration:  57 . Objective= -149936 
[1] 57
[1] 14.63563
[1] 369.6092
[1] 81.26446
[1] 58
Iteration:  58 . Objective= -149037.6 
[1] 58
[1] 15.36741
[1] 379.3072
[1] 81.84249
[1] 59
Iteration:  59 . Objective= -148167.5 
[1] 59
[1] 16.13578
[1] 389.1797
[1] 82.10714
[1] 60
Iteration:  60 . Objective= -147333.6 
[1] 60
[1] 16.94257
[1] 399.2818
[1] 81.491
[1] 61
Iteration:  61 . Objective= -146613 
[1] 61
[1] 17.7897
[1] 409.5911
[1] 81.67067
[1] 62
[1] 63
Iteration:  63 . Objective= -146613 
[1] 63
[1] 9.339593
[1] 399.424
[1] 81.67067
[1] 64
[1] 65
Iteration:  65 . Objective= -146613 
[1] 65
[1] 4.903286
[1] 399.3015
[1] 81.67067
[1] 66
Iteration:  66 . Objective= -146531.6 
[1] 66
[1] 5.148451
[1] 399.3795
[1] 81.7188
[1] 67
[1] 68
Iteration:  68 . Objective= -146531.6 
[1] 68
[1] 2.702937
[1] 399.2811
[1] 81.7188
[1] 69
Iteration:  69 . Objective= -146480.5 
[1] 69
[1] 2.838083
[1] 399.2443
[1] 81.70478
[1] 70
[1] 71
Iteration:  71 . Objective= -146480.5 
[1] 71
[1] 1.489994
[1] 399.2234
[1] 81.70478
[1] 72
Iteration:  72 . Objective= -146476.9 
[1] 72
[1] 1.564493
[1] 399.1126
[1] 81.67336
[1] 73
Iteration:  73 . Objective= -146471.4 
[1] 73
[1] 1.642718
[1] 398.953
[1] 81.61935
[1] 74
Iteration:  74 . Objective= -146464.4 
[1] 74
[1] 1.724854
[1] 398.7493
[1] 81.55671
[1] 75
Iteration:  75 . Objective= -146454.1 
[1] 75
[1] 1.811097
[1] 398.5064
[1] 81.50174
       1        2        3        4        5        6        7        8 
398.5064 381.5655 310.8146 270.0563 263.5353 259.5312 252.9813 252.0115 
       9       10       11       12       13       14       15       16 
249.7660 247.4504 244.9406 241.7352 240.0986 236.8562 233.0388 230.2191 
      17       18       19       20 
227.3197 224.6380 218.9092 197.4573 
For users of newer versions (1.0.1+): the `scores` matrix now contains factor scores, the `V` matrix is UNSCALED scores.
For users of newer versions (1.0.1+): the `scores` matrix now contains factor scores.
[1] -2538938
[1] 100
[1] 1
Iteration:  1 . Objective= -219996.9 
[1] 1
[1] 1
[1] 48.01859
[1] 49.28024
[1] 2
Iteration:  2 . Objective= -217365 
[1] 2
[1] 1
[1] 48.34082
[1] 49.66045
[1] 3
Iteration:  3 . Objective= -214760.6 
[1] 3
[1] 1.05
[1] 48.66766
[1] 66.1464
[1] 4
Iteration:  4 . Objective= -212623.9 
[1] 4
[1] 1.1025
[1] 49.03429
[1] 69.25749
[1] 5
Iteration:  5 . Objective= -210669.4 
[1] 5
[1] 1.157625
[1] 49.49561
[1] 63.49667
[1] 6
Iteration:  6 . Objective= -208720.8 
[1] 6
[1] 1.215506
[1] 50.08932
[1] 58.98883
[1] 7
Iteration:  7 . Objective= -206755.7 
[1] 7
[1] 1.276282
[1] 50.86327
[1] 53.71933
[1] 8
Iteration:  8 . Objective= -204763.2 
[1] 8
[1] 1.340096
[1] 51.85602
[1] 51.38673
[1] 9
Iteration:  9 . Objective= -202791.1 
[1] 9
[1] 1.4071
[1] 53.13923
[1] 52.31116
[1] 10
Iteration:  10 . Objective= -200908.5 
[1] 10
[1] 1.477455
[1] 56.04417
[1] 54.50743
[1] 11
Iteration:  11 . Objective= -199145 
[1] 11
[1] 1.551328
[1] 61.23934
[1] 55.89862
[1] 12
Iteration:  12 . Objective= -197489.1 
[1] 12
[1] 1.628895
[1] 66.48615
[1] 55.74312
[1] 13
Iteration:  13 . Objective= -195913.7 
[1] 13
[1] 1.710339
[1] 71.77152
[1] 54.61306
[1] 14
Iteration:  14 . Objective= -194388.9 
[1] 14
[1] 1.795856
[1] 77.1465
[1] 53.51859
[1] 15
Iteration:  15 . Objective= -192893.2 
[1] 15
[1] 1.885649
[1] 82.64898
[1] 53.0474
[1] 16
Iteration:  16 . Objective= -191420.4 
[1] 16
[1] 1.979932
[1] 88.30439
[1] 53.12732
[1] 17
Iteration:  17 . Objective= -189969.8 
[1] 17
[1] 2.078928
[1] 94.13805
[1] 53.38711
[1] 18
Iteration:  18 . Objective= -188541.4 
[1] 18
[1] 2.182875
[1] 100.1835
[1] 53.61034
[1] 19
Iteration:  19 . Objective= -187134.7 
[1] 19
[1] 2.292018
[1] 106.4796
[1] 53.88258
[1] 20
Iteration:  20 . Objective= -185747.4 
[1] 20
[1] 2.406619
[1] 113.052
[1] 54.3698
[1] 21
Iteration:  21 . Objective= -184377.4 
[1] 21
[1] 2.52695
[1] 119.8896
[1] 55.0123
[1] 22
Iteration:  22 . Objective= -183023.9 
[1] 22
[1] 2.653298
[1] 126.9479
[1] 55.54585
[1] 23
Iteration:  23 . Objective= -181684 
[1] 23
[1] 2.785963
[1] 134.176
[1] 55.79986
[1] 24
Iteration:  24 . Objective= -180354.3 
[1] 24
[1] 2.925261
[1] 141.5344
[1] 55.8558
[1] 25
Iteration:  25 . Objective= -179032.4 
[1] 25
[1] 3.071524
[1] 148.9999
[1] 55.90414
[1] 26
Iteration:  26 . Objective= -177716.7 
[1] 26
[1] 3.2251
[1] 156.5665
[1] 56.03337
[1] 27
Iteration:  27 . Objective= -176406.5 
[1] 27
[1] 3.386355
[1] 164.2379
[1] 56.2333
[1] 28
Iteration:  28 . Objective= -175102.2 
[1] 28
[1] 3.555673
[1] 172.0164
[1] 56.50409
[1] 29
Iteration:  29 . Objective= -173804.8 
[1] 29
[1] 3.733456
[1] 179.8977
[1] 56.83092
[1] 30
Iteration:  30 . Objective= -172515.4 
[1] 30
[1] 3.920129
[1] 187.8746
[1] 57.11989
[1] 31
Iteration:  31 . Objective= -171235 
[1] 31
[1] 4.116136
[1] 195.9432
[1] 57.34883
[1] 32
Iteration:  32 . Objective= -169963.7 
[1] 32
[1] 4.321942
[1] 204.1019
[1] 57.68738
[1] 33
Iteration:  33 . Objective= -168702.5 
[1] 33
[1] 4.538039
[1] 212.3471
[1] 58.21721
[1] 34
Iteration:  34 . Objective= -167452.8 
[1] 34
[1] 4.764941
[1] 220.6772
[1] 58.68522
[1] 35
Iteration:  35 . Objective= -166215.7 
[1] 35
[1] 5.003189
[1] 229.0987
[1] 58.90578
[1] 36
Iteration:  36 . Objective= -164991.2 
[1] 36
[1] 5.253348
[1] 237.6233
[1] 59.14588
[1] 37
Iteration:  37 . Objective= -163780.1 
[1] 37
[1] 5.516015
[1] 246.2588
[1] 59.61512
[1] 38
Iteration:  38 . Objective= -162583.8 
[1] 38
[1] 5.791816
[1] 255.0068
[1] 60.03042
[1] 39
Iteration:  39 . Objective= -161403.8 
[1] 39
[1] 6.081407
[1] 263.8662
[1] 60.25887
[1] 40
Iteration:  40 . Objective= -160241 
[1] 40
[1] 6.385477
[1] 272.8364
[1] 60.56647
[1] 41
Iteration:  41 . Objective= -159097 
[1] 41
[1] 6.704751
[1] 281.9197
[1] 60.90977
[1] 42
Iteration:  42 . Objective= -157973.1 
[1] 42
[1] 7.039989
[1] 291.1191
[1] 61.14982
[1] 43
Iteration:  43 . Objective= -156869.9 
[1] 43
[1] 7.391988
[1] 300.4349
[1] 61.42206
[1] 44
Iteration:  44 . Objective= -155788.1 
[1] 44
[1] 7.761588
[1] 309.8726
[1] 61.56006
[1] 45
Iteration:  45 . Objective= -154728.5 
[1] 45
[1] 8.149667
[1] 319.4428
[1] 61.76871
[1] 46
Iteration:  46 . Objective= -153691.8 
[1] 46
[1] 8.55715
[1] 329.1554
[1] 62.16806
[1] 47
Iteration:  47 . Objective= -152679.1 
[1] 47
[1] 8.985008
[1] 339.0221
[1] 62.09973
[1] 48
Iteration:  48 . Objective= -151690.4 
[1] 48
[1] 9.434258
[1] 349.0463
[1] 62.51775
[1] 49
Iteration:  49 . Objective= -150726.8 
[1] 49
[1] 9.905971
[1] 359.2323
[1] 62.68303
[1] 50
Iteration:  50 . Objective= -149788.6 
[1] 50
[1] 10.40127
[1] 369.5801
[1] 62.96335
[1] 51
Iteration:  51 . Objective= -148876.5 
[1] 51
[1] 10.92133
[1] 380.0879
[1] 63.17742
[1] 52
Iteration:  52 . Objective= -147990.5 
[1] 52
[1] 11.4674
[1] 390.7526
[1] 63.43723
[1] 53
Iteration:  53 . Objective= -147130.8 
[1] 53
[1] 12.04077
[1] 401.5706
[1] 63.52826
[1] 54
Iteration:  54 . Objective= -146297.6 
[1] 54
[1] 12.64281
[1] 412.5271
[1] 64.38949
[1] 55
Iteration:  55 . Objective= -145493.9 
[1] 55
[1] 13.27495
[1] 423.6488
[1] 62.19646
[1] 56
Iteration:  56 . Objective= -144740.1 
[1] 56
[1] 13.9387
[1] 434.8501
[1] 70.42268
[1] 57
Iteration:  57 . Objective= -144234.1 
[1] 57
[1] 14.63563
[1] 446.2966
[1] 57.47989
[1] 58
[1] 59
Iteration:  59 . Objective= -144234.1 
[1] 59
[1] 7.683706
[1] 435.1381
[1] 57.47989
[1] 60
[1] 61
Iteration:  61 . Objective= -144234.1 
[1] 61
[1] 4.033946
[1] 434.953
[1] 57.47989
[1] 62
Iteration:  62 . Objective= -144070.5 
[1] 62
[1] 4.235643
[1] 435.0984
[1] 78.36367
[1] 63
[1] 64
Iteration:  64 . Objective= -144070.5 
[1] 64
[1] 2.223713
[1] 434.9298
[1] 78.36367
[1] 65
Iteration:  65 . Objective= -143942.6 
[1] 65
[1] 2.334898
[1] 434.9028
[1] 67.97054
[1] 66
[1] 67
Iteration:  67 . Objective= -143942.6 
[1] 67
[1] 1.225822
[1] 434.8796
[1] 67.97054
[1] 68
Iteration:  68 . Objective= -143935.1 
[1] 68
[1] 1.287113
[1] 434.7856
[1] 66.32831
[1] 69
Iteration:  69 . Objective= -143928.8 
[1] 69
[1] 1.351468
[1] 434.6552
[1] 63.80909
[1] 70
Iteration:  70 . Objective= -143926.4 
[1] 70
[1] 1.419042
[1] 434.4962
[1] 61.71766
[1] 71
Iteration:  71 . Objective= -143918.8 
[1] 71
[1] 1.489994
[1] 434.3143
[1] 61.25479
[1] 72
Iteration:  72 . Objective= -143902.4 
[1] 72
[1] 1.564493
[1] 434.1128
[1] 62.69948
[1] 73
Iteration:  73 . Objective= -143886.3 
[1] 73
[1] 1.642718
[1] 433.8937
[1] 65.08798
[1] 74
Iteration:  74 . Objective= -143872.3 
[1] 74
[1] 1.724854
[1] 433.66
[1] 66.83247
[1] 75
Iteration:  75 . Objective= -143852.2 
[1] 75
[1] 1.811097
[1] 433.4169
[1] 66.79926
[1] 76
Iteration:  76 . Objective= -143827.2 
[1] 76
[1] 1.901652
[1] 433.1726
[1] 65.05194
[1] 77
Iteration:  77 . Objective= -143804 
[1] 77
[1] 1.996734
[1] 432.9365
[1] 62.90314
[1] 78
Iteration:  78 . Objective= -143777.9 
[1] 78
[1] 2.096571
[1] 432.7169
[1] 62.07539
[1] 79
Iteration:  79 . Objective= -143744.5 
[1] 79
[1] 2.201399
[1] 432.5185
[1] 63.25063
[1] 80
Iteration:  80 . Objective= -143711.5 
[1] 80
[1] 2.311469
[1] 432.3442
[1] 65.30179
[1] 81
Iteration:  81 . Objective= -143676.8 
[1] 81
[1] 2.427043
[1] 432.1988
[1] 66.28805
[1] 82
Iteration:  82 . Objective= -143634.8 
[1] 82
[1] 2.548395
[1] 432.0912
[1] 65.29068
[1] 83
Iteration:  83 . Objective= -143593.2 
[1] 83
[1] 2.675815
[1] 432.0333
[1] 63.35855
[1] 84
Iteration:  84 . Objective= -143548.5 
[1] 84
[1] 2.809606
[1] 432.035
[1] 62.64635
[1] 85
Iteration:  85 . Objective= -143495.6 
[1] 85
[1] 2.950086
[1] 432.1013
[1] 63.99009
[1] 86
Iteration:  86 . Objective= -143443 
[1] 86
[1] 3.09759
[1] 432.2363
[1] 65.6883
[1] 87
Iteration:  87 . Objective= -143384.1 
[1] 87
[1] 3.25247
[1] 432.4491
[1] 65.5919
[1] 88
Iteration:  88 . Objective= -143319.4 
[1] 88
[1] 3.415093
[1] 432.754
[1] 63.85495
[1] 89
Iteration:  89 . Objective= -143252.8 
[1] 89
[1] 3.585848
[1] 433.1629
[1] 62.98782
[1] 90
Iteration:  90 . Objective= -143175.8 
[1] 90
[1] 3.76514
[1] 433.6803
[1] 64.43075
[1] 91
Iteration:  91 . Objective= -143096.1 
[1] 91
[1] 3.953397
[1] 434.3109
[1] 65.94121
[1] 92
Iteration:  92 . Objective= -143007.3 
[1] 92
[1] 4.151067
[1] 435.0693
[1] 64.99832
[1] 93
Iteration:  93 . Objective= -142912.6 
[1] 93
[1] 4.35862
[1] 435.9748
[1] 63.08213
[1] 94
Iteration:  94 . Objective= -142808.5 
[1] 94
[1] 4.576551
[1] 437.035
[1] 63.80995
[1] 95
Iteration:  95 . Objective= -142695.8 
[1] 95
[1] 4.805379
[1] 438.2503
[1] 66.18854
[1] 96
Iteration:  96 . Objective= -142573.9 
[1] 96
[1] 5.045648
[1] 439.6348
[1] 65.74847
[1] 97
Iteration:  97 . Objective= -142442.4 
[1] 97
[1] 5.29793
[1] 441.2147
[1] 63.09451
[1] 98
Iteration:  98 . Objective= -142298.8 
[1] 98
[1] 5.562827
[1] 442.9989
[1] 63.7257
[1] 99
Iteration:  99 . Objective= -142144.8 
[1] 99
[1] 5.840968
[1] 444.9835
[1] 66.57933
[1] 100
Iteration:  100 . Objective= -141977.3 
[1] 100
[1] 6.133016
[1] 447.1861
[1] 65.584
       1        2        3        4        5        6        7        8 
447.1861 381.4033 340.9787 287.6544 279.6994 278.8814 273.5297 272.3660 
       9       10       11       12       13       14       15       16 
267.7984 267.4055 264.6609 258.3494 256.6009 254.6330 249.3834 248.5679 
      17       18       19       20 
244.3103 240.2246 233.3230 228.8334 
For users of newer versions (1.0.1+): the `scores` matrix now contains factor scores, the `V` matrix is UNSCALED scores.
For users of newer versions (1.0.1+): the `scores` matrix now contains factor scores.
[1] -2530860
[1] 125
[1] 1
Iteration:  1 . Objective= -220169.5 
[1] 1
[1] 1
[1] 19.16884
[1] 73.43973
[1] 2
Iteration:  2 . Objective= -217893.7 
[1] 2
[1] 1
[1] 20.09895
[1] 79.8071
[1] 3
Iteration:  3 . Objective= -215737.7 
[1] 3
[1] 1.05
[1] 21.43873
[1] 84.4548
[1] 4
Iteration:  4 . Objective= -213668.3 
[1] 4
[1] 1.1025
[1] 23.1912
[1] 87.40702
[1] 5
Iteration:  5 . Objective= -211681.9 
[1] 5
[1] 1.157625
[1] 25.29657
[1] 88.81246
[1] 6
Iteration:  6 . Objective= -209757 
[1] 6
[1] 1.215506
[1] 27.72379
[1] 89.00974
[1] 7
Iteration:  7 . Objective= -207876.2 
[1] 7
[1] 1.276282
[1] 30.58843
[1] 88.45684
[1] 8
Iteration:  8 . Objective= -206034.4 
[1] 8
[1] 1.340096
[1] 34.24918
[1] 87.62394
[1] 9
Iteration:  9 . Objective= -204237.6 
[1] 9
[1] 1.4071
[1] 38.49825
[1] 86.85639
[1] 10
Iteration:  10 . Objective= -202493.7 
[1] 10
[1] 1.477455
[1] 42.92634
[1] 86.27458
[1] 11
Iteration:  11 . Objective= -200805.8 
[1] 11
[1] 1.551328
[1] 47.41567
[1] 85.80482
[1] 12
Iteration:  12 . Objective= -199173.8 
[1] 12
[1] 1.628895
[1] 51.93128
[1] 85.36092
[1] 13
Iteration:  13 . Objective= -197593.5 
[1] 13
[1] 1.710339
[1] 56.46577
[1] 85.04151
[1] 14
Iteration:  14 . Objective= -196061.4 
[1] 14
[1] 1.795856
[1] 61.02686
[1] 85.11658
[1] 15
Iteration:  15 . Objective= -194575.9 
[1] 15
[1] 1.885649
[1] 65.63423
[1] 85.74872
[1] 16
Iteration:  16 . Objective= -193134.4 
[1] 16
[1] 1.979932
[1] 70.32017
[1] 86.72795
[1] 17
Iteration:  17 . Objective= -191735.4 
[1] 17
[1] 2.078928
[1] 75.1304
[1] 87.53967
[1] 18
Iteration:  18 . Objective= -190376.5 
[1] 18
[1] 2.182875
[1] 80.11783
[1] 87.7172
[1] 19
Iteration:  19 . Objective= -189049.3 
[1] 19
[1] 2.292018
[1] 85.32443
[1] 87.16519
[1] 20
Iteration:  20 . Objective= -187743.9 
[1] 20
[1] 2.406619
[1] 90.76299
[1] 86.24339
[1] 21
Iteration:  21 . Objective= -186454 
[1] 21
[1] 2.52695
[1] 96.4165
[1] 85.5574
[1] 22
Iteration:  22 . Objective= -185175.5 
[1] 22
[1] 2.653298
[1] 102.2521
[1] 85.53197
[1] 23
Iteration:  23 . Objective= -183907 
[1] 23
[1] 2.785963
[1] 108.2373
[1] 86.07183
[1] 24
Iteration:  24 . Objective= -182648.7 
[1] 24
[1] 2.925261
[1] 114.351
[1] 86.65023
[1] 25
Iteration:  25 . Objective= -181399.6 
[1] 25
[1] 3.071524
[1] 120.5859
[1] 86.7711
[1] 26
Iteration:  26 . Objective= -180157.7 
[1] 26
[1] 3.2251
[1] 126.9411
[1] 86.38333
[1] 27
Iteration:  27 . Objective= -178920.3 
[1] 27
[1] 3.386355
[1] 133.4159
[1] 85.90465
[1] 28
Iteration:  28 . Objective= -177685.2 
[1] 28
[1] 3.555673
[1] 140.0084
[1] 85.83087
[1] 29
Iteration:  29 . Objective= -176451.3 
[1] 29
[1] 3.733456
[1] 146.7192
[1] 86.2489
[1] 30
Iteration:  30 . Objective= -175219.7 
[1] 30
[1] 3.920129
[1] 153.5522
[1] 86.74658
[1] 31
Iteration:  31 . Objective= -173991.2 
[1] 31
[1] 4.116136
[1] 160.5118
[1] 86.83412
[1] 32
Iteration:  32 . Objective= -172765.8 
[1] 32
[1] 4.321942
[1] 167.601
[1] 86.43704
[1] 33
Iteration:  33 . Objective= -171542.5 
[1] 33
[1] 4.538039
[1] 174.8213
[1] 85.97525
[1] 34
Iteration:  34 . Objective= -170320.7 
[1] 34
[1] 4.764941
[1] 182.1695
[1] 85.91864
[1] 35
Iteration:  35 . Objective= -169101.4 
[1] 35
[1] 5.003189
[1] 189.6385
[1] 86.24414
[1] 36
Iteration:  36 . Objective= -167886.1 
[1] 36
[1] 5.253348
[1] 197.2242
[1] 86.46793
[1] 37
Iteration:  37 . Objective= -166675.4 
[1] 37
[1] 5.516015
[1] 204.9305
[1] 86.25534
[1] 38
Iteration:  38 . Objective= -165468.5 
[1] 38
[1] 5.791816
[1] 212.7627
[1] 85.82702
[1] 39
Iteration:  39 . Objective= -164264.4 
[1] 39
[1] 6.081407
[1] 220.718
[1] 85.64255
[1] 40
Iteration:  40 . Objective= -163063.5 
[1] 40
[1] 6.385477
[1] 228.7885
[1] 85.77184
[1] 41
Iteration:  41 . Objective= -161867 
[1] 41
[1] 6.704751
[1] 236.9716
[1] 85.83892
[1] 42
Iteration:  42 . Objective= -160675.9 
[1] 42
[1] 7.039989
[1] 245.2717
[1] 85.59961
[1] 43
Iteration:  43 . Objective= -159490.9 
[1] 43
[1] 7.391988
[1] 253.6955
[1] 85.27961
[1] 44
Iteration:  44 . Objective= -158313.2 
[1] 44
[1] 7.761588
[1] 262.2497
[1] 85.21985
[1] 45
Iteration:  45 . Objective= -157144.7 
[1] 45
[1] 8.149667
[1] 270.9423
[1] 85.37235
[1] 46
Iteration:  46 . Objective= -155987.6 
[1] 46
[1] 8.55715
[1] 279.7819
[1] 85.395
[1] 47
Iteration:  47 . Objective= -154843.5 
[1] 47
[1] 8.985008
[1] 288.7781
[1] 85.16617
[1] 48
Iteration:  48 . Objective= -153713.4 
[1] 48
[1] 9.434258
[1] 297.9396
[1] 84.93885
[1] 49
Iteration:  49 . Objective= -152598.5 
[1] 49
[1] 9.905971
[1] 307.2682
[1] 84.94968
[1] 50
Iteration:  50 . Objective= -151500.5 
[1] 50
[1] 10.40127
[1] 316.7616
[1] 85.09432
[1] 51
Iteration:  51 . Objective= -150421.2 
[1] 51
[1] 10.92133
[1] 326.422
[1] 85.14311
[1] 52
Iteration:  52 . Objective= -149361.7 
[1] 52
[1] 11.4674
[1] 336.2535
[1] 85.11031
[1] 53
Iteration:  53 . Objective= -148323.3 
[1] 53
[1] 12.04077
[1] 346.2618
[1] 85.16947
[1] 54
Iteration:  54 . Objective= -147306.9 
[1] 54
[1] 12.64281
[1] 356.4527
[1] 85.27054
[1] 55
Iteration:  55 . Objective= -146313.7 
[1] 55
[1] 13.27495
[1] 366.8304
[1] 85.19206
[1] 56
Iteration:  56 . Objective= -145344.6 
[1] 56
[1] 13.9387
[1] 377.403
[1] 84.98791
[1] 57
Iteration:  57 . Objective= -144400.4 
[1] 57
[1] 14.63563
[1] 388.1717
[1] 84.97801
[1] 58
Iteration:  58 . Objective= -143482.6 
[1] 58
[1] 15.36741
[1] 399.1353
[1] 85.20756
[1] 59
Iteration:  59 . Objective= -142595.7 
[1] 59
[1] 16.13578
[1] 410.2864
[1] 85.36683
[1] 60
Iteration:  60 . Objective= -141774.8 
[1] 60
[1] 16.94257
[1] 421.6405
[1] 85.25259
[1] 61
Iteration:  61 . Objective= -141433.1 
[1] 61
[1] 17.7897
[1] 433.0794
[1] 94.42649
[1] 62
[1] 63
Iteration:  63 . Objective= -141433.1 
[1] 63
[1] 9.339593
[1] 421.8206
[1] 94.42649
[1] 64
[1] 65
Iteration:  65 . Objective= -141433.1 
[1] 65
[1] 4.903286
[1] 421.6866
[1] 94.42649
[1] 66
Iteration:  66 . Objective= -140959.9 
[1] 66
[1] 5.148451
[1] 421.8156
[1] 85.16461
[1] 67
[1] 68
Iteration:  68 . Objective= -140959.9 
[1] 68
[1] 2.702937
[1] 421.6825
[1] 85.16461
[1] 69
Iteration:  69 . Objective= -140871.8 
[1] 69
[1] 2.838083
[1] 421.6792
[1] 85.10988
[1] 70
[1] 71
Iteration:  71 . Objective= -140871.8 
[1] 71
[1] 1.489994
[1] 421.6352
[1] 85.10988
[1] 72
Iteration:  72 . Objective= -140866.3 
[1] 72
[1] 1.564493
[1] 421.5455
[1] 85.05346
[1] 73
Iteration:  73 . Objective= -140859.8 
[1] 73
[1] 1.642718
[1] 421.4183
[1] 84.95339
[1] 74
Iteration:  74 . Objective= -140854.5 
[1] 74
[1] 1.724854
[1] 421.2589
[1] 84.83038
[1] 75
Iteration:  75 . Objective= -140846.2 
[1] 75
[1] 1.811097
[1] 421.0724
[1] 84.71002
[1] 76
Iteration:  76 . Objective= -140832 
[1] 76
[1] 1.901652
[1] 420.8644
[1] 84.61816
[1] 77
Iteration:  77 . Objective= -140815 
[1] 77
[1] 1.996734
[1] 420.64
[1] 84.57559
[1] 78
Iteration:  78 . Objective= -140797.7 
[1] 78
[1] 2.096571
[1] 420.4047
[1] 84.59312
[1] 79
Iteration:  79 . Objective= -140777.3 
[1] 79
[1] 2.201399
[1] 420.1636
[1] 84.6684
[1] 80
Iteration:  80 . Objective= -140752.5 
[1] 80
[1] 2.311469
[1] 419.9222
[1] 84.78548
[1] 81
Iteration:  81 . Objective= -140725.6 
[1] 81
[1] 2.427043
[1] 419.6864
[1] 84.91781
[1] 82
Iteration:  82 . Objective= -140696.5 
[1] 82
[1] 2.548395
[1] 419.4625
[1] 85.03415
[1] 83
Iteration:  83 . Objective= -140663.4 
[1] 83
[1] 2.675815
[1] 419.2576
[1] 85.10697
[1] 84
Iteration:  84 . Objective= -140627.6 
[1] 84
[1] 2.809606
[1] 419.0789
[1] 85.12082
[1] 85
Iteration:  85 . Objective= -140589.5 
[1] 85
[1] 2.950086
[1] 418.9336
[1] 85.07837
[1] 86
Iteration:  86 . Objective= -140546.9 
[1] 86
[1] 3.09759
[1] 418.829
[1] 85.00143
[1] 87
Iteration:  87 . Objective= -140501.1 
[1] 87
[1] 3.25247
[1] 418.7722
[1] 84.92561
[1] 88
Iteration:  88 . Objective= -140452.1 
[1] 88
[1] 3.415093
[1] 418.7712
[1] 84.88851
[1] 89
Iteration:  89 . Objective= -140398 
[1] 89
[1] 3.585848
[1] 418.8344
[1] 84.91464
[1] 90
Iteration:  90 . Objective= -140340 
[1] 90
[1] 3.76514
[1] 418.9708
[1] 85.00335
[1] 91
Iteration:  91 . Objective= -140277.1 
[1] 91
[1] 3.953397
[1] 419.1891
[1] 85.12547
[1] 92
Iteration:  92 . Objective= -140208.2 
[1] 92
[1] 4.151067
[1] 419.4982
[1] 85.23271
[1] 93
Iteration:  93 . Objective= -140134.3 
[1] 93
[1] 4.35862
[1] 419.9074
[1] 85.27807
[1] 94
Iteration:  94 . Objective= -140053.4 
[1] 94
[1] 4.576551
[1] 420.4267
[1] 85.23875
[1] 95
Iteration:  95 . Objective= -139965.6 
[1] 95
[1] 4.805379
[1] 421.067
[1] 85.13064
[1] 96
Iteration:  96 . Objective= -139870.4 
[1] 96
[1] 5.045648
[1] 421.8393
[1] 85.00477
[1] 97
Iteration:  97 . Objective= -139766.3 
[1] 97
[1] 5.29793
[1] 422.7549
[1] 84.92441
[1] 98
Iteration:  98 . Objective= -139653.3 
[1] 98
[1] 5.562827
[1] 423.8258
[1] 84.93285
[1] 99
Iteration:  99 . Objective= -139530.5 
[1] 99
[1] 5.840968
[1] 425.0639
[1] 85.02778
[1] 100
Iteration:  100 . Objective= -139396.5 
[1] 100
[1] 6.133016
[1] 426.4804
[1] 85.15823
[1] 101
Iteration:  101 . Objective= -139252 
[1] 101
[1] 6.439667
[1] 428.0866
[1] 85.24968
[1] 102
Iteration:  102 . Objective= -139094.4 
[1] 102
[1] 6.761651
[1] 429.8951
[1] 85.25088
[1] 103
Iteration:  103 . Objective= -138925.1 
[1] 103
[1] 7.099733
[1] 431.9193
[1] 85.1729
[1] 104
Iteration:  104 . Objective= -138741.3 
[1] 104
[1] 7.45472
[1] 434.1718
[1] 85.08587
[1] 105
Iteration:  105 . Objective= -138544.4 
[1] 105
[1] 7.827456
[1] 436.6648
[1] 85.06428
[1] 106
Iteration:  106 . Objective= -138332.2 
[1] 106
[1] 8.218829
[1] 439.4111
[1] 85.12689
[1] 107
Iteration:  107 . Objective= -138105.4 
[1] 107
[1] 8.62977
[1] 442.4227
[1] 85.22062
[1] 108
Iteration:  108 . Objective= -137863.9 
[1] 108
[1] 9.061259
[1] 445.7116
[1] 85.26017
[1] 109
Iteration:  109 . Objective= -137606.5 
[1] 109
[1] 9.514321
[1] 449.2912
[1] 85.2036
[1] 110
Iteration:  110 . Objective= -137335 
[1] 110
[1] 9.990038
[1] 453.1729
[1] 85.10334
[1] 111
Iteration:  111 . Objective= -137049.2 
[1] 111
[1] 10.48954
[1] 457.3667
[1] 85.05768
[1] 112
Iteration:  112 . Objective= -136748.9 
[1] 112
[1] 11.01402
[1] 461.8852
[1] 85.11455
[1] 113
Iteration:  113 . Objective= -136435.7 
[1] 113
[1] 11.56472
[1] 466.7357
[1] 85.23135
[1] 114
Iteration:  114 . Objective= -136110.7 
[1] 114
[1] 12.14295
[1] 471.925
[1] 85.29252
[1] 115
Iteration:  115 . Objective= -135774.4 
[1] 115
[1] 12.7501
[1] 477.4627
[1] 85.23608
[1] 116
Iteration:  116 . Objective= -135428.8 
[1] 116
[1] 13.38761
[1] 483.3526
[1] 85.12464
[1] 117
Iteration:  117 . Objective= -135075 
[1] 117
[1] 14.05699
[1] 489.6005
[1] 85.06725
[1] 118
Iteration:  118 . Objective= -134715.6 
[1] 118
[1] 14.75984
[1] 496.2046
[1] 85.11665
[1] 119
Iteration:  119 . Objective= -134361.7 
[1] 119
[1] 15.49783
[1] 503.1744
[1] 85.1645
[1] 120
Iteration:  120 . Objective= -134091.3 
[1] 120
[1] 16.27272
[1] 510.489
[1] 85.1587
[1] 121
[1] 122
Iteration:  122 . Objective= -134091.3 
[1] 122
[1] 8.543177
[1] 503.3777
[1] 85.1587
[1] 123
[1] 124
Iteration:  124 . Objective= -134091.3 
[1] 124
[1] 4.485168
[1] 503.2335
[1] 85.1587
[1] 125
Iteration:  125 . Objective= -133992.9 
[1] 125
[1] 4.709426
[1] 503.3635
[1] 85.10067
       1        2        3        4        5        6        7        8 
503.3635 415.6497 396.1435 334.8608 321.1670 317.9156 316.0034 312.8990 
       9       10       11       12       13       14       15       16 
308.7923 305.6805 304.8960 301.1622 298.4671 292.3859 289.5137 285.1042 
      17       18       19       20 
280.6254 276.5351 270.8499 262.6786 
For users of newer versions (1.0.1+): the `scores` matrix now contains factor scores, the `V` matrix is UNSCALED scores.
For users of newer versions (1.0.1+): the `scores` matrix now contains factor scores.
[1] -2553189
[1] 150
[1] 1
Iteration:  1 . Objective= -227983.6 
[1] 1
[1] 1
[1] 43.33975
[1] 116.5153
[1] 2
Iteration:  2 . Objective= -226754.2 
[1] 2
[1] 1
[1] 43.28728
[1] 116.3723
[1] 3
Iteration:  3 . Objective= -225342.7 
[1] 3
[1] 1.05
[1] 43.23897
[1] 116.1349
[1] 4
Iteration:  4 . Objective= -223769 
[1] 4
[1] 1.1025
[1] 43.20293
[1] 115.7194
[1] 5
Iteration:  5 . Objective= -222081.2 
[1] 5
[1] 1.157625
[1] 43.18896
[1] 114.9589
[1] 6
Iteration:  6 . Objective= -220333.3 
[1] 6
[1] 1.215506
[1] 43.20957
[1] 113.5033
[1] 7
Iteration:  7 . Objective= -218570.3 
[1] 7
[1] 1.276282
[1] 43.28215
[1] 110.6241
[1] 8
Iteration:  8 . Objective= -216810.7 
[1] 8
[1] 1.340096
[1] 43.4355
[1] 104.9535
[1] 9
Iteration:  9 . Objective= -215045.3 
[1] 9
[1] 1.4071
[1] 43.72808
[1] 94.76186
[1] 10
Iteration:  10 . Objective= -213252.6 
[1] 10
[1] 1.477455
[1] 44.30716
[1] 80.60522
[1] 11
Iteration:  11 . Objective= -211394.4 
[1] 11
[1] 1.551328
[1] 45.73119
[1] 69.1903
[1] 12
Iteration:  12 . Objective= -209451.1 
[1] 12
[1] 1.628895
[1] 49.32144
[1] 68.59142
[1] 13
Iteration:  13 . Objective= -207521.1 
[1] 13
[1] 1.710339
[1] 54.26155
[1] 77.34188
[1] 14
Iteration:  14 . Objective= -205732.3 
[1] 14
[1] 1.795856
[1] 59.47035
[1] 86.99188
[1] 15
Iteration:  15 . Objective= -204119.1 
[1] 15
[1] 1.885649
[1] 64.6521
[1] 92.74033
[1] 16
Iteration:  16 . Objective= -202651.7 
[1] 16
[1] 1.979932
[1] 69.74982
[1] 94.23534
[1] 17
Iteration:  17 . Objective= -201286.8 
[1] 17
[1] 2.078928
[1] 74.79308
[1] 92.07054
[1] 18
Iteration:  18 . Objective= -199988.8 
[1] 18
[1] 2.182875
[1] 79.85681
[1] 86.90383
[1] 19
Iteration:  19 . Objective= -198726.2 
[1] 19
[1] 2.292018
[1] 85.03665
[1] 80.69716
[1] 20
Iteration:  20 . Objective= -197469 
[1] 20
[1] 2.406619
[1] 90.40251
[1] 77.37441
[1] 21
Iteration:  21 . Objective= -196205.8 
[1] 21
[1] 2.52695
[1] 95.95743
[1] 79.44652
[1] 22
Iteration:  22 . Objective= -194950.7 
[1] 22
[1] 2.653298
[1] 101.6649
[1] 84.5074
[1] 23
Iteration:  23 . Objective= -193720 
[1] 23
[1] 2.785963
[1] 107.4965
[1] 88.48158
[1] 24
Iteration:  24 . Objective= -192516.2 
[1] 24
[1] 2.925261
[1] 113.4489
[1] 89.39355
[1] 25
Iteration:  25 . Objective= -191332 
[1] 25
[1] 3.071524
[1] 119.5435
[1] 87.14246
[1] 26
Iteration:  26 . Objective= -190154.4 
[1] 26
[1] 3.2251
[1] 125.8143
[1] 83.04617
[1] 27
Iteration:  27 . Objective= -188969.8 
[1] 27
[1] 3.386355
[1] 132.2804
[1] 80.15489
[1] 28
Iteration:  28 . Objective= -187772.1 
[1] 28
[1] 3.555673
[1] 138.9204
[1] 81.11042
[1] 29
Iteration:  29 . Objective= -186568.2 
[1] 29
[1] 3.733456
[1] 145.6958
[1] 84.56966
[1] 30
Iteration:  30 . Objective= -185368.2 
[1] 30
[1] 3.920129
[1] 152.5859
[1] 87.07207
[1] 31
Iteration:  31 . Objective= -184175.6 
[1] 31
[1] 4.116136
[1] 159.5961
[1] 86.7664
[1] 32
Iteration:  32 . Objective= -182987.6 
[1] 32
[1] 4.321942
[1] 166.7501
[1] 84.01024
[1] 33
Iteration:  33 . Objective= -181797.1 
[1] 33
[1] 4.538039
[1] 174.0689
[1] 81.22654
[1] 34
Iteration:  34 . Objective= -180597.1 
[1] 34
[1] 4.764941
[1] 181.5469
[1] 81.32328
[1] 35
Iteration:  35 . Objective= -179389.8 
[1] 35
[1] 5.003189
[1] 189.1598
[1] 83.87343
[1] 36
Iteration:  36 . Objective= -178183.4 
[1] 36
[1] 5.253348
[1] 196.8908
[1] 85.754
[1] 37
Iteration:  37 . Objective= -176981.8 
[1] 37
[1] 5.516015
[1] 204.7413
[1] 85.13644
[1] 38
Iteration:  38 . Objective= -175784.2 
[1] 38
[1] 5.791816
[1] 212.7265
[1] 82.70058
[1] 39
Iteration:  39 . Objective= -174587 
[1] 39
[1] 6.081407
[1] 220.8563
[1] 81.08674
[1] 40
Iteration:  40 . Objective= -173388.7 
[1] 40
[1] 6.385477
[1] 229.1202
[1] 82.10544
[1] 41
Iteration:  41 . Objective= -172193.8 
[1] 41
[1] 6.704751
[1] 237.5002
[1] 84.0916
[1] 42
Iteration:  42 . Objective= -171007.1 
[1] 42
[1] 7.039989
[1] 245.9914
[1] 84.52322
[1] 43
Iteration:  43 . Objective= -169830.7 
[1] 43
[1] 7.391988
[1] 254.6082
[1] 82.94504
[1] 44
Iteration:  44 . Objective= -168663.1 
[1] 44
[1] 7.761588
[1] 263.3712
[1] 81.16747
[1] 45
Iteration:  45 . Objective= -167502.5 
[1] 45
[1] 8.149667
[1] 272.2838
[1] 81.33732
[1] 46
Iteration:  46 . Objective= -166351.1 
[1] 46
[1] 8.55715
[1] 281.335
[1] 82.92139
[1] 47
Iteration:  47 . Objective= -165213.1 
[1] 47
[1] 8.985008
[1] 290.5228
[1] 83.63328
[1] 48
Iteration:  48 . Objective= -164091 
[1] 48
[1] 9.434258
[1] 299.8621
[1] 82.5765
[1] 49
Iteration:  49 . Objective= -162984.4 
[1] 49
[1] 9.905971
[1] 309.3714
[1] 81.08943
[1] 50
Iteration:  50 . Objective= -161892.3 
[1] 50
[1] 10.40127
[1] 319.053
[1] 81.14693
[1] 51
Iteration:  51 . Objective= -160817.2 
[1] 51
[1] 10.92133
[1] 328.8975
[1] 82.49661
[1] 52
Iteration:  52 . Objective= -159763 
[1] 52
[1] 11.4674
[1] 338.9002
[1] 83.12692
[1] 53
Iteration:  53 . Objective= -158731.6 
[1] 53
[1] 12.04077
[1] 349.0666
[1] 82.2274
[1] 54
Iteration:  54 . Objective= -157722.9 
[1] 54
[1] 12.64281
[1] 359.4039
[1] 81.105
[1] 55
Iteration:  55 . Objective= -156736.8 
[1] 55
[1] 13.27495
[1] 369.9083
[1] 81.42749
[1] 56
Iteration:  56 . Objective= -155775.1 
[1] 56
[1] 13.9387
[1] 380.5662
[1] 82.61498
[1] 57
Iteration:  57 . Objective= -154840.3 
[1] 57
[1] 14.63563
[1] 391.3706
[1] 82.85615
[1] 58
Iteration:  58 . Objective= -153933.4 
[1] 58
[1] 15.36741
[1] 402.3304
[1] 81.88771
[1] 59
Iteration:  59 . Objective= -153054.8 
[1] 59
[1] 16.13578
[1] 413.4526
[1] 81.2999
[1] 60
Iteration:  60 . Objective= -152212.4 
[1] 60
[1] 16.94257
[1] 424.7357
[1] 82.08265
[1] 61
Iteration:  61 . Objective= -151487.8 
[1] 61
[1] 17.7897
[1] 436.1662
[1] 82.89053
[1] 62
[1] 63
Iteration:  63 . Objective= -151487.8 
[1] 63
[1] 9.339593
[1] 424.9422
[1] 82.89053
[1] 64
[1] 65
Iteration:  65 . Objective= -151487.8 
[1] 65
[1] 4.903286
[1] 424.7965
[1] 82.89053
[1] 66
Iteration:  66 . Objective= -151395.7 
[1] 66
[1] 5.148451
[1] 424.9275
[1] 82.51316
[1] 67
[1] 68
Iteration:  68 . Objective= -151395.7 
[1] 68
[1] 2.702937
[1] 424.787
[1] 82.51316
[1] 69
Iteration:  69 . Objective= -151350.4 
[1] 69
[1] 2.838083
[1] 424.7731
[1] 82.38205
[1] 70
[1] 71
Iteration:  71 . Objective= -151350.4 
[1] 71
[1] 1.489994
[1] 424.7369
[1] 82.38205
[1] 72
Iteration:  72 . Objective= -151347.1 
[1] 72
[1] 1.564493
[1] 424.6414
[1] 82.31011
[1] 73
Iteration:  73 . Objective= -151341.8 
[1] 73
[1] 1.642718
[1] 424.5054
[1] 82.17851
[1] 74
Iteration:  74 . Objective= -151334.6 
[1] 74
[1] 1.724854
[1] 424.334
[1] 82.00971
[1] 75
Iteration:  75 . Objective= -151324.3 
[1] 75
[1] 1.811097
[1] 424.1322
[1] 81.83404
[1] 76
Iteration:  76 . Objective= -151310.3 
[1] 76
[1] 1.901652
[1] 423.9053
[1] 81.68538
[1] 77
Iteration:  77 . Objective= -151293.7 
[1] 77
[1] 1.996734
[1] 423.6589
[1] 81.59518
[1] 78
Iteration:  78 . Objective= -151275.1 
[1] 78
[1] 2.096571
[1] 423.3983
[1] 81.58553
[1] 79
Iteration:  79 . Objective= -151253.1 
[1] 79
[1] 2.201399
[1] 423.129
[1] 81.66316
[1] 80
Iteration:  80 . Objective= -151227.6 
[1] 80
[1] 2.311469
[1] 422.8568
[1] 81.81619
[1] 81
Iteration:  81 . Objective= -151199.8 
[1] 81
[1] 2.427043
[1] 422.5875
[1] 82.01509
[1] 82
Iteration:  82 . Objective= -151169.4 
[1] 82
[1] 2.548395
[1] 422.3273
[1] 82.21829
[1] 83
Iteration:  83 . Objective= -151135.3 
[1] 83
[1] 2.675815
[1] 422.0827
[1] 82.38139
[1] 84
Iteration:  84 . Objective= -151098.3 
[1] 84
[1] 2.809606
[1] 421.8607
[1] 82.46788
[1] 85
Iteration:  85 . Objective= -151059 
[1] 85
[1] 2.950086
[1] 421.6686
[1] 82.45903
[1] 86
Iteration:  86 . Objective= -151015.6 
[1] 86
[1] 3.09759
[1] 421.5141
[1] 82.36062
[1] 87
Iteration:  87 . Objective= -150968.8 
[1] 87
[1] 3.25247
[1] 421.4052
[1] 82.20411
[1] 88
Iteration:  88 . Objective= -150919 
[1] 88
[1] 3.415093
[1] 421.3504
[1] 82.04056
[1] 89
Iteration:  89 . Objective= -150864.4 
[1] 89
[1] 3.585848
[1] 421.3588
[1] 81.92675
[1] 90
Iteration:  90 . Objective= -150805.6 
[1] 90
[1] 3.76514
[1] 421.4396
[1] 81.90595
[1] 91
Iteration:  91 . Objective= -150742.4 
[1] 91
[1] 3.953397
[1] 421.6021
[1] 81.98991
[1] 92
Iteration:  92 . Objective= -150673.3 
[1] 92
[1] 4.151067
[1] 421.8556
[1] 82.15067
[1] 93
Iteration:  93 . Objective= -150599.1 
[1] 93
[1] 4.35862
[1] 422.2095
[1] 82.32817
[1] 94
Iteration:  94 . Objective= -150518.4 
[1] 94
[1] 4.576551
[1] 422.6738
[1] 82.45248
[1] 95
Iteration:  95 . Objective= -150430.8 
[1] 95
[1] 4.805379
[1] 423.2592
[1] 82.47266
[1] 96
Iteration:  96 . Objective= -150336.2 
[1] 96
[1] 5.045648
[1] 423.977
[1] 82.38068
[1] 97
Iteration:  97 . Objective= -150232.9 
[1] 97
[1] 5.29793
[1] 424.8389
[1] 82.21982
[1] 98
Iteration:  98 . Objective= -150121.4 
[1] 98
[1] 5.562827
[1] 425.8568
[1] 82.07024
[1] 99
Iteration:  99 . Objective= -149999.5 
[1] 99
[1] 5.840968
[1] 427.0427
[1] 82.01208
[1] 100
Iteration:  100 . Objective= -149867.8 
[1] 100
[1] 6.133016
[1] 428.4084
[1] 82.08059
[1] 101
Iteration:  101 . Objective= -149724.3 
[1] 101
[1] 6.439667
[1] 429.9653
[1] 82.24044
[1] 102
Iteration:  102 . Objective= -149569.5 
[1] 102
[1] 6.761651
[1] 431.7246
[1] 82.40088
[1] 103
Iteration:  103 . Objective= -149401.6 
[1] 103
[1] 7.099733
[1] 433.6983
[1] 82.46789
[1] 104
Iteration:  104 . Objective= -149221.1 
[1] 104
[1] 7.45472
[1] 435.899
[1] 82.4029
[1] 105
Iteration:  105 . Objective= -149026.4 
[1] 105
[1] 7.827456
[1] 438.3395
[1] 82.25237
[1] 106
Iteration:  106 . Objective= -148817.7 
[1] 106
[1] 8.218829
[1] 441.0329
[1] 82.12438
[1] 107
Iteration:  107 . Objective= -148594.4 
[1] 107
[1] 8.62977
[1] 443.9917
[1] 82.11619
[1] 108
Iteration:  108 . Objective= -148356 
[1] 108
[1] 9.061259
[1] 447.2274
[1] 82.23755
[1] 109
Iteration:  109 . Objective= -148103.3 
[1] 109
[1] 9.514321
[1] 450.7509
[1] 82.3958
[1] 110
Iteration:  110 . Objective= -147835.9 
[1] 110
[1] 9.990038
[1] 454.5737
[1] 82.46531
[1] 111
Iteration:  111 . Objective= -147554.4 
[1] 111
[1] 10.48954
[1] 458.7072
[1] 82.38916
[1] 112
Iteration:  112 . Objective= -147259.8 
[1] 112
[1] 11.01402
[1] 463.1626
[1] 82.23217
[1] 113
Iteration:  113 . Objective= -146952.7 
[1] 113
[1] 11.56472
[1] 467.9507
[1] 82.13303
[1] 114
Iteration:  114 . Objective= -146633.9 
[1] 114
[1] 12.14295
[1] 473.0799
[1] 82.18
[1] 115
Iteration:  115 . Objective= -146304.4 
[1] 115
[1] 12.7501
[1] 478.5571
[1] 82.32092
[1] 116
Iteration:  116 . Objective= -145965.8 
[1] 116
[1] 13.38761
[1] 484.3868
[1] 82.40686
[1] 117
Iteration:  117 . Objective= -145619.7 
[1] 117
[1] 14.05699
[1] 490.5747
[1] 82.34243
[1] 118
Iteration:  118 . Objective= -145268.9 
[1] 118
[1] 14.75984
[1] 497.1232
[1] 82.18876
[1] 119
Iteration:  119 . Objective= -144923.5 
[1] 119
[1] 15.49783
[1] 504.035
[1] 82.11044
[1] 120
Iteration:  120 . Objective= -144643.3 
[1] 120
[1] 16.27272
[1] 511.3041
[1] 82.18924
[1] 121
[1] 122
Iteration:  122 . Objective= -144643.3 
[1] 122
[1] 8.543177
[1] 504.2439
[1] 82.18924
[1] 123
[1] 124
Iteration:  124 . Objective= -144643.3 
[1] 124
[1] 4.485168
[1] 504.0972
[1] 82.18924
[1] 125
Iteration:  125 . Objective= -144561.2 
[1] 125
[1] 4.709426
[1] 504.229
[1] 82.18759
[1] 126
[1] 127
Iteration:  127 . Objective= -144561.2 
[1] 127
[1] 2.472449
[1] 504.087
[1] 82.18759
[1] 128
Iteration:  128 . Objective= -144542 
[1] 128
[1] 2.596071
[1] 504.0714
[1] 82.17404
[1] 129
[1] 130
Iteration:  130 . Objective= -144542 
[1] 130
[1] 1.362937
[1] 504.0365
[1] 82.17404
[1] 131
[1] 132
       1        2        3        4        5        6        7        8 
504.0365 423.0358 385.0488 330.6241 328.7839 322.4228 317.8724 315.4940 
       9       10       11       12       13       14       15       16 
313.0340 311.7761 307.7304 300.4948 297.8523 294.4657 291.8646 290.2651 
      17       18       19       20 
285.9188 277.2213 266.5667 260.3635 
For users of newer versions (1.0.1+): the `scores` matrix now contains factor scores, the `V` matrix is UNSCALED scores.
For users of newer versions (1.0.1+): the `scores` matrix now contains factor scores.
[1] -2556593
[1] 175
[1] 1
Iteration:  1 . Objective= -218244.5 
[1] 1
[1] 1
[1] 33.8154
[1] 122.7968
[1] 2
Iteration:  2 . Objective= -216969.3 
[1] 2
[1] 1
[1] 34.22632
[1] 120.1725
[1] 3
Iteration:  3 . Objective= -215542.6 
[1] 3
[1] 1.05
[1] 34.78966
[1] 116.1621
[1] 4
Iteration:  4 . Objective= -213980.5 
[1] 4
[1] 1.1025
[1] 35.52423
[1] 110.1292
[1] 5
Iteration:  5 . Objective= -212320.7 
[1] 5
[1] 1.157625
[1] 36.43442
[1] 101.7218
[1] 6
Iteration:  6 . Objective= -210576.7 
[1] 6
[1] 1.215506
[1] 37.51573
[1] 91.6455
[1] 7
Iteration:  7 . Objective= -208733.2 
[1] 7
[1] 1.276282
[1] 38.75453
[1] 85.46092
[1] 8
Iteration:  8 . Objective= -206822.7 
[1] 8
[1] 1.340096
[1] 40.18174
[1] 80.84566
[1] 9
Iteration:  9 . Objective= -204895.2 
[1] 9
[1] 1.4071
[1] 41.88258
[1] 77.42639
[1] 10
Iteration:  10 . Objective= -202997.1 
[1] 10
[1] 1.477455
[1] 43.93336
[1] 81.77451
[1] 11
Iteration:  11 . Objective= -201211.8 
[1] 11
[1] 1.551328
[1] 46.51188
[1] 86.78808
[1] 12
Iteration:  12 . Objective= -199566.3 
[1] 12
[1] 1.628895
[1] 50.10478
[1] 89.93829
[1] 13
Iteration:  13 . Objective= -198047.8 
[1] 13
[1] 1.710339
[1] 54.4274
[1] 90.35958
[1] 14
Iteration:  14 . Objective= -196623.5 
[1] 14
[1] 1.795856
[1] 58.87244
[1] 88.36708
[1] 15
Iteration:  15 . Objective= -195262.8 
[1] 15
[1] 1.885649
[1] 63.35167
[1] 85.16308
[1] 16
Iteration:  16 . Objective= -193944.6 
[1] 16
[1] 1.979932
[1] 67.89112
[1] 82.61185
[1] 17
Iteration:  17 . Objective= -192653.4 
[1] 17
[1] 2.078928
[1] 72.51649
[1] 82.26134
[1] 18
Iteration:  18 . Objective= -191385.3 
[1] 18
[1] 2.182875
[1] 77.23463
[1] 84.0381
[1] 19
Iteration:  19 . Objective= -190143.8 
[1] 19
[1] 2.292018
[1] 82.04534
[1] 86.32009
[1] 20
Iteration:  20 . Objective= -188928.7 
[1] 20
[1] 2.406619
[1] 86.95583
[1] 87.41012
[1] 21
Iteration:  21 . Objective= -187737.4 
[1] 21
[1] 2.52695
[1] 91.98563
[1] 86.66154
[1] 22
Iteration:  22 . Objective= -186562.4 
[1] 22
[1] 2.653298
[1] 97.16065
[1] 84.71373
[1] 23
Iteration:  23 . Objective= -185393.3 
[1] 23
[1] 2.785963
[1] 102.4984
[1] 83.12748
[1] 24
Iteration:  24 . Objective= -184224 
[1] 24
[1] 2.925261
[1] 107.9964
[1] 83.19085
[1] 25
Iteration:  25 . Objective= -183053.8 
[1] 25
[1] 3.071524
[1] 113.6392
[1] 84.58367
[1] 26
Iteration:  26 . Objective= -181885.4 
[1] 26
[1] 3.2251
[1] 119.4159
[1] 85.72961
[1] 27
Iteration:  27 . Objective= -180719.4 
[1] 27
[1] 3.386355
[1] 125.3287
[1] 85.45418
[1] 28
Iteration:  28 . Objective= -179554.1 
[1] 28
[1] 3.555673
[1] 131.3905
[1] 84.00696
[1] 29
Iteration:  29 . Objective= -178385.9 
[1] 29
[1] 3.733456
[1] 137.6158
[1] 82.82828
[1] 30
Iteration:  30 . Objective= -177212.8 
[1] 30
[1] 3.920129
[1] 144.0073
[1] 83.06655
[1] 31
Iteration:  31 . Objective= -176035.9 
[1] 31
[1] 4.116136
[1] 150.5562
[1] 84.14367
[1] 32
Iteration:  32 . Objective= -174857.7 
[1] 32
[1] 4.321942
[1] 157.2546
[1] 84.5337
[1] 33
Iteration:  33 . Objective= -173679 
[1] 33
[1] 4.538039
[1] 164.1049
[1] 83.66277
[1] 34
Iteration:  34 . Objective= -172497.9 
[1] 34
[1] 4.764941
[1] 171.1117
[1] 82.53248
[1] 35
Iteration:  35 . Objective= -171312.6 
[1] 35
[1] 5.003189
[1] 178.2674
[1] 82.48713
[1] 36
Iteration:  36 . Objective= -170124.1 
[1] 36
[1] 5.253348
[1] 185.5575
[1] 83.3469
[1] 37
Iteration:  37 . Objective= -168935.5 
[1] 37
[1] 5.516015
[1] 192.9771
[1] 83.69103
[1] 38
Iteration:  38 . Objective= -167748.3 
[1] 38
[1] 5.791816
[1] 200.5308
[1] 82.91389
[1] 39
Iteration:  39 . Objective= -166561 
[1] 39
[1] 6.081407
[1] 208.2238
[1] 82.03264
[1] 40
Iteration:  40 . Objective= -165373 
[1] 40
[1] 6.385477
[1] 216.0556
[1] 82.21992
[1] 41
Iteration:  41 . Objective= -164187.1 
[1] 41
[1] 6.704751
[1] 224.0204
[1] 82.95671
[1] 42
Iteration:  42 . Objective= -163006.5 
[1] 42
[1] 7.039989
[1] 232.1188
[1] 82.93858
[1] 43
Iteration:  43 . Objective= -161832.8 
[1] 43
[1] 7.391988
[1] 240.3618
[1] 82.13447
[1] 44
Iteration:  44 . Objective= -160666.3 
[1] 44
[1] 7.761588
[1] 248.7559
[1] 81.75522
[1] 45
Iteration:  45 . Objective= -159508.6 
[1] 45
[1] 8.149667
[1] 257.3003
[1] 82.31077
[1] 46
Iteration:  46 . Objective= -158362.7 
[1] 46
[1] 8.55715
[1] 266.0004
[1] 82.77655
[1] 47
Iteration:  47 . Objective= -157230.8 
[1] 47
[1] 8.985008
[1] 274.864
[1] 82.35639
[1] 48
Iteration:  48 . Objective= -156113.4 
[1] 48
[1] 9.434258
[1] 283.8985
[1] 81.79158
[1] 49
Iteration:  49 . Objective= -155011.1 
[1] 49
[1] 9.905971
[1] 293.1063
[1] 82.035
[1] 50
Iteration:  50 . Objective= -153925.4 
[1] 50
[1] 10.40127
[1] 302.4832
[1] 82.55354
[1] 51
Iteration:  51 . Objective= -152858.2 
[1] 51
[1] 10.92133
[1] 312.0314
[1] 82.3939
[1] 52
Iteration:  52 . Objective= -151810.6 
[1] 52
[1] 11.4674
[1] 321.7515
[1] 81.85966
[1] 53
Iteration:  53 . Objective= -150783.4 
[1] 53
[1] 12.04077
[1] 331.6488
[1] 81.9663
[1] 54
Iteration:  54 . Objective= -149778.3 
[1] 54
[1] 12.64281
[1] 341.7219
[1] 82.48703
[1] 55
Iteration:  55 . Objective= -148797.6 
[1] 55
[1] 13.27495
[1] 351.9824
[1] 82.48555
[1] 56
Iteration:  56 . Objective= -147842.7 
[1] 56
[1] 13.9387
[1] 362.4324
[1] 82.0246
[1] 57
Iteration:  57 . Objective= -146914.6 
[1] 57
[1] 14.63563
[1] 373.0858
[1] 82.10856
[1] 58
Iteration:  58 . Objective= -146017.6 
[1] 58
[1] 15.36741
[1] 383.8726
[1] 87.79311
[1] 59
Iteration:  59 . Objective= -145175.8 
[1] 59
[1] 16.13578
[1] 394.8784
[1] 82.66461
[1] 60
Iteration:  60 . Objective= -144420.9 
[1] 60
[1] 16.94257
[1] 405.6935
[1] 170.6672
[1] 61
Iteration:  61 . Objective= -143571.5 
[1] 61
[1] 17.7897
[1] 416.7152
[1] 82.12275
[1] 62
Iteration:  62 . Objective= -142811 
[1] 62
[1] 18.67919
[1] 427.7457
[1] 104.4043
[1] 63
Iteration:  63 . Objective= -142138.1 
[1] 63
[1] 19.61315
[1] 438.9898
[1] 82.84026
[1] 64
Iteration:  64 . Objective= -141716.3 
[1] 64
[1] 20.5938
[1] 449.9387
[1] 257.7425
[1] 65
Iteration:  65 . Objective= -140792.2 
[1] 65
[1] 21.62349
[1] 461.0702
[1] 81.96812
[1] 66
[1] 67
Iteration:  67 . Objective= -140792.2 
[1] 67
[1] 11.35233
[1] 450.1555
[1] 81.96812
[1] 68
[1] 69
Iteration:  69 . Objective= -140792.2 
[1] 69
[1] 5.959975
[1] 450.0048
[1] 81.96812
[1] 70
Iteration:  70 . Objective= -140743.4 
[1] 70
[1] 6.257974
[1] 450.133
[1] 82.1774
[1] 71
Iteration:  71 . Objective= -140743.1 
[1] 71
[1] 6.570873
[1] 450.2768
[1] 115.5962
[1] 72
Iteration:  72 . Objective= -140651.3 
[1] 72
[1] 6.899416
[1] 450.5109
[1] 82.72079
[1] 73
Iteration:  73 . Objective= -140626.1 
[1] 73
[1] 7.244387
[1] 450.8549
[1] 82.6475
[1] 74
Iteration:  74 . Objective= -140507.7 
[1] 74
[1] 7.606606
[1] 451.3078
[1] 82.30393
[1] 75
Iteration:  75 . Objective= -140453.5 
[1] 75
[1] 7.986937
[1] 451.8073
[1] 108.2881
[1] 76
Iteration:  76 . Objective= -140314.1 
[1] 76
[1] 8.386284
[1] 452.4313
[1] 81.96518
[1] 77
Iteration:  77 . Objective= -140232.6 
[1] 77
[1] 8.805598
[1] 453.2115
[1] 82.21375
[1] 78
Iteration:  78 . Objective= -140063.5 
[1] 78
[1] 9.245878
[1] 454.1523
[1] 82.41952
[1] 79
Iteration:  79 . Objective= -139955.6 
[1] 79
[1] 9.708171
[1] 455.1721
[1] 116.2229
[1] 80
Iteration:  80 . Objective= -139779.7 
[1] 80
[1] 10.19358
[1] 456.3976
[1] 82.31873
[1] 81
Iteration:  81 . Objective= -139635.1 
[1] 81
[1] 10.70326
[1] 457.8463
[1] 82.18883
[1] 82
Iteration:  82 . Objective= -139483.2 
[1] 82
[1] 11.23842
[1] 459.4419
[1] 100.0307
[1] 83
Iteration:  83 . Objective= -139278 
[1] 83
[1] 11.80034
[1] 461.2917
[1] 82.20198
[1] 84
Iteration:  84 . Objective= -139117.1 
[1] 84
[1] 12.39036
[1] 463.4139
[1] 82.16502
[1] 85
Iteration:  85 . Objective= -138964.5 
[1] 85
[1] 13.00988
[1] 465.6847
[1] 113.8533
[1] 86
Iteration:  86 . Objective= -138699.8 
[1] 86
[1] 13.66037
[1] 468.2835
[1] 82.17631
[1] 87
Iteration:  87 . Objective= -138574 
[1] 87
[1] 14.34339
[1] 471.162
[1] 90.47767
[1] 88
Iteration:  88 . Objective= -138495.9 
[1] 88
[1] 15.06056
[1] 474.3808
[1] 82.28904
[1] 89
Iteration:  89 . Objective= -138432.2 
[1] 89
[1] 15.81359
[1] 477.7032
[1] 173.8215
[1] 90
Iteration:  90 . Objective= -137874.6 
[1] 90
[1] 16.60427
[1] 481.4349
[1] 81.80517
[1] 91
[1] 92
Iteration:  92 . Objective= -137874.6 
[1] 92
[1] 8.717241
[1] 477.9004
[1] 81.80517
[1] 93
[1] 94
Iteration:  94 . Objective= -137874.6 
[1] 94
[1] 4.576551
[1] 477.7591
[1] 81.80517
[1] 95
Iteration:  95 . Objective= -137756.4 
[1] 95
[1] 4.805379
[1] 477.8737
[1] 81.92059
[1] 96
[1] 97
Iteration:  97 . Objective= -137756.4 
[1] 97
[1] 2.522824
[1] 477.7432
[1] 81.92059
[1] 98
Iteration:  98 . Objective= -137749.7 
[1] 98
[1] 2.648965
[1] 477.7165
[1] 81.94488
[1] 99
[1] 100
Iteration:  100 . Objective= -137749.7 
[1] 100
[1] 1.390707
[1] 477.6898
[1] 81.94488
[1] 101
[1] 102
       1        2        3        4        5        6        7        8 
477.6898 422.7998 377.4294 331.3916 317.8252 314.7106 308.3367 307.9736 
       9       10       11       12       13       14       15       16 
306.1115 302.9856 298.5853 297.0354 291.8862 290.8144 287.3024 284.7421 
      17       18       19       20 
283.1923 278.5288 264.3086 254.6041 
For users of newer versions (1.0.1+): the `scores` matrix now contains factor scores, the `V` matrix is UNSCALED scores.
For users of newer versions (1.0.1+): the `scores` matrix now contains factor scores.
[1] -2557711
[1] 200
[1] 1
Iteration:  1 . Objective= -212941.7 
[1] 1
[1] 1
[1] 38.90767
[1] 54.74394
[1] 2
Iteration:  2 . Objective= -210183.1 
[1] 2
[1] 1
[1] 39.77586
[1] 61.71896
[1] 3
Iteration:  3 . Objective= -207751.8 
[1] 3
[1] 1.05
[1] 40.77999
[1] 69.74814
[1] 4
Iteration:  4 . Objective= -205572.4 
[1] 4
[1] 1.1025
[1] 41.96027
[1] 67.62837
[1] 5
Iteration:  5 . Objective= -203442.8 
[1] 5
[1] 1.157625
[1] 43.33445
[1] 63.58217
[1] 6
Iteration:  6 . Objective= -201301.2 
[1] 6
[1] 1.215506
[1] 44.89808
[1] 62.20721
[1] 7
Iteration:  7 . Objective= -199203.7 
[1] 7
[1] 1.276282
[1] 46.65932
[1] 63.32892
[1] 8
Iteration:  8 . Objective= -197217.2 
[1] 8
[1] 1.340096
[1] 48.6616
[1] 64.7106
[1] 9
Iteration:  9 . Objective= -195355.5 
[1] 9
[1] 1.4071
[1] 50.97693
[1] 64.81956
[1] 10
Iteration:  10 . Objective= -193594.1 
[1] 10
[1] 1.477455
[1] 53.68031
[1] 63.69866
[1] 11
Iteration:  11 . Objective= -191907.5 
[1] 11
[1] 1.551328
[1] 56.82515
[1] 62.18767
[1] 12
Iteration:  12 . Objective= -190278.8 
[1] 12
[1] 1.628895
[1] 60.44265
[1] 61.01724
[1] 13
Iteration:  13 . Objective= -188695.9 
[1] 13
[1] 1.710339
[1] 65.20306
[1] 60.52417
[1] 14
Iteration:  14 . Objective= -187155.6 
[1] 14
[1] 1.795856
[1] 70.33578
[1] 60.71052
[1] 15
Iteration:  15 . Objective= -185655.8 
[1] 15
[1] 1.885649
[1] 75.57127
[1] 61.30554
[1] 16
Iteration:  16 . Objective= -184193.8 
[1] 16
[1] 1.979932
[1] 80.90847
[1] 61.84971
[1] 17
Iteration:  17 . Objective= -182767 
[1] 17
[1] 2.078928
[1] 86.35181
[1] 61.91967
[1] 18
Iteration:  18 . Objective= -181369.4 
[1] 18
[1] 2.182875
[1] 91.91467
[1] 61.40141
[1] 19
Iteration:  19 . Objective= -179994 
[1] 19
[1] 2.292018
[1] 97.61432
[1] 60.57128
[1] 20
Iteration:  20 . Objective= -178635.4 
[1] 20
[1] 2.406619
[1] 103.4618
[1] 59.8708
[1] 21
Iteration:  21 . Objective= -177287.2 
[1] 21
[1] 2.52695
[1] 109.4576
[1] 59.53199
[1] 22
Iteration:  22 . Objective= -175945.5 
[1] 22
[1] 2.653298
[1] 115.5978
[1] 59.38856
[1] 23
Iteration:  23 . Objective= -174608.4 
[1] 23
[1] 2.785963
[1] 122.2401
[1] 59.08897
[1] 24
Iteration:  24 . Objective= -173274.2 
[1] 24
[1] 2.925261
[1] 129.0826
[1] 58.5182
[1] 25
Iteration:  25 . Objective= -171939.5 
[1] 25
[1] 3.071524
[1] 136.0849
[1] 57.94285
[1] 26
Iteration:  26 . Objective= -170603.3 
[1] 26
[1] 3.2251
[1] 143.2451
[1] 57.66985
[1] 27
Iteration:  27 . Objective= -169267.2 
[1] 27
[1] 3.386355
[1] 150.5638
[1] 57.63904
[1] 28
Iteration:  28 . Objective= -167932.7 
[1] 28
[1] 3.555673
[1] 158.0459
[1] 57.5338
[1] 29
Iteration:  29 . Objective= -166600.5 
[1] 29
[1] 3.733456
[1] 165.6913
[1] 57.25279
[1] 30
Iteration:  30 . Objective= -165270.5 
[1] 30
[1] 3.920129
[1] 173.4931
[1] 57.00135
[1] 31
Iteration:  31 . Objective= -163943.1 
[1] 31
[1] 4.116136
[1] 181.4439
[1] 56.89463
[1] 32
Iteration:  32 . Objective= -162620.1 
[1] 32
[1] 4.321942
[1] 189.5386
[1] 56.80864
[1] 33
Iteration:  33 . Objective= -161303.2 
[1] 33
[1] 4.538039
[1] 197.7715
[1] 56.69808
[1] 34
Iteration:  34 . Objective= -159993.8 
[1] 34
[1] 4.764941
[1] 206.1383
[1] 56.63717
[1] 35
Iteration:  35 . Objective= -158693.5 
[1] 35
[1] 5.003189
[1] 214.6383
[1] 56.56039
[1] 36
Iteration:  36 . Objective= -157403.7 
[1] 36
[1] 5.253348
[1] 223.269
[1] 56.46306
[1] 37
Iteration:  37 . Objective= -156125.7 
[1] 37
[1] 5.516015
[1] 232.0282
[1] 56.52011
[1] 38
Iteration:  38 . Objective= -154861.4 
[1] 38
[1] 5.791816
[1] 240.9208
[1] 56.54761
[1] 39
Iteration:  39 . Objective= -153612.6 
[1] 39
[1] 6.081407
[1] 249.9537
[1] 56.35394
[1] 40
Iteration:  40 . Objective= -152380 
[1] 40
[1] 6.385477
[1] 259.1264
[1] 56.38914
[1] 41
Iteration:  41 . Objective= -151165.1 
[1] 41
[1] 6.704751
[1] 268.4366
[1] 56.55366
[1] 42
Iteration:  42 . Objective= -149969.8 
[1] 42
[1] 7.039989
[1] 277.8828
[1] 56.39793
[1] 43
Iteration:  43 . Objective= -148795.3 
[1] 43
[1] 7.391988
[1] 287.4615
[1] 56.47066
[1] 44
Iteration:  44 . Objective= -147643.5 
[1] 44
[1] 7.761588
[1] 297.1721
[1] 56.50852
[1] 45
Iteration:  45 . Objective= -146515.9 
[1] 45
[1] 8.149667
[1] 307.013
[1] 56.51847
[1] 46
Iteration:  46 . Objective= -145413.9 
[1] 46
[1] 8.55715
[1] 316.9885
[1] 56.69191
[1] 47
Iteration:  47 . Objective= -144339.3 
[1] 47
[1] 8.985008
[1] 327.1089
[1] 56.56174
[1] 48
Iteration:  48 . Objective= -143292.6 
[1] 48
[1] 9.434258
[1] 337.3796
[1] 57.01232
[1] 49
Iteration:  49 . Objective= -142275.5 
[1] 49
[1] 9.905971
[1] 347.8142
[1] 56.48449
[1] 50
Iteration:  50 . Objective= -141287.2 
[1] 50
[1] 10.40127
[1] 358.3946
[1] 58.07777
[1] 51
Iteration:  51 . Objective= -140331.9 
[1] 51
[1] 10.92133
[1] 369.1616
[1] 54.58894
[1] 52
Iteration:  52 . Objective= -139413.9 
[1] 52
[1] 11.4674
[1] 379.9981
[1] 65.72347
[1] 53
Iteration:  53 . Objective= -138613 
[1] 53
[1] 12.04077
[1] 391.01
[1] 56.09719
[1] 54
[1] 55
Iteration:  55 . Objective= -138613 
[1] 55
[1] 6.321404
[1] 380.238
[1] 56.09719
[1] 56
[1] 57
Iteration:  57 . Objective= -138613 
[1] 57
[1] 3.318737
[1] 380.0764
[1] 56.09719
[1] 58
Iteration:  58 . Objective= -138522.2 
[1] 58
[1] 3.484674
[1] 380.2035
[1] 68.90959
[1] 59
[1] 60
Iteration:  60 . Objective= -138522.2 
[1] 60
[1] 1.829454
[1] 380.0563
[1] 68.90959
[1] 61
Iteration:  61 . Objective= -138483.8 
[1] 61
[1] 1.920927
[1] 380.0338
[1] 60.12041
[1] 62
Iteration:  62 . Objective= -138480.2 
[1] 62
[1] 2.016973
[1] 380.035
[1] 50.29778
[1] 63
Iteration:  63 . Objective= -138458.7 
[1] 63
[1] 2.117822
[1] 380.0701
[1] 49.10432
[1] 64
Iteration:  64 . Objective= -138395.2 
[1] 64
[1] 2.223713
[1] 380.126
[1] 57.51442
[1] 65
Iteration:  65 . Objective= -138365.8 
[1] 65
[1] 2.334898
[1] 380.1925
[1] 66.59251
[1] 66
Iteration:  66 . Objective= -138306.9 
[1] 66
[1] 2.451643
[1] 380.2777
[1] 66.18093
[1] 67
Iteration:  67 . Objective= -138224.4 
[1] 67
[1] 2.574225
[1] 380.4103
[1] 56.73948
[1] 68
Iteration:  68 . Objective= -138170.5 
[1] 68
[1] 2.702937
[1] 380.6217
[1] 49.818
[1] 69
Iteration:  69 . Objective= -138069.5 
[1] 69
[1] 2.838083
[1] 380.9078
[1] 53.93349
[1] 70
Iteration:  70 . Objective= -137983 
[1] 70
[1] 2.979988
[1] 381.2493
[1] 63.84782
[1] 71
Iteration:  71 . Objective= -137885.5 
[1] 71
[1] 3.128987
[1] 381.652
[1] 65.18713
[1] 72
Iteration:  72 . Objective= -137764.5 
[1] 72
[1] 3.285436
[1] 382.1539
[1] 56.12713
[1] 73
Iteration:  73 . Objective= -137663.1 
[1] 73
[1] 3.449708
[1] 382.7916
[1] 50.39346
[1] 74
Iteration:  74 . Objective= -137519.1 
[1] 74
[1] 3.622194
[1] 383.5444
[1] 57.9664
[1] 75
Iteration:  75 . Objective= -137397.3 
[1] 75
[1] 3.803303
[1] 384.3992
[1] 64.80709
[1] 76
Iteration:  76 . Objective= -137238.5 
[1] 76
[1] 3.993468
[1] 385.3901
[1] 59.04631
[1] 77
Iteration:  77 . Objective= -137098.4 
[1] 77
[1] 4.193142
[1] 386.5709
[1] 51.2095
[1] 78
Iteration:  78 . Objective= -136918.1 
[1] 78
[1] 4.402799
[1] 387.9183
[1] 58.04101
[1] 79
Iteration:  79 . Objective= -136753.3 
[1] 79
[1] 4.622939
[1] 389.4178
[1] 64.04703
[1] 80
Iteration:  80 . Objective= -136555 
[1] 80
[1] 4.854086
[1] 391.1224
[1] 56.44314
[1] 81
Iteration:  81 . Objective= -136366.5 
[1] 81
[1] 5.09679
[1] 393.0777
[1] 51.93803
[1] 82
Iteration:  82 . Objective= -136148.9 
[1] 82
[1] 5.35163
[1] 395.227
[1] 63.13435
[1] 83
Iteration:  83 . Objective= -135920.5 
[1] 83
[1] 5.619211
[1] 397.5942
[1] 61.40553
[1] 84
Iteration:  84 . Objective= -135693.7 
[1] 84
[1] 5.900172
[1] 400.276
[1] 50.53512
[1] 85
Iteration:  85 . Objective= -135430.2 
[1] 85
[1] 6.19518
[1] 403.1933
[1] 62.58393
[1] 86
Iteration:  86 . Objective= -135157.5 
[1] 86
[1] 6.504939
[1] 406.37
[1] 61.02958
[1] 87
Iteration:  87 . Objective= -134890.9 
[1] 87
[1] 6.830186
[1] 409.9139
[1] 50.42517
[1] 88
Iteration:  88 . Objective= -134603.8 
[1] 88
[1] 7.171695
[1] 413.6955
[1] 67.63093
[1] 89
Iteration:  89 . Objective= -134265 
[1] 89
[1] 7.53028
[1] 417.8283
[1] 54.88159
[1] 90
Iteration:  90 . Objective= -133941.7 
[1] 90
[1] 7.906794
[1] 422.3413
[1] 53.59948
[1] 91
Iteration:  91 . Objective= -133637.8 
[1] 91
[1] 8.302134
[1] 427.1038
[1] 70.21036
[1] 92
Iteration:  92 . Objective= -133287.6 
[1] 92
[1] 8.717241
[1] 432.3111
[1] 50.23682
[1] 93
Iteration:  93 . Objective= -133007.7 
[1] 93
[1] 9.153103
[1] 437.722
[1] 80.52681
[1] 94
Iteration:  94 . Objective= -132574 
[1] 94
[1] 9.610758
[1] 443.5773
[1] 52.09314
[1] 95
Iteration:  95 . Objective= -132291.7 
[1] 95
[1] 10.0913
[1] 449.6234
[1] 83.65181
[1] 96
Iteration:  96 . Objective= -131859.6 
[1] 96
[1] 10.59586
[1] 456.0799
[1] 56.12998
[1] 97
Iteration:  97 . Objective= -131727.4 
[1] 97
[1] 11.12565
[1] 462.6606
[1] 100.0682
[1] 98
Iteration:  98 . Objective= -131161.5 
[1] 98
[1] 11.68194
[1] 469.6489
[1] 56.76365
[1] 99
[1] 100
Iteration:  100 . Objective= -131161.5 
[1] 100
[1] 6.133016
[1] 462.9051
[1] 56.76365
[1] 101
[1] 102
Iteration:  102 . Objective= -131161.5 
[1] 102
[1] 3.219834
[1] 462.7414
[1] 56.76365
[1] 103
Iteration:  103 . Objective= -131015.7 
[1] 103
[1] 3.380825
[1] 462.8789
[1] 68.17387
[1] 104
[1] 105
Iteration:  105 . Objective= -131015.7 
[1] 105
[1] 1.774933
[1] 462.7248
[1] 68.17387
[1] 106
Iteration:  106 . Objective= -130987.1 
[1] 106
[1] 1.86368
[1] 462.7074
[1] 60.44867
[1] 107
[1] 108
       1        2        3        4        5        6        7        8 
462.7074 407.5532 381.1883 315.1397 313.7973 310.1436 308.5659 300.3765 
       9       10       11       12       13       14       15       16 
298.7127 297.2100 292.6566 289.2867 286.4031 283.9426 283.0012 276.2100 
      17       18       19       20 
275.1957 272.0352 265.6128 253.9859 
For users of newer versions (1.0.1+): the `scores` matrix now contains factor scores, the `V` matrix is UNSCALED scores.
For users of newer versions (1.0.1+): the `scores` matrix now contains factor scores.
[1] -2549062
[1] 225
[1] 1
Iteration:  1 . Objective= -220143.4 
[1] 1
[1] 1
[1] 18.96583
[1] 97.81056
[1] 2
Iteration:  2 . Objective= -218666.2 
[1] 2
[1] 1
[1] 19.62369
[1] 64.40334
[1] 3
Iteration:  3 . Objective= -216336.8 
[1] 3
[1] 1.05
[1] 20.61382
[1] 69.85182
[1] 4
Iteration:  4 . Objective= -213991.1 
[1] 4
[1] 1.1025
[1] 22.05273
[1] 70.77371
[1] 5
Iteration:  5 . Objective= -211721.9 
[1] 5
[1] 1.157625
[1] 24.64937
[1] 66.02565
[1] 6
Iteration:  6 . Objective= -209470.2 
[1] 6
[1] 1.215506
[1] 28.75784
[1] 71.2431
[1] 7
Iteration:  7 . Objective= -207370.7 
[1] 7
[1] 1.276282
[1] 33.47292
[1] 66.86068
[1] 8
Iteration:  8 . Objective= -205341.7 
[1] 8
[1] 1.340096
[1] 38.49979
[1] 62.32973
[1] 9
Iteration:  9 . Objective= -203346.3 
[1] 9
[1] 1.4071
[1] 43.80951
[1] 56.96226
[1] 10
Iteration:  10 . Objective= -201339.7 
[1] 10
[1] 1.477455
[1] 49.16495
[1] 61.10588
[1] 11
Iteration:  11 . Objective= -199424.4 
[1] 11
[1] 1.551328
[1] 54.51831
[1] 61.1754
[1] 12
Iteration:  12 . Objective= -197617.5 
[1] 12
[1] 1.628895
[1] 59.90904
[1] 58.68106
[1] 13
Iteration:  13 . Objective= -195892.4 
[1] 13
[1] 1.710339
[1] 65.38093
[1] 56.95383
[1] 14
Iteration:  14 . Objective= -194221.5 
[1] 14
[1] 1.795856
[1] 70.98795
[1] 55.63092
[1] 15
Iteration:  15 . Objective= -192593.9 
[1] 15
[1] 1.885649
[1] 76.70561
[1] 58.9452
[1] 16
Iteration:  16 . Objective= -191037.1 
[1] 16
[1] 1.979932
[1] 82.56879
[1] 59.31926
[1] 17
Iteration:  17 . Objective= -189538.8 
[1] 17
[1] 2.078928
[1] 88.6573
[1] 56.59144
[1] 18
Iteration:  18 . Objective= -188070.8 
[1] 18
[1] 2.182875
[1] 95.00098
[1] 55.57471
[1] 19
Iteration:  19 . Objective= -186622.3 
[1] 19
[1] 2.292018
[1] 101.5501
[1] 57.9084
[1] 20
Iteration:  20 . Objective= -185203.4 
[1] 20
[1] 2.406619
[1] 108.2711
[1] 59.2266
[1] 21
Iteration:  21 . Objective= -183818.1 
[1] 21
[1] 2.52695
[1] 115.1865
[1] 57.2534
[1] 22
Iteration:  22 . Objective= -182451.8 
[1] 22
[1] 2.653298
[1] 122.3007
[1] 56.11735
[1] 23
Iteration:  23 . Objective= -181095.7 
[1] 23
[1] 2.785963
[1] 129.5613
[1] 57.99997
[1] 24
Iteration:  24 . Objective= -179757.4 
[1] 24
[1] 2.925261
[1] 136.9432
[1] 58.61697
[1] 25
Iteration:  25 . Objective= -178434.6 
[1] 25
[1] 3.071524
[1] 144.4675
[1] 56.71799
[1] 26
Iteration:  26 . Objective= -177116.3 
[1] 26
[1] 3.2251
[1] 152.1242
[1] 56.82886
[1] 27
Iteration:  27 . Objective= -175803 
[1] 27
[1] 3.386355
[1] 159.8808
[1] 58.54393
[1] 28
Iteration:  28 . Objective= -174502.3 
[1] 28
[1] 3.555673
[1] 167.7493
[1] 57.6263
[1] 29
Iteration:  29 . Objective= -173208.4 
[1] 29
[1] 3.733456
[1] 175.7456
[1] 56.71063
[1] 30
Iteration:  30 . Objective= -171918.3 
[1] 30
[1] 3.920129
[1] 183.8475
[1] 58.31743
[1] 31
Iteration:  31 . Objective= -170638.5 
[1] 31
[1] 4.116136
[1] 192.0579
[1] 58.00379
[1] 32
Iteration:  32 . Objective= -169368.4 
[1] 32
[1] 4.321942
[1] 200.3887
[1] 56.89051
[1] 33
Iteration:  33 . Objective= -168104.4 
[1] 33
[1] 4.538039
[1] 208.8186
[1] 58.33935
[1] 34
Iteration:  34 . Objective= -166851.7 
[1] 34
[1] 4.764941
[1] 217.3559
[1] 57.95394
[1] 35
Iteration:  35 . Objective= -165608.7 
[1] 35
[1] 5.003189
[1] 226.0142
[1] 57.19813
[1] 36
Iteration:  36 . Objective= -164373.3 
[1] 36
[1] 5.253348
[1] 234.7785
[1] 58.6805
[1] 37
Iteration:  37 . Objective= -163150.6 
[1] 37
[1] 5.516015
[1] 243.669
[1] 57.68473
[1] 38
Iteration:  38 . Objective= -161937.9 
[1] 38
[1] 5.791816
[1] 252.6866
[1] 57.94633
[1] 39
Iteration:  39 . Objective= -160736.9 
[1] 39
[1] 6.081407
[1] 261.8214
[1] 58.73028
[1] 40
Iteration:  40 . Objective= -159551.1 
[1] 40
[1] 6.385477
[1] 271.0893
[1] 57.5263
[1] 41
Iteration:  41 . Objective= -158378.2 
[1] 41
[1] 6.704751
[1] 280.4752
[1] 59.14751
[1] 42
Iteration:  42 . Objective= -157223.9 
[1] 42
[1] 7.039989
[1] 290.0036
[1] 57.71257
[1] 43
Iteration:  43 . Objective= -156085.3 
[1] 43
[1] 7.391988
[1] 299.6602
[1] 59.3249
[1] 44
Iteration:  44 . Objective= -154967.5 
[1] 44
[1] 7.761588
[1] 309.4712
[1] 57.86548
[1] 45
Iteration:  45 . Objective= -153868 
[1] 45
[1] 8.149667
[1] 319.4194
[1] 59.96646
[1] 46
Iteration:  46 . Objective= -152792.4 
[1] 46
[1] 8.55715
[1] 329.5434
[1] 57.06807
[1] 47
Iteration:  47 . Objective= -151734.9 
[1] 47
[1] 8.985008
[1] 339.7756
[1] 62.76159
[1] 48
Iteration:  48 . Objective= -150708.4 
[1] 48
[1] 9.434258
[1] 350.2457
[1] 52.36818
[1] 49
Iteration:  49 . Objective= -149693.6 
[1] 49
[1] 9.905971
[1] 360.6699
[1] 81.40917
[1] 50
Iteration:  50 . Objective= -148737.3 
[1] 50
[1] 10.40127
[1] 371.3299
[1] 51.9739
[1] 51
Iteration:  51 . Objective= -147853.9 
[1] 51
[1] 10.92133
[1] 381.6579
[1] 196.7398
[1] 52
Iteration:  52 . Objective= -146917.9 
[1] 52
[1] 11.4674
[1] 392.2202
[1] 52.35095
[1] 53
Iteration:  53 . Objective= -146057.2 
[1] 53
[1] 12.04077
[1] 402.843
[1] 67.69331
[1] 54
Iteration:  54 . Objective= -145240.4 
[1] 54
[1] 12.64281
[1] 413.6178
[1] 58.45853
[1] 55
Iteration:  55 . Objective= -144625.8 
[1] 55
[1] 13.27495
[1] 424.5562
[1] 57.94968
[1] 56
[1] 57
Iteration:  57 . Objective= -144625.8 
[1] 57
[1] 6.969348
[1] 413.8626
[1] 57.94968
[1] 58
[1] 59
Iteration:  59 . Objective= -144625.8 
[1] 59
[1] 3.658908
[1] 413.6987
[1] 57.94968
[1] 60
Iteration:  60 . Objective= -144436.9 
[1] 60
[1] 3.841853
[1] 413.854
[1] 61.84363
[1] 61
[1] 62
Iteration:  62 . Objective= -144436.9 
[1] 62
[1] 2.016973
[1] 413.6921
[1] 61.84363
[1] 63
Iteration:  63 . Objective= -144370.2 
[1] 63
[1] 2.117822
[1] 413.6871
[1] 59.9691
[1] 64
[1] 65
       1        2        3        4        5        6        7        8 
413.6871 359.7964 324.0453 265.8977 256.0619 252.8016 247.3456 244.0364 
       9       10       11       12       13       14       15       16 
241.9472 239.3863 237.3425 233.9089 233.4381 230.5452 226.4072 222.9114 
      17       18       19       20 
219.4973 215.9160 205.8238 193.7212 
For users of newer versions (1.0.1+): the `scores` matrix now contains factor scores, the `V` matrix is UNSCALED scores.
For users of newer versions (1.0.1+): the `scores` matrix now contains factor scores.
[1] -2530743
[1] 250
[1] 1
Iteration:  1 . Objective= -220184 
[1] 1
[1] 1
[1] 25.25942
[1] 86.22312
[1] 2
Iteration:  2 . Objective= -218329.2 
[1] 2
[1] 1
[1] 25.61288
[1] 86.81334
[1] 3
Iteration:  3 . Objective= -216393.7 
[1] 3
[1] 1.05
[1] 26.13415
[1] 87.38793
[1] 4
Iteration:  4 . Objective= -214406.5 
[1] 4
[1] 1.1025
[1] 26.91583
[1] 87.93996
[1] 5
Iteration:  5 . Objective= -212416.7 
[1] 5
[1] 1.157625
[1] 28.08376
[1] 88.42413
[1] 6
Iteration:  6 . Objective= -210452.7 
[1] 6
[1] 1.215506
[1] 29.71908
[1] 88.79996
[1] 7
Iteration:  7 . Objective= -208526.1 
[1] 7
[1] 1.276282
[1] 31.8008
[1] 89.04498
[1] 8
Iteration:  8 . Objective= -206653.6 
[1] 8
[1] 1.340096
[1] 34.28222
[1] 89.15825
[1] 9
Iteration:  9 . Objective= -204857.2 
[1] 9
[1] 1.4071
[1] 37.15885
[1] 89.15878
[1] 10
Iteration:  10 . Objective= -203142.5 
[1] 10
[1] 1.477455
[1] 40.4969
[1] 89.08042
[1] 11
Iteration:  11 . Objective= -201499.7 
[1] 11
[1] 1.551328
[1] 44.31408
[1] 88.96461
[1] 12
Iteration:  12 . Objective= -199920.2 
[1] 12
[1] 1.628895
[1] 48.40101
[1] 88.85157
[1] 13
Iteration:  13 . Objective= -198401.8 
[1] 13
[1] 1.710339
[1] 52.5951
[1] 88.77032
[1] 14
Iteration:  14 . Objective= -196941.1 
[1] 14
[1] 1.795856
[1] 56.8469
[1] 88.72979
[1] 15
Iteration:  15 . Objective= -195529.4 
[1] 15
[1] 1.885649
[1] 61.15029
[1] 88.71534
[1] 16
Iteration:  16 . Objective= -194159 
[1] 16
[1] 1.979932
[1] 65.51612
[1] 88.69475
[1] 17
Iteration:  17 . Objective= -192826 
[1] 17
[1] 2.078928
[1] 69.96509
[1] 88.63333
[1] 18
Iteration:  18 . Objective= -191525.1 
[1] 18
[1] 2.182875
[1] 74.52635
[1] 88.5114
[1] 19
Iteration:  19 . Objective= -190250.4 
[1] 19
[1] 2.292018
[1] 79.2375
[1] 88.33354
[1] 20
Iteration:  20 . Objective= -188997.4 
[1] 20
[1] 2.406619
[1] 84.13943
[1] 88.12302
[1] 21
Iteration:  21 . Objective= -187761.5 
[1] 21
[1] 2.52695
[1] 89.26102
[1] 87.90374
[1] 22
Iteration:  22 . Objective= -186538.4 
[1] 22
[1] 2.653298
[1] 94.60819
[1] 87.67982
[1] 23
Iteration:  23 . Objective= -185325.8 
[1] 23
[1] 2.785963
[1] 100.1697
[1] 87.42563
[1] 24
Iteration:  24 . Objective= -184121.9 
[1] 24
[1] 2.925261
[1] 105.9262
[1] 87.09438
[1] 25
Iteration:  25 . Objective= -182923.5 
[1] 25
[1] 3.071524
[1] 111.8564
[1] 86.64218
[1] 26
Iteration:  26 . Objective= -181727.9 
[1] 26
[1] 3.2251
[1] 117.9432
[1] 86.05226
[1] 27
Iteration:  27 . Objective= -180532.4 
[1] 27
[1] 3.386355
[1] 124.1803
[1] 85.34455
[1] 28
Iteration:  28 . Objective= -179335.2 
[1] 28
[1] 3.555673
[1] 130.5702
[1] 84.57057
[1] 29
Iteration:  29 . Objective= -178135.5 
[1] 29
[1] 3.733456
[1] 137.1169
[1] 83.80648
[1] 30
Iteration:  30 . Objective= -176932.5 
[1] 30
[1] 3.920129
[1] 143.8207
[1] 83.14771
[1] 31
Iteration:  31 . Objective= -175726.4 
[1] 31
[1] 4.116136
[1] 150.6797
[1] 82.67961
[1] 32
Iteration:  32 . Objective= -174516.5 
[1] 32
[1] 4.321942
[1] 157.695
[1] 82.41175
[1] 33
Iteration:  33 . Objective= -173303 
[1] 33
[1] 4.538039
[1] 164.8688
[1] 82.23786
[1] 34
Iteration:  34 . Objective= -172086.6 
[1] 34
[1] 4.764941
[1] 172.1986
[1] 82.00607
[1] 35
Iteration:  35 . Objective= -170868.2 
[1] 35
[1] 5.003189
[1] 179.6777
[1] 81.66683
[1] 36
Iteration:  36 . Objective= -169648.3 
[1] 36
[1] 5.253348
[1] 187.3006
[1] 81.34388
[1] 37
Iteration:  37 . Objective= -168427.8 
[1] 37
[1] 5.516015
[1] 195.0642
[1] 81.22082
[1] 38
Iteration:  38 . Objective= -167207.8 
[1] 38
[1] 5.791816
[1] 202.9649
[1] 81.33611
[1] 39
Iteration:  39 . Objective= -165989.9 
[1] 39
[1] 6.081407
[1] 210.9973
[1] 81.52666
[1] 40
Iteration:  40 . Objective= -164776 
[1] 40
[1] 6.385477
[1] 219.1599
[1] 81.60253
[1] 41
Iteration:  41 . Objective= -163568.1 
[1] 41
[1] 6.704751
[1] 227.4552
[1] 81.53738
[1] 42
Iteration:  42 . Objective= -162367.7 
[1] 42
[1] 7.039989
[1] 235.8856
[1] 81.45112
[1] 43
Iteration:  43 . Objective= -161175.9 
[1] 43
[1] 7.391988
[1] 244.4522
[1] 81.4264
[1] 44
Iteration:  44 . Objective= -159993.7 
[1] 44
[1] 7.761588
[1] 253.1567
[1] 81.40354
[1] 45
Iteration:  45 . Objective= -158822.3 
[1] 45
[1] 8.149667
[1] 261.9997
[1] 81.2898
[1] 46
Iteration:  46 . Objective= -157662.7 
[1] 46
[1] 8.55715
[1] 270.9816
[1] 81.11798
[1] 47
Iteration:  47 . Objective= -156516.1 
[1] 47
[1] 8.985008
[1] 280.1076
[1] 81.01388
[1] 48
Iteration:  48 . Objective= -155383.5 
[1] 48
[1] 9.434258
[1] 289.387
[1] 81.01668
[1] 49
Iteration:  49 . Objective= -154265.9 
[1] 49
[1] 9.905971
[1] 298.8255
[1] 81.03519
[1] 50
Iteration:  50 . Objective= -153165.2 
[1] 50
[1] 10.40127
[1] 308.4269
[1] 81.00543
[1] 51
Iteration:  51 . Objective= -152083.3 
[1] 51
[1] 10.92133
[1] 318.1983
[1] 80.99125
[1] 52
Iteration:  52 . Objective= -151021.8 
[1] 52
[1] 11.4674
[1] 328.1427
[1] 81.08485
[1] 53
Iteration:  53 . Objective= -149982.4 
[1] 53
[1] 12.04077
[1] 338.2557
[1] 81.27162
[1] 54
Iteration:  54 . Objective= -148966.8 
[1] 54
[1] 12.64281
[1] 348.5316
[1] 81.4369
[1] 55
Iteration:  55 . Objective= -147976.3 
[1] 55
[1] 13.27495
[1] 358.966
[1] 81.50399
[1] 56
Iteration:  56 . Objective= -147012 
[1] 56
[1] 13.9387
[1] 369.5574
[1] 81.53123
[1] 57
Iteration:  57 . Objective= -146075.1 
[1] 57
[1] 14.63563
[1] 380.3091
[1] 81.60324
[1] 58
Iteration:  58 . Objective= -145169.6 
[1] 58
[1] 15.36741
[1] 391.2191
[1] 81.68049
[1] 59
Iteration:  59 . Objective= -144330.7 
[1] 59
[1] 16.13578
[1] 402.2913
[1] 81.64652
[1] 60
Iteration:  60 . Objective= -143922.8 
[1] 60
[1] 16.94257
[1] 413.3064
[1] 124.2676
[1] 61
Iteration:  61 . Objective= -143863.3 
[1] 61
[1] 17.7897
[1] 424.34
[1] 104.8508
[1] 62
Iteration:  62 . Objective= -143646.7 
[1] 62
[1] 18.67919
[1] 435.1269
[1] 236.2849
[1] 63
Iteration:  63 . Objective= -142046.3 
[1] 63
[1] 19.61315
[1] 445.8706
[1] 116.072
[1] 64
[1] 65
Iteration:  65 . Objective= -142046.3 
[1] 65
[1] 10.2969
[1] 435.2331
[1] 116.072
[1] 66
Iteration:  66 . Objective= -142022.3 
[1] 66
[1] 10.81175
[1] 435.4831
[1] 108.0135
[1] 67
Iteration:  67 . Objective= -141425.4 
[1] 67
[1] 11.35233
[1] 435.9388
[1] 90.74811
[1] 68
[1] 69
Iteration:  69 . Objective= -141425.4 
[1] 69
[1] 5.959975
[1] 435.5467
[1] 90.74811
[1] 70
Iteration:  70 . Objective= -141273.5 
[1] 70
[1] 6.257974
[1] 435.6767
[1] 89.39507
[1] 71
[1] 72
Iteration:  72 . Objective= -141273.5 
[1] 72
[1] 3.285436
[1] 435.5338
[1] 89.39507
[1] 73
Iteration:  73 . Objective= -141089.3 
[1] 73
[1] 3.449708
[1] 435.5237
[1] 81.38725
[1] 74
[1] 75
Iteration:  75 . Objective= -141089.3 
[1] 75
[1] 1.811097
[1] 435.4872
[1] 81.38725
[1] 76
Iteration:  76 . Objective= -141081.8 
[1] 76
[1] 1.901652
[1] 435.399
[1] 81.36479
[1] 77
Iteration:  77 . Objective= -141072.7 
[1] 77
[1] 1.996734
[1] 435.2744
[1] 81.32736
[1] 78
Iteration:  78 . Objective= -141064.4 
[1] 78
[1] 2.096571
[1] 435.1186
[1] 81.28675
[1] 79
Iteration:  79 . Objective= -141051.8 
[1] 79
[1] 2.201399
[1] 434.9367
[1] 81.25681
[1] 80
Iteration:  80 . Objective= -141030.7 
[1] 80
[1] 2.311469
[1] 434.7341
[1] 81.25055
[1] 81
Iteration:  81 . Objective= -141005.9 
[1] 81
[1] 2.427043
[1] 434.5156
[1] 81.27687
[1] 82
Iteration:  82 . Objective= -140981.5 
[1] 82
[1] 2.548395
[1] 434.2863
[1] 81.33738
[1] 83
Iteration:  83 . Objective= -140953.3 
[1] 83
[1] 2.675815
[1] 434.0516
[1] 81.42482
[1] 84
Iteration:  84 . Objective= -140917.5 
[1] 84
[1] 2.809606
[1] 433.8175
[1] 81.52405
[1] 85
Iteration:  85 . Objective= -140878.9 
[1] 85
[1] 2.950086
[1] 433.5908
[1] 81.61559
[1] 86
Iteration:  86 . Objective= -140840.1 
[1] 86
[1] 3.09759
[1] 433.3783
[1] 81.68072
[1] 87
Iteration:  87 . Objective= -140795.9 
[1] 87
[1] 3.25247
[1] 433.1869
[1] 81.70725
[1] 88
Iteration:  88 . Objective= -140745.8 
[1] 88
[1] 3.415093
[1] 433.0236
[1] 81.69427
[1] 89
Iteration:  89 . Objective= -140695.3 
[1] 89
[1] 3.585848
[1] 432.8955
[1] 81.65336
[1] 90
Iteration:  90 . Objective= -140641.1 
[1] 90
[1] 3.76514
[1] 432.8102
[1] 81.60522
[1] 91
Iteration:  91 . Objective= -140580.2 
[1] 91
[1] 3.953397
[1] 432.7763
[1] 81.57267
[1] 92
Iteration:  92 . Objective= -140517.6 
[1] 92
[1] 4.151067
[1] 432.8029
[1] 81.57133
[1] 93
Iteration:  93 . Objective= -140451.1 
[1] 93
[1] 4.35862
[1] 432.8994
[1] 81.60177
[1] 94
Iteration:  94 . Objective= -140377.6 
[1] 94
[1] 4.576551
[1] 433.0748
[1] 81.64775
[1] 95
Iteration:  95 . Objective= -140301.6 
[1] 95
[1] 4.805379
[1] 433.3383
[1] 81.6816
[1] 96
Iteration:  96 . Objective= -140219.6 
[1] 96
[1] 5.045648
[1] 433.6995
[1] 81.67626
[1] 97
Iteration:  97 . Objective= -140130.5 
[1] 97
[1] 5.29793
[1] 434.1696
[1] 81.62064
[1] 98
Iteration:  98 . Objective= -140037.5 
[1] 98
[1] 5.562827
[1] 434.7603
[1] 81.52874
[1] 99
Iteration:  99 . Objective= -139935.1 
[1] 99
[1] 5.840968
[1] 435.4833
[1] 81.43651
[1] 100
Iteration:  100 . Objective= -139826.6 
[1] 100
[1] 6.133016
[1] 436.3499
[1] 81.38417
[1] 101
Iteration:  101 . Objective= -139709.5 
[1] 101
[1] 6.439667
[1] 437.3719
[1] 81.38906
[1] 102
Iteration:  102 . Objective= -139582.6 
[1] 102
[1] 6.761651
[1] 438.5618
[1] 81.43142
[1] 103
Iteration:  103 . Objective= -139447.6 
[1] 103
[1] 7.099733
[1] 439.9326
[1] 81.46579
[1] 104
Iteration:  104 . Objective= -139300.1 
[1] 104
[1] 7.45472
[1] 441.4966
[1] 81.45517
[1] 105
Iteration:  105 . Objective= -139143.6 
[1] 105
[1] 7.827456
[1] 443.2668
[1] 81.40193
[1] 106
Iteration:  106 . Objective= -138972.9 
[1] 106
[1] 8.218829
[1] 445.2571
[1] 81.34627
[1] 107
Iteration:  107 . Objective= -138792 
[1] 107
[1] 8.62977
[1] 447.4815
[1] 81.33613
[1] 108
Iteration:  108 . Objective= -138595.7 
[1] 108
[1] 9.061259
[1] 449.9525
[1] 81.38795
[1] 109
Iteration:  109 . Objective= -138388 
[1] 109
[1] 9.514321
[1] 452.6828
[1] 81.47179
[1] 110
Iteration:  110 . Objective= -138164.6 
[1] 110
[1] 9.990038
[1] 455.6864
[1] 81.52894
[1] 111
Iteration:  111 . Objective= -137928.5 
[1] 111
[1] 10.48954
[1] 458.9765
[1] 81.52378
[1] 112
Iteration:  112 . Objective= -137678.2 
[1] 112
[1] 11.01402
[1] 462.5651
[1] 81.4847
[1] 113
Iteration:  113 . Objective= -137413.5 
[1] 113
[1] 11.56472
[1] 466.4657
[1] 81.47981
[1] 114
Iteration:  114 . Objective= -137137 
[1] 114
[1] 12.14295
[1] 470.6904
[1] 81.53549
[1] 115
Iteration:  115 . Objective= -136846.9 
[1] 115
[1] 12.7501
[1] 475.2479
[1] 81.60067
[1] 116
Iteration:  116 . Objective= -136544.8 
[1] 116
[1] 13.38761
[1] 480.149
[1] 81.6102
[1] 117
Iteration:  117 . Objective= -136233.1 
[1] 117
[1] 14.05699
[1] 485.4032
[1] 81.55715
[1] 118
Iteration:  118 . Objective= -135911.8 
[1] 118
[1] 14.75984
[1] 491.0157
[1] 81.50654
[1] 119
Iteration:  119 . Objective= -135581.1 
[1] 119
[1] 15.49783
[1] 496.9946
[1] 81.52146
[1] 120
Iteration:  120 . Objective= -135243.3 
[1] 120
[1] 16.27272
[1] 503.3415
[1] 81.5666
[1] 121
Iteration:  121 . Objective= -134901.1 
[1] 121
[1] 17.08635
[1] 510.0579
[1] 81.56748
[1] 122
Iteration:  122 . Objective= -134565.1 
[1] 122
[1] 17.94067
[1] 517.1451
[1] 81.51099
[1] 123
Iteration:  123 . Objective= -134370.9 
[1] 123
[1] 18.83771
[1] 524.5431
[1] 89.53448
[1] 124
[1] 125
Iteration:  125 . Objective= -134370.9 
[1] 125
[1] 9.889796
[1] 517.328
[1] 89.53448
[1] 126
[1] 127
Iteration:  127 . Objective= -134370.9 
[1] 127
[1] 5.192143
[1] 517.1936
[1] 89.53448
[1] 128
Iteration:  128 . Objective= -134262.5 
[1] 128
[1] 5.45175
[1] 517.3131
[1] 81.47052
[1] 129
[1] 130
Iteration:  130 . Objective= -134262.5 
[1] 130
[1] 2.862169
[1] 517.1839
[1] 81.47052
[1] 131
Iteration:  131 . Objective= -134199.2 
[1] 131
[1] 3.005277
[1] 517.1694
[1] 81.46137
[1] 132
[1] 133
Iteration:  133 . Objective= -134199.2 
[1] 133
[1] 1.57777
[1] 517.1337
[1] 81.46137
[1] 134
[1] 135
       1        2        3        4        5        6        7        8 
517.1337 446.5772 419.5586 358.8444 353.1780 343.5779 343.4306 341.2699 
       9       10       11       12       13       14       15       16 
335.8085 332.8913 329.3675 324.9747 320.3472 316.8539 313.9262 311.8694 
      17       18       19       20 
306.3806 297.6064 289.7376 285.8938 
For users of newer versions (1.0.1+): the `scores` matrix now contains factor scores, the `V` matrix is UNSCALED scores.
For users of newer versions (1.0.1+): the `scores` matrix now contains factor scores.
[1] -2565874
Warning messages:
1: In gbm.sc(Y.sub, M = M, tol = tol, max.iter = max.iter, order.by.deviance = order.by.deviance) :
  Maximum number of iterations reached (increase max.iter).
              Possible non-convergence.
2: In gbm.sc(Y.sub, M = M, tol = tol, max.iter = max.iter, order.by.deviance = order.by.deviance) :
  Maximum number of iterations reached (increase max.iter).
              Possible non-convergence.
3: In gbm.sc(Y.sub, M = M, tol = tol, max.iter = max.iter, order.by.deviance = order.by.deviance) :
  Maximum number of iterations reached (increase max.iter).
              Possible non-convergence.
4: In gbm.sc(Y.sub, M = M, tol = tol, max.iter = max.iter, order.by.deviance = order.by.deviance) :
  Maximum number of iterations reached (increase max.iter).
              Possible non-convergence.
5: In gbm.sc(Y.sub, M = M, tol = tol, max.iter = max.iter, order.by.deviance = order.by.deviance) :
  Maximum number of iterations reached (increase max.iter).
              Possible non-convergence.
[1] "STARTING"
2.466855 -2683278 
7.472318 -2683278 
12.41535 -2683278 
16.95701 -2683278 
21.19254 -2683278 
25.57731 -102852989 
30.50883 -1.943958e+275 
37.99128 NaN 
44.54993 -2683278 
49.45411 -2683278 
53.53414 -2683278 
57.81211 -2683278 
62.34691 -2683278 
66.68546 -2683279 
70.89696 -2686315 
76.22079 -2712431 
80.72668 -2717159 
85.25994 -2714906 
90.56066 -2711490 
95.00333 -2705447 
100.5057 -2693333 
104.9838 -2672220 
109.4976 -2643361 
115.022 -2614613 
119.3818 -2592987 
123.6847 -2572864 
127.6232 -2551235 
131.8665 -2533278 
135.9747 -2518278 
140.2362 -2504076 
145.158 -2488375 
149.8247 -2471930 
154.076 -2457967 
158.9811 -2447958 
163.3409 -2440881 
167.362 -2435225 
171.4771 -2430347 
176.2935 -2426639 
180.499 -2424428 
185.2587 -2423163 
189.5363 -2422407 
194.0603 -2422480 
[1] "STARTING"
Trying Fisher scoring with penalty: 1
1.930106 -2683278 
Iteration: 1 | deviance=6.218e+06
59.6044 -2683274 
Iteration: 2 | deviance=6.218e+06
115.4381 -2477811 
Iteration: 3 | deviance=5.684e+06
173.2675 -2412908 
Iteration: 4 | deviance=5.379e+06
227.6946 -2423405 
Iteration: 5 | deviance=5.293e+06
283.1233 -2431721 
Iteration: 6 | deviance=5.254e+06
340.6091 -2436798 
Iteration: 7 | deviance=5.234e+06
396.5364 -2440236 
Iteration: 8 | deviance=5.22e+06
452.9339 -2442803 
Iteration: 9 | deviance=5.211e+06
508.2428 -2444834 
Iteration: 10 | deviance=5.204e+06
564.7307 -2446488 
Iteration: 11 | deviance=5.199e+06
622.2503 -2447860 
Iteration: 12 | deviance=5.195e+06
678.0725 -2449012 
Iteration: 13 | deviance=5.191e+06
736.2019 -2449990 
Iteration: 14 | deviance=5.188e+06
794.6399 -2450829 
Iteration: 15 | deviance=5.186e+06
852.8415 -2451556 
Iteration: 16 | deviance=5.184e+06
910.8966 -2452190 
Iteration: 17 | deviance=5.182e+06
968.1699 -2452749 
Iteration: 18 | deviance=5.18e+06
1024.359 -2453244 
Iteration: 19 | deviance=5.179e+06
1084.508 -2453686 
Iteration: 20 | deviance=5.177e+06
1142.575 -2454083 
Iteration: 21 | deviance=5.176e+06
1197.272 -2454442 
Iteration: 22 | deviance=5.175e+06
1251.26 -2454768 
Iteration: 23 | deviance=5.174e+06
1307.566 -2455065 
Iteration: 24 | deviance=5.173e+06
1365.211 -2455338 
Iteration: 25 | deviance=5.172e+06
1422.526 -2455590 
Iteration: 26 | deviance=5.172e+06
1478.212 -2455823 
Iteration: 27 | deviance=5.171e+06
1533.897 -2456039 
Iteration: 28 | deviance=5.17e+06
1589.251 -2456241 
Iteration: 29 | deviance=5.17e+06
1644.854 -2456429 
Iteration: 30 | deviance=5.169e+06
1704.19 -2456606 
[1] "STARTING"
Trying AvaGrad with learning rate: 0.1
2.361642 -2.017006e+147 
Iteration: 1 | deviance=4.028e+148
Trying AvaGrad with learning rate: 0.02
12.90304 -3777548 
Iteration: 1 | deviance=7.759e+06
15.24206 -3314901 
Iteration: 2 | deviance=7.125e+06
17.66662 -2.545276e+76 
Iteration: 3 | deviance=5.083e+77
Trying AvaGrad with learning rate: 0.004
27.94411 -2781122 
Iteration: 1 | deviance=6.404e+06
30.27812 -2770463 
Iteration: 2 | deviance=6.336e+06
32.59411 -2761536 
Iteration: 3 | deviance=6.316e+06
34.91793 -2754399 
Iteration: 4 | deviance=6.351e+06
37.30971 -2748176 
Iteration: 5 | deviance=6.309e+06
39.59599 -2739689 
Iteration: 6 | deviance=6.286e+06
41.97539 -2722551 
Iteration: 7 | deviance=6.32e+06
44.26989 -2688803 
Iteration: 8 | deviance=6.445e+06
46.59759 -2642438 
Iteration: 9 | deviance=5.974e+06
48.89403 -2610451 
Iteration: 10 | deviance=6.059e+06
51.20722 -2579712 
Iteration: 11 | deviance=5.804e+06
53.49147 -2536738 
Iteration: 12 | deviance=5.802e+06
55.8438 -2509225 
Iteration: 13 | deviance=5.764e+06
58.93507 -2490052 
Iteration: 14 | deviance=5.917e+06
61.39751 -2470552 
Iteration: 15 | deviance=5.6e+06
63.67531 -2449756 
Iteration: 16 | deviance=5.659e+06
65.92697 -2433517 
Iteration: 17 | deviance=5.488e+06
68.22726 -2420929 
Iteration: 18 | deviance=5.812e+06
70.49523 -2409446 
Iteration: 19 | deviance=5.6e+06
72.79797 -2400680 
Iteration: 20 | deviance=5.751e+06
75.0651 -2395271 
Iteration: 21 | deviance=5.585e+06
77.35736 -2392741 
Iteration: 22 | deviance=5.553e+06
79.64347 -2391649 
Iteration: 23 | deviance=5.522e+06
81.89479 -2390971 
Iteration: 24 | deviance=5.381e+06
84.23521 -2390995 
Iteration: 25 | deviance=5.418e+06
86.52732 -2391939 
Iteration: 26 | deviance=5.342e+06
88.80233 -2393936 
Iteration: 27 | deviance=5.457e+06
91.04206 -2396563 
Iteration: 28 | deviance=5.253e+06
93.2906 -2399463 
Iteration: 29 | deviance=5.44e+06
95.53506 -2402011 
Iteration: 30 | deviance=5.489e+06
97.79831 -2405055 
Iteration: 31 | deviance=5.349e+06
100.1414 -2408634 
Iteration: 32 | deviance=5.355e+06
102.3938 -2412501 
Iteration: 33 | deviance=5.417e+06
104.657 -2417658 
Iteration: 34 | deviance=5.334e+06
106.9606 -2422779 
Iteration: 35 | deviance=5.352e+06
109.2104 -2428904 
Iteration: 36 | deviance=5.24e+06
111.4624 -2435314 
Iteration: 37 | deviance=5.329e+06
113.7932 -2441646 
Iteration: 38 | deviance=5.42e+06
116.0893 -2446338 
Iteration: 39 | deviance=5.277e+06
118.4072 -2451381 
Iteration: 40 | deviance=5.333e+06
120.7072 -2455093 
Iteration: 41 | deviance=5.344e+06
123.0378 -2457559 
Iteration: 42 | deviance=5.245e+06
125.3833 -2460219 
Iteration: 43 | deviance=5.343e+06
127.7062 -2461780 
Iteration: 44 | deviance=5.159e+06
129.9745 -2463754 
Iteration: 45 | deviance=5.277e+06
